date,player,creator,projection,actual,error,absError,quality
2026-06-04,Aaliyah Nye,OTHER,0.2,0,-0.2,0.2,GOLD
2026-06-06,Aaliyah Nye,OTHER,0.2,0,-0.2,0.2,GOLD
2026-06-09,Aaliyah Nye,OTHER,0.2,0,-0.2,0.2,GOLD
2026-06-11,Aaliyah Nye,OTHER,0.2,1,0.8,0.8,GOLD
2026-06-14,Aaliyah Nye,OTHER,0.2,0,-0.2,0.2,GOLD
2026-07-11,Aaliyah Nye,OTHER,0.2,0,-0.2,0.2,GOLD
2026-07-17,Aaliyah Nye,OTHER,0.2,0,-0.2,0.2,GOLD
2026-08-03,Aaliyah Nye,OTHER,0.2,0,-0.2,0.2,GOLD
2026-08-05,Aaliyah Nye,OTHER,0.2,0,-0.2,0.2,GOLD
2026-06-17,Aicha Coulibaly,OTHER,0.8,1,0.19999999999999996,0.19999999999999996,GOLD
2026-06-24,Aicha Coulibaly,OTHER,0.8,1,0.19999999999999996,0.19999999999999996,GOLD
2026-06-28,Aicha Coulibaly,OTHER,0.8,0,-0.8,0.8,GOLD
2026-07-03,Aicha Coulibaly,OTHER,0.7,0,-0.7,0.7,GOLD
2026-07-07,Aicha Coulibaly,OTHER,0.6,1,0.4,0.4,GOLD
2026-07-10,Aicha Coulibaly,OTHER,0.6,0,-0.6,0.6,GOLD
2026-07-17,Aicha Coulibaly,OTHER,0.5,0,-0.5,0.5,GOLD
2026-07-19,Aicha Coulibaly,OTHER,0.3,0,-0.3,0.3,GOLD
2026-07-22,Aicha Coulibaly,OTHER,0.3,0,-0.3,0.3,GOLD
2026-07-30,Aicha Coulibaly,OTHER,0.3,1,0.7,0.7,GOLD
2026-08-01,Aicha Coulibaly,OTHER,0.3,0,-0.3,0.3,GOLD
2026-08-03,Aicha Coulibaly,OTHER,0.3,0,-0.3,0.3,GOLD
2026-08-05,Aicha Coulibaly,OTHER,0.3,1,0.7,0.7,GOLD
2026-08-08,Aicha Coulibaly,OTHER,0.4,4,3.6,3.6,GOLD
2026-08-10,Aicha Coulibaly,OTHER,1,0,-1,1,GOLD
2026-06-06,A'ja Wilson,OTHER,2.6,3,0.3999999999999999,0.3999999999999999,GOLD
2026-06-08,A'ja Wilson,OTHER,2.9,9,6.1,6.1,GOLD
2026-06-11,A'ja Wilson,SECONDARY,3.9,4,0.10000000000000009,0.10000000000000009,GOLD
2026-06-13,A'ja Wilson,SECONDARY,4.1,1,-3.0999999999999996,3.0999999999999996,GOLD
2026-06-15,A'ja Wilson,SECONDARY,3.6,2,-1.6,1.6,GOLD
2026-06-17,A'ja Wilson,SECONDARY,3.7,3,-0.7000000000000002,0.7000000000000002,GOLD
2026-06-21,A'ja Wilson,SECONDARY,3.7,3,-0.7000000000000002,0.7000000000000002,GOLD
2026-06-23,A'ja Wilson,SECONDARY,2.9,5,2.1,2.1,GOLD
2026-06-25,A'ja Wilson,SECONDARY,3.1,0,-3.1,3.1,GOLD
2026-06-28,A'ja Wilson,SECONDARY,2.9,1,-1.9,1.9,GOLD
2026-07-09,A'ja Wilson,OTHER,2.6,3,0.3999999999999999,0.3999999999999999,GOLD
2026-07-11,A'ja Wilson,OTHER,2.6,3,0.3999999999999999,0.3999999999999999,GOLD
2026-07-12,A'ja Wilson,OTHER,2.6,2,-0.6000000000000001,0.6000000000000001,GOLD
2026-07-20,A'ja Wilson,OTHER,2.2,4,1.7999999999999998,1.7999999999999998,GOLD
2026-07-22,A'ja Wilson,OTHER,2.7,5,2.3,2.3,GOLD
2026-07-25,A'ja Wilson,SECONDARY,3.4,1,-2.4,2.4,GOLD
2026-07-28,A'ja Wilson,OTHER,3,4,1,1,GOLD
2026-07-30,A'ja Wilson,SECONDARY,3.2,6,2.8,2.8,GOLD
2026-08-01,A'ja Wilson,SECONDARY,3.8,4,0.20000000000000018,0.20000000000000018,GOLD
2026-08-03,A'ja Wilson,SECONDARY,3.8,4,0.20000000000000018,0.20000000000000018,GOLD
2026-08-06,A'ja Wilson,SECONDARY,3.7,3,-0.7000000000000002,0.7000000000000002,GOLD
2026-08-08,A'ja Wilson,SECONDARY,3.9,1,-2.9,2.9,GOLD
2026-08-11,A'ja Wilson,SECONDARY,3.5,2,-1.5,1.5,GOLD
2026-06-02,Allisha Gray,OTHER,1.2,2,0.8,0.8,GOLD
2026-06-04,Allisha Gray,OTHER,1.4,2,0.6000000000000001,0.6000000000000001,GOLD
2026-06-06,Allisha Gray,OTHER,1.5,5,3.5,3.5,GOLD
2026-06-09,Allisha Gray,OTHER,2.3,1,-1.2999999999999998,1.2999999999999998,GOLD
2026-06-11,Allisha Gray,OTHER,2,2,0,0,GOLD
2026-06-14,Allisha Gray,OTHER,2.2,7,4.8,4.8,GOLD
2026-06-18,Allisha Gray,OTHER,3,3,0,0,GOLD
2026-06-20,Allisha Gray,OTHER,3.1,1,-2.1,2.1,GOLD
2026-06-22,Allisha Gray,OTHER,2.6,3,0.3999999999999999,0.3999999999999999,GOLD
2026-06-24,Allisha Gray,OTHER,2.8,0,-2.8,2.8,GOLD
2026-06-26,Allisha Gray,OTHER,2.5,2,-0.5,0.5,GOLD
2026-06-27,Allisha Gray,OTHER,1.9,2,0.10000000000000009,0.10000000000000009,GOLD
2026-07-02,Allisha Gray,OTHER,1.8,3,1.2,1.2,GOLD
2026-07-04,Allisha Gray,OTHER,2.1,3,0.8999999999999999,0.8999999999999999,GOLD
2026-07-09,Allisha Gray,OTHER,2.1,5,2.9,2.9,GOLD
2026-07-11,Allisha Gray,OTHER,2.7,2,-0.7000000000000002,0.7000000000000002,GOLD
2026-07-13,Allisha Gray,OTHER,2.7,2,-0.7000000000000002,0.7000000000000002,GOLD
2026-07-17,Allisha Gray,OTHER,2.7,2,-0.7000000000000002,0.7000000000000002,GOLD
2026-07-19,Allisha Gray,OTHER,2.6,3,0.3999999999999999,0.3999999999999999,GOLD
2026-07-25,Allisha Gray,OTHER,2.6,2,-0.6000000000000001,0.6000000000000001,GOLD
2026-07-29,Allisha Gray,OTHER,2.2,2,-0.20000000000000018,0.20000000000000018,GOLD
2026-07-31,Allisha Gray,OTHER,2.2,2,-0.20000000000000018,0.20000000000000018,GOLD
2026-08-03,Allisha Gray,OTHER,2.2,2,-0.20000000000000018,0.20000000000000018,GOLD
2026-08-05,Allisha Gray,OTHER,2.2,3,0.7999999999999998,0.7999999999999998,GOLD
2026-08-07,Allisha Gray,OTHER,2.2,2,-0.20000000000000018,0.20000000000000018,GOLD
2026-08-10,Allisha Gray,OTHER,2.2,5,2.8,2.8,GOLD
2026-06-04,Anastasiia Olairi Kosu,OTHER,0.2,0,-0.2,0.2,GOLD
2026-06-06,Anastasiia Olairi Kosu,OTHER,0.2,1,0.8,0.8,GOLD
2026-06-09,Anastasiia Olairi Kosu,OTHER,0.4,2,1.6,1.6,GOLD
2026-06-13,Anastasiia Olairi Kosu,OTHER,0.6,0,-0.6,0.6,GOLD
2026-06-15,Anastasiia Olairi Kosu,OTHER,0.5,3,2.5,2.5,GOLD
2026-06-17,Anastasiia Olairi Kosu,OTHER,1,1,0,0,GOLD
2026-06-19,Anastasiia Olairi Kosu,OTHER,1.1,0,-1.1,1.1,GOLD
2026-06-21,Anastasiia Olairi Kosu,OTHER,1,0,-1,1,GOLD
2026-06-24,Anastasiia Olairi Kosu,OTHER,0.7,0,-0.7,0.7,GOLD
2026-06-28,Anastasiia Olairi Kosu,OTHER,0.7,0,-0.7,0.7,GOLD
2026-07-03,Anastasiia Olairi Kosu,OTHER,0.3,3,2.7,2.7,GOLD
2026-07-06,Anastasiia Olairi Kosu,OTHER,0.6,0,-0.6,0.6,GOLD
2026-07-08,Anastasiia Olairi Kosu,OTHER,0.6,3,2.4,2.4,GOLD
2026-07-11,Anastasiia Olairi Kosu,OTHER,1,0,-1,1,GOLD
2026-07-13,Anastasiia Olairi Kosu,OTHER,1.1,0,-1.1,1.1,GOLD
2026-07-15,Anastasiia Olairi Kosu,OTHER,1,1,0,0,GOLD
2026-07-18,Anastasiia Olairi Kosu,OTHER,0.8,0,-0.8,0.8,GOLD
2026-07-20,Anastasiia Olairi Kosu,OTHER,0.8,1,0.19999999999999996,0.19999999999999996,GOLD
2026-07-30,Anastasiia Olairi Kosu,OTHER,0.5,0,-0.5,0.5,GOLD
2026-06-02,Angel Reese,SECONDARY,3.9,5,1.1,1.1,GOLD
2026-06-04,Angel Reese,SECONDARY,4.2,3,-1.2000000000000002,1.2000000000000002,GOLD
2026-06-06,Angel Reese,SECONDARY,4.3,0,-4.3,4.3,GOLD
2026-06-09,Angel Reese,SECONDARY,3.6,4,0.3999999999999999,0.3999999999999999,GOLD
2026-06-11,Angel Reese,SECONDARY,3.5,3,-0.5,0.5,GOLD
2026-06-14,Angel Reese,SECONDARY,3.3,1,-2.3,2.3,GOLD
2026-06-18,Angel Reese,SECONDARY,2.7,1,-1.7000000000000002,1.7000000000000002,GOLD
2026-06-20,Angel Reese,SECONDARY,2.3,1,-1.2999999999999998,1.2999999999999998,GOLD
2026-06-22,Angel Reese,OTHER,2.3,2,-0.2999999999999998,0.2999999999999998,GOLD
2026-06-24,Angel Reese,OTHER,2.1,4,1.9,1.9,GOLD
2026-06-26,Angel Reese,OTHER,2.2,0,-2.2,2.2,GOLD
2026-06-27,Angel Reese,OTHER,2,0,-2,2,GOLD
2026-07-02,Angel Reese,OTHER,1.8,3,1.2,1.2,GOLD
2026-07-04,Angel Reese,OTHER,2.1,3,0.8999999999999999,0.8999999999999999,GOLD
2026-07-09,Angel Reese,OTHER,2.2,2,-0.20000000000000018,0.20000000000000018,GOLD
2026-07-13,Angel Reese,OTHER,2,2,0,0,GOLD
2026-07-17,Angel Reese,OTHER,2.2,2,-0.20000000000000018,0.20000000000000018,GOLD
2026-07-19,Angel Reese,OTHER,2.4,1,-1.4,1.4,GOLD
2026-07-25,Angel Reese,OTHER,2.2,4,1.7999999999999998,1.7999999999999998,GOLD
2026-07-29,Angel Reese,OTHER,2.3,4,1.7000000000000002,1.7000000000000002,GOLD
2026-07-31,Angel Reese,OTHER,2.6,2,-0.6000000000000001,0.6000000000000001,GOLD
2026-08-03,Angel Reese,OTHER,2.6,2,-0.6000000000000001,0.6000000000000001,GOLD
2026-08-05,Angel Reese,OTHER,2.6,4,1.4,1.4,GOLD
2026-08-07,Angel Reese,OTHER,3,2,-1,1,GOLD
2026-08-10,Angel Reese,OTHER,2.7,2,-0.7000000000000002,0.7000000000000002,GOLD
2026-06-01,Antonia Delaere,OTHER,1.2,6,4.8,4.8,GOLD
2026-06-04,Antonia Delaere,OTHER,2.1,0,-2.1,2.1,GOLD
2026-06-06,Antonia Delaere,OTHER,1.5,2,0.5,0.5,GOLD
2026-06-09,Antonia Delaere,OTHER,1.8,2,0.19999999999999996,0.19999999999999996,GOLD
2026-06-13,Antonia Delaere,OTHER,2,2,0,0,GOLD
2026-06-15,Antonia Delaere,OTHER,2.2,7,4.8,4.8,GOLD
2026-06-17,Antonia Delaere,OTHER,2.5,1,-1.5,1.5,GOLD
2026-06-19,Antonia Delaere,OTHER,2.5,0,-2.5,2.5,GOLD
2026-06-21,Antonia Delaere,OTHER,2.2,0,-2.2,2.2,GOLD
2026-06-24,Antonia Delaere,OTHER,1.9,0,-1.9,1.9,GOLD
2026-06-28,Antonia Delaere,OTHER,1.7,0,-1.7,1.7,GOLD
2026-07-03,Antonia Delaere,OTHER,0.7,2,1.3,1.3,GOLD
2026-07-06,Antonia Delaere,OTHER,0.8,0,-0.8,0.8,GOLD
2026-07-08,Antonia Delaere,OTHER,0.8,0,-0.8,0.8,GOLD
2026-07-11,Antonia Delaere,OTHER,0.8,1,0.19999999999999996,0.19999999999999996,GOLD
2026-07-13,Antonia Delaere,OTHER,0.9,0,-0.9,0.9,GOLD
2026-07-15,Antonia Delaere,OTHER,0.9,1,0.09999999999999998,0.09999999999999998,GOLD
2026-07-18,Antonia Delaere,OTHER,0.8,1,0.19999999999999996,0.19999999999999996,GOLD
2026-07-20,Antonia Delaere,OTHER,0.9,1,0.09999999999999998,0.09999999999999998,GOLD
2026-07-22,Antonia Delaere,OTHER,1,0,-1,1,GOLD
2026-07-28,Antonia Delaere,OTHER,0.8,0,-0.8,0.8,GOLD
2026-07-30,Antonia Delaere,OTHER,0.8,3,2.2,2.2,GOLD
2026-08-02,Antonia Delaere,OTHER,1.1,1,-0.10000000000000009,0.10000000000000009,GOLD
2026-08-06,Antonia Delaere,OTHER,1.1,0,-1.1,1.1,GOLD
2026-08-08,Antonia Delaere,OTHER,1,0,-1,1,GOLD
2026-08-09,Antonia Delaere,OTHER,0.9,0,-0.9,0.9,GOLD
2026-06-08,Brianna Turner,OTHER,0.4,0,-0.4,0.4,GOLD
2026-06-11,Brianna Turner,OTHER,0.4,0,-0.4,0.4,GOLD
2026-06-13,Brianna Turner,OTHER,0.2,0,-0.2,0.2,GOLD
2026-06-15,Brianna Turner,OTHER,0.2,0,-0.2,0.2,GOLD
2026-06-17,Brianna Turner,OTHER,0.1,0,-0.1,0.1,GOLD
2026-06-21,Brianna Turner,OTHER,0.1,1,0.9,0.9,GOLD
2026-06-25,Brianna Turner,OTHER,0.2,0,-0.2,0.2,GOLD
2026-06-28,Brianna Turner,OTHER,0.2,0,-0.2,0.2,GOLD
2026-06-30,Brianna Turner,OTHER,0.2,0,-0.2,0.2,GOLD
2026-07-05,Brianna Turner,OTHER,0.2,0,-0.2,0.2,GOLD
2026-07-09,Brianna Turner,OTHER,0.2,0,-0.2,0.2,GOLD
2026-07-11,Brianna Turner,OTHER,0.1,0,-0.1,0.1,GOLD
2026-07-12,Brianna Turner,OTHER,0.1,0,-0.1,0.1,GOLD
2026-07-20,Brianna Turner,OTHER,0.1,0,-0.1,0.1,GOLD
2026-07-22,Brianna Turner,OTHER,0.1,0,-0.1,0.1,GOLD
2026-07-28,Brianna Turner,OTHER,0.1,1,0.9,0.9,GOLD
2026-07-30,Brianna Turner,OTHER,0.2,1,0.8,0.8,GOLD
2026-08-01,Brianna Turner,OTHER,0.3,0,-0.3,0.3,GOLD
2026-08-03,Brianna Turner,OTHER,0.3,0,-0.3,0.3,GOLD
2026-08-06,Brianna Turner,OTHER,0.3,0,-0.3,0.3,GOLD
2026-08-08,Brianna Turner,OTHER,0.3,0,-0.3,0.3,GOLD
2026-08-09,Brianna Turner,OTHER,0.2,1,0.8,0.8,GOLD
2026-08-11,Brianna Turner,OTHER,0.2,0,-0.2,0.2,GOLD
2026-05-30,Brittney Sykes,SECONDARY,4.1,2,-2.0999999999999996,2.0999999999999996,GOLD
2026-06-03,Brittney Sykes,SECONDARY,3.9,1,-2.9,2.9,GOLD
2026-06-07,Brittney Sykes,SECONDARY,3.1,3,-0.10000000000000009,0.10000000000000009,GOLD
2026-06-10,Brittney Sykes,SECONDARY,2.9,1,-1.9,1.9,GOLD
2026-06-12,Brittney Sykes,SECONDARY,2.4,3,0.6000000000000001,0.6000000000000001,GOLD
2026-06-14,Brittney Sykes,SECONDARY,2.5,4,1.5,1.5,GOLD
2026-06-16,Brittney Sykes,SECONDARY,2.8,3,0.20000000000000018,0.20000000000000018,GOLD
2026-06-06,Caitlin Clark,PRIMARY,8.3,9,0.6999999999999993,0.6999999999999993,GOLD
2026-06-08,Caitlin Clark,PRIMARY,8.2,5,-3.1999999999999993,3.1999999999999993,GOLD
2026-06-11,Caitlin Clark,PRIMARY,7.5,10,2.5,2.5,GOLD
2026-06-13,Caitlin Clark,PRIMARY,8.2,5,-3.1999999999999993,3.1999999999999993,GOLD
2026-06-16,Caitlin Clark,PRIMARY,7.9,14,6.1,6.1,GOLD
2026-06-18,Caitlin Clark,PRIMARY,9,7,-2,2,GOLD
2026-06-20,Caitlin Clark,PRIMARY,8.7,7,-1.6999999999999993,1.6999999999999993,GOLD
2026-06-22,Caitlin Clark,PRIMARY,8.9,9,0.09999999999999964,0.09999999999999964,GOLD
2026-06-24,Caitlin Clark,PRIMARY,8.8,8,-0.8000000000000007,0.8000000000000007,GOLD
2026-07-08,Caitlin Clark,PRIMARY,9.2,3,-6.199999999999999,6.199999999999999,GOLD
2026-07-12,Caitlin Clark,PRIMARY,7.6,6,-1.5999999999999996,1.5999999999999996,GOLD
2026-07-15,Caitlin Clark,PRIMARY,7.4,6,-1.4000000000000004,1.4000000000000004,GOLD
2026-07-17,Caitlin Clark,PRIMARY,7.3,10,2.7,2.7,GOLD
2026-07-18,Caitlin Clark,PRIMARY,7.5,7,-0.5,0.5,GOLD
2026-07-22,Caitlin Clark,PRIMARY,7.3,11,3.7,3.7,GOLD
2026-07-25,Caitlin Clark,PRIMARY,8.4,5,-3.4000000000000004,3.4000000000000004,GOLD
2026-07-28,Caitlin Clark,PRIMARY,8.2,7,-1.1999999999999993,1.1999999999999993,GOLD
2026-07-31,Caitlin Clark,PRIMARY,8.3,10,1.6999999999999993,1.6999999999999993,GOLD
2026-08-02,Caitlin Clark,PRIMARY,8.4,10,1.5999999999999996,1.5999999999999996,GOLD
2026-08-06,Caitlin Clark,PRIMARY,8.8,8,-0.8000000000000007,0.8000000000000007,GOLD
2026-08-08,Caitlin Clark,PRIMARY,8.4,11,2.5999999999999996,2.5999999999999996,GOLD
2026-08-11,Caitlin Clark,PRIMARY,9.2,10,0.8000000000000007,0.8000000000000007,GOLD
2026-06-02,Cameron Brink,OTHER,1.4,3,1.6,1.6,GOLD
2026-06-05,Cameron Brink,OTHER,1.6,0,-1.6,1.6,GOLD
2026-06-07,Cameron Brink,OTHER,1.4,0,-1.4,1.4,GOLD
2026-06-10,Cameron Brink,OTHER,1.3,1,-0.30000000000000004,0.30000000000000004,GOLD
2026-06-13,Cameron Brink,OTHER,1.3,2,0.7,0.7,GOLD
2026-06-15,Cameron Brink,OTHER,1.2,0,-1.2,1.2,GOLD
2026-07-15,Cameron Brink,OTHER,0.8,0,-0.8,0.8,GOLD
2026-07-17,Cameron Brink,OTHER,0.8,0,-0.8,0.8,GOLD
2026-07-19,Cameron Brink,OTHER,0.8,1,0.19999999999999996,0.19999999999999996,GOLD
2026-07-22,Cameron Brink,OTHER,0.8,3,2.2,2.2,GOLD
2026-07-28,Cameron Brink,OTHER,0.9,2,1.1,1.1,GOLD
2026-08-02,Cameron Brink,OTHER,1.2,2,0.8,0.8,GOLD
2026-08-05,Cameron Brink,OTHER,1.5,1,-0.5,0.5,GOLD
2026-08-06,Cameron Brink,OTHER,1.6,5,3.4,3.4,GOLD
2026-08-09,Cameron Brink,OTHER,2.1,0,-2.1,2.1,GOLD
2026-08-11,Cameron Brink,OTHER,1.7,1,-0.7,0.7,GOLD
2026-06-05,Chance Gray,OTHER,0.6,0,-0.6,0.6,GOLD
2026-06-07,Chance Gray,OTHER,0.6,0,-0.6,0.6,GOLD
2026-06-10,Chance Gray,OTHER,0.4,2,1.6,1.6,GOLD
2026-06-13,Chance Gray,OTHER,0.7,0,-0.7,0.7,GOLD
2026-06-15,Chance Gray,OTHER,0.6,0,-0.6,0.6,GOLD
2026-06-17,Chance Gray,OTHER,0.4,2,1.6,1.6,GOLD
2026-06-25,Chance Gray,OTHER,0.7,2,1.3,1.3,GOLD
2026-06-27,Chance Gray,OTHER,1,4,3,3,GOLD
2026-07-06,Chance Gray,OTHER,1.4,0,-1.4,1.4,GOLD
2026-07-10,Chance Gray,OTHER,1.3,0,-1.3,1.3,GOLD
2026-07-13,Chance Gray,OTHER,1.3,0,-1.3,1.3,GOLD
2026-07-15,Chance Gray,OTHER,1.1,0,-1.1,1.1,GOLD
2026-07-17,Chance Gray,OTHER,0.8,2,1.2,1.2,GOLD
2026-07-19,Chance Gray,OTHER,0.6,0,-0.6,0.6,GOLD
2026-07-22,Chance Gray,OTHER,0.5,0,-0.5,0.5,GOLD
2026-07-28,Chance Gray,OTHER,0.5,2,1.5,1.5,GOLD
2026-08-02,Chance Gray,OTHER,0.8,3,2.2,2.2,GOLD
2026-08-05,Chance Gray,OTHER,1.2,4,2.8,2.8,GOLD
2026-08-06,Chance Gray,OTHER,1.5,2,0.5,0.5,GOLD
2026-08-09,Chance Gray,OTHER,1.7,1,-0.7,0.7,GOLD
2026-08-11,Chance Gray,OTHER,1.8,0,-1.8,1.8,GOLD
2026-06-06,Chelsea Gray,PRIMARY,8.1,6,-2.0999999999999996,2.0999999999999996,GOLD
2026-06-08,Chelsea Gray,PRIMARY,7.9,8,0.09999999999999964,0.09999999999999964,GOLD
2026-06-11,Chelsea Gray,PRIMARY,8.1,3,-5.1,5.1,GOLD
2026-06-13,Chelsea Gray,PRIMARY,7.2,7,-0.20000000000000018,0.20000000000000018,GOLD
2026-06-15,Chelsea Gray,PRIMARY,7.4,9,1.5999999999999996,1.5999999999999996,GOLD
2026-06-17,Chelsea Gray,PRIMARY,7.2,9,1.7999999999999998,1.7999999999999998,GOLD
2026-06-21,Chelsea Gray,PRIMARY,7.7,9,1.2999999999999998,1.2999999999999998,GOLD
2026-06-23,Chelsea Gray,PRIMARY,7.9,8,0.09999999999999964,0.09999999999999964,GOLD
2026-06-25,Chelsea Gray,PRIMARY,8.5,9,0.5,0.5,GOLD
2026-06-28,Chelsea Gray,PRIMARY,8.8,8,-0.8000000000000007,0.8000000000000007,GOLD
2026-06-30,Chelsea Gray,PRIMARY,8.7,7,-1.6999999999999993,1.6999999999999993,GOLD
2026-07-03,Chelsea Gray,PRIMARY,8.4,6,-2.4000000000000004,2.4000000000000004,GOLD
2026-07-05,Chelsea Gray,PRIMARY,8,6,-2,2,GOLD
2026-07-09,Chelsea Gray,PRIMARY,7.7,7,-0.7000000000000002,0.7000000000000002,GOLD
2026-07-11,Chelsea Gray,PRIMARY,7.5,12,4.5,4.5,GOLD
2026-07-12,Chelsea Gray,PRIMARY,8.1,6,-2.0999999999999996,2.0999999999999996,GOLD
2026-07-20,Chelsea Gray,PRIMARY,7.9,7,-0.9000000000000004,0.9000000000000004,GOLD
2026-07-22,Chelsea Gray,PRIMARY,8,4,-4,4,GOLD
2026-07-28,Chelsea Gray,PRIMARY,7.7,7,-0.7000000000000002,0.7000000000000002,GOLD
2026-07-30,Chelsea Gray,PRIMARY,7.7,4,-3.7,3.7,GOLD
2026-08-01,Chelsea Gray,PRIMARY,6.6,9,2.4000000000000004,2.4000000000000004,GOLD
2026-08-03,Chelsea Gray,PRIMARY,7,6,-1,1,GOLD
2026-08-06,Chelsea Gray,PRIMARY,6.9,7,0.09999999999999964,0.09999999999999964,GOLD
2026-08-08,Chelsea Gray,PRIMARY,7.3,6,-1.2999999999999998,1.2999999999999998,GOLD
2026-08-11,Chelsea Gray,PRIMARY,7.1,5,-2.0999999999999996,2.0999999999999996,GOLD
2026-06-13,Chennedy Carter,OTHER,1.2,1,-0.19999999999999996,0.19999999999999996,GOLD
2026-06-28,Chennedy Carter,OTHER,0.9,1,0.09999999999999998,0.09999999999999998,GOLD
2026-06-30,Chennedy Carter,OTHER,0.7,3,2.3,2.3,GOLD
2026-07-03,Chennedy Carter,OTHER,1.1,1,-0.10000000000000009,0.10000000000000009,GOLD
2026-07-05,Chennedy Carter,OTHER,1.3,1,-0.30000000000000004,0.30000000000000004,GOLD
2026-06-13,Cheyenne Parker-Tyus,OTHER,0.6,1,0.4,0.4,GOLD
2026-06-15,Cheyenne Parker-Tyus,OTHER,0.7,3,2.3,2.3,GOLD
2026-06-17,Cheyenne Parker-Tyus,OTHER,1.2,0,-1.2,1.2,GOLD
2026-06-21,Cheyenne Parker-Tyus,OTHER,0.9,0,-0.9,0.9,GOLD
2026-06-23,Cheyenne Parker-Tyus,OTHER,0.8,0,-0.8,0.8,GOLD
2026-06-25,Cheyenne Parker-Tyus,OTHER,0.8,3,2.2,2.2,GOLD
2026-06-28,Cheyenne Parker-Tyus,OTHER,1.1,0,-1.1,1.1,GOLD
2026-06-30,Cheyenne Parker-Tyus,OTHER,0.7,2,1.3,1.3,GOLD
2026-07-03,Cheyenne Parker-Tyus,OTHER,1,1,0,0,GOLD
2026-07-05,Cheyenne Parker-Tyus,OTHER,1.1,0,-1.1,1.1,GOLD
2026-07-09,Cheyenne Parker-Tyus,OTHER,1.1,0,-1.1,1.1,GOLD
2026-07-11,Cheyenne Parker-Tyus,OTHER,0.7,0,-0.7,0.7,GOLD
2026-07-12,Cheyenne Parker-Tyus,OTHER,0.7,0,-0.7,0.7,GOLD
2026-07-20,Cheyenne Parker-Tyus,OTHER,0.4,0,-0.4,0.4,GOLD
2026-07-22,Cheyenne Parker-Tyus,OTHER,0.3,0,-0.3,0.3,GOLD
2026-06-01,Courtney Williams,SECONDARY,4.3,2,-2.3,2.3,GOLD
2026-06-04,Courtney Williams,SECONDARY,4.1,3,-1.0999999999999996,1.0999999999999996,GOLD
2026-06-06,Courtney Williams,SECONDARY,4,7,3,3,GOLD
2026-06-09,Courtney Williams,SECONDARY,4.7,2,-2.7,2.7,GOLD
2026-06-13,Courtney Williams,SECONDARY,3.9,4,0.10000000000000009,0.10000000000000009,GOLD
2026-06-15,Courtney Williams,SECONDARY,3.8,4,0.20000000000000018,0.20000000000000018,GOLD
2026-06-17,Courtney Williams,SECONDARY,4.1,5,0.9000000000000004,0.9000000000000004,GOLD
2026-06-19,Courtney Williams,SECONDARY,4.4,5,0.5999999999999996,0.5999999999999996,GOLD
2026-06-21,Courtney Williams,SECONDARY,4.1,3,-1.0999999999999996,1.0999999999999996,GOLD
2026-06-24,Courtney Williams,SECONDARY,4.2,3,-1.2000000000000002,1.2000000000000002,GOLD
2026-06-28,Courtney Williams,SECONDARY,4.1,4,-0.09999999999999964,0.09999999999999964,GOLD
2026-07-03,Courtney Williams,SECONDARY,4.1,3,-1.0999999999999996,1.0999999999999996,GOLD
2026-07-06,Courtney Williams,SECONDARY,3.8,6,2.2,2.2,GOLD
2026-07-08,Courtney Williams,SECONDARY,4,7,3,3,GOLD
2026-07-11,Courtney Williams,SECONDARY,4.6,1,-3.5999999999999996,3.5999999999999996,GOLD
2026-07-13,Courtney Williams,SECONDARY,4.2,3,-1.2000000000000002,1.2000000000000002,GOLD
2026-07-15,Courtney Williams,SECONDARY,4.1,4,-0.09999999999999964,0.09999999999999964,GOLD
2026-07-18,Courtney Williams,SECONDARY,4.2,7,2.8,2.8,GOLD
2026-07-20,Courtney Williams,SECONDARY,4.4,3,-1.4000000000000004,1.4000000000000004,GOLD
2026-07-22,Courtney Williams,SECONDARY,3.9,6,2.1,2.1,GOLD
2026-07-25,Courtney Williams,SECONDARY,4.5,7,2.5,2.5,GOLD
2026-07-28,Courtney Williams,SECONDARY,5.1,4,-1.0999999999999996,1.0999999999999996,GOLD
2026-07-30,Courtney Williams,SECONDARY,5.2,5,-0.20000000000000018,0.20000000000000018,GOLD
2026-08-02,Courtney Williams,SECONDARY,4.9,5,0.09999999999999964,0.09999999999999964,GOLD
2026-08-06,Courtney Williams,SECONDARY,5.2,0,-5.2,5.2,GOLD
2026-08-08,Courtney Williams,SECONDARY,4.3,7,2.7,2.7,GOLD
2026-08-09,Courtney Williams,SECONDARY,4.3,7,2.7,2.7,GOLD
2026-06-27,Damiris Dantas,OTHER,0,1,1,1,GOLD
2026-07-08,Damiris Dantas,OTHER,0.2,2,1.8,1.8,GOLD
2026-07-12,Damiris Dantas,OTHER,0.5,0,-0.5,0.5,GOLD
2026-07-17,Damiris Dantas,OTHER,0.5,0,-0.5,0.5,GOLD
2026-06-02,Dearica Hamby,SECONDARY,4.3,2,-2.3,2.3,GOLD
2026-06-05,Dearica Hamby,SECONDARY,4.1,1,-3.0999999999999996,3.0999999999999996,GOLD
2026-06-07,Dearica Hamby,SECONDARY,3.6,0,-3.6,3.6,GOLD
2026-06-10,Dearica Hamby,SECONDARY,3,0,-3,3,GOLD
2026-06-13,Dearica Hamby,OTHER,1.6,0,-1.6,1.6,GOLD
2026-06-15,Dearica Hamby,OTHER,1.3,3,1.7,1.7,GOLD
2026-06-17,Dearica Hamby,OTHER,1.4,2,0.6000000000000001,0.6000000000000001,GOLD
2026-06-21,Dearica Hamby,OTHER,1.6,3,1.4,1.4,GOLD
2026-06-25,Dearica Hamby,OTHER,1.9,0,-1.9,1.9,GOLD
2026-06-27,Dearica Hamby,OTHER,1.9,4,2.1,2.1,GOLD
2026-07-06,Dearica Hamby,OTHER,2.4,2,-0.3999999999999999,0.3999999999999999,GOLD
2026-07-08,Dearica Hamby,OTHER,2.3,2,-0.2999999999999998,0.2999999999999998,GOLD
2026-07-10,Dearica Hamby,OTHER,2.3,3,0.7000000000000002,0.7000000000000002,GOLD
2026-07-13,Dearica Hamby,OTHER,2.3,2,-0.2999999999999998,0.2999999999999998,GOLD
2026-07-15,Dearica Hamby,OTHER,2.5,1,-1.5,1.5,GOLD
2026-07-17,Dearica Hamby,OTHER,2.1,2,-0.10000000000000009,0.10000000000000009,GOLD
2026-07-19,Dearica Hamby,OTHER,2.1,3,0.8999999999999999,0.8999999999999999,GOLD
2026-07-22,Dearica Hamby,OTHER,2.2,5,2.8,2.8,GOLD
2026-07-28,Dearica Hamby,OTHER,2.5,4,1.5,1.5,GOLD
2026-08-02,Dearica Hamby,OTHER,2.8,4,1.2000000000000002,1.2000000000000002,GOLD
2026-08-05,Dearica Hamby,OTHER,3.2,4,0.7999999999999998,0.7999999999999998,GOLD
2026-08-06,Dearica Hamby,OTHER,3.4,2,-1.4,1.4,GOLD
2026-08-09,Dearica Hamby,OTHER,3.3,1,-2.3,2.3,GOLD
2026-08-11,Dearica Hamby,OTHER,2.8,2,-0.7999999999999998,0.7999999999999998,GOLD
2026-07-08,Eliska Joklova,OTHER,1.8,3,1.2,1.2,GOLD
2026-07-11,Eliska Joklova,OTHER,2.2,2,-0.20000000000000018,0.20000000000000018,GOLD
2026-07-13,Eliska Joklova,OTHER,2.2,0,-2.2,2.2,GOLD
2026-07-15,Eliska Joklova,OTHER,2,1,-1,1,GOLD
2026-07-18,Eliska Joklova,OTHER,1.8,0,-1.8,1.8,GOLD
2026-07-22,Eliska Joklova,OTHER,1.3,0,-1.3,1.3,GOLD
2026-07-28,Eliska Joklova,OTHER,0.9,0,-0.9,0.9,GOLD
2026-07-30,Eliska Joklova,OTHER,0.6,4,3.4,3.4,GOLD
2026-08-06,Eliska Joklova,OTHER,1.2,0,-1.2,1.2,GOLD
2026-08-09,Eliska Joklova,OTHER,1,0,-1,1,GOLD
2026-06-02,Elizabeth Williams,OTHER,1.2,3,1.8,1.8,GOLD
2026-06-05,Elizabeth Williams,OTHER,1.7,3,1.3,1.3,GOLD
2026-06-07,Elizabeth Williams,OTHER,2,2,0,0,GOLD
2026-06-09,Elizabeth Williams,OTHER,2.1,2,-0.10000000000000009,0.10000000000000009,GOLD
2026-06-11,Elizabeth Williams,OTHER,2,1,-1,1,GOLD
2026-06-17,Elizabeth Williams,OTHER,2,0,-2,2,GOLD
2026-06-20,Elizabeth Williams,OTHER,1.6,1,-0.6000000000000001,0.6000000000000001,GOLD
2026-06-22,Elizabeth Williams,OTHER,1.3,2,0.7,0.7,GOLD
2026-06-24,Elizabeth Williams,OTHER,1.3,0,-1.3,1.3,GOLD
2026-06-26,Elizabeth Williams,OTHER,1,4,3,3,GOLD
2026-06-28,Elizabeth Williams,OTHER,1.5,1,-0.5,0.5,GOLD
2026-07-03,Elizabeth Williams,OTHER,1.6,2,0.3999999999999999,0.3999999999999999,GOLD
2026-07-07,Elizabeth Williams,OTHER,1.7,2,0.30000000000000004,0.30000000000000004,GOLD
2026-07-10,Elizabeth Williams,OTHER,1.8,2,0.19999999999999996,0.19999999999999996,GOLD
2026-07-12,Elizabeth Williams,OTHER,2,0,-2,2,GOLD
2026-07-15,Elizabeth Williams,OTHER,1.5,4,2.5,2.5,GOLD
2026-07-17,Elizabeth Williams,OTHER,1.9,0,-1.9,1.9,GOLD
2026-07-19,Elizabeth Williams,OTHER,1.6,0,-1.6,1.6,GOLD
2026-07-22,Elizabeth Williams,OTHER,1.3,2,0.7,0.7,GOLD
2026-07-30,Elizabeth Williams,OTHER,1.3,0,-1.3,1.3,GOLD
2026-08-01,Elizabeth Williams,OTHER,1.3,1,-0.30000000000000004,0.30000000000000004,GOLD
2026-08-03,Elizabeth Williams,OTHER,0.9,2,1.1,1.1,GOLD
2026-08-05,Elizabeth Williams,OTHER,1.2,2,0.8,0.8,GOLD
2026-08-08,Elizabeth Williams,OTHER,1.4,2,0.6000000000000001,0.6000000000000001,GOLD
2026-08-10,Elizabeth Williams,OTHER,1.5,1,-0.5,0.5,GOLD
2026-06-02,Erica Wheeler,PRIMARY,6.6,1,-5.6,5.6,GOLD
2026-06-05,Erica Wheeler,PRIMARY,5.4,6,0.5999999999999996,0.5999999999999996,GOLD
2026-06-07,Erica Wheeler,PRIMARY,5.7,4,-1.7000000000000002,1.7000000000000002,GOLD
2026-06-10,Erica Wheeler,PRIMARY,5.4,1,-4.4,4.4,GOLD
2026-06-13,Erica Wheeler,SECONDARY,4.2,5,0.7999999999999998,0.7999999999999998,GOLD
2026-06-15,Erica Wheeler,SECONDARY,4.1,5,0.9000000000000004,0.9000000000000004,GOLD
2026-06-17,Erica Wheeler,SECONDARY,4.6,4,-0.5999999999999996,0.5999999999999996,GOLD
2026-06-21,Erica Wheeler,SECONDARY,4.3,5,0.7000000000000002,0.7000000000000002,GOLD
2026-06-25,Erica Wheeler,SECONDARY,4.4,5,0.5999999999999996,0.5999999999999996,GOLD
2026-06-27,Erica Wheeler,SECONDARY,4.9,5,0.09999999999999964,0.09999999999999964,GOLD
2026-07-06,Erica Wheeler,SECONDARY,5,7,2,2,GOLD
2026-07-08,Erica Wheeler,SECONDARY,5.3,6,0.7000000000000002,0.7000000000000002,GOLD
2026-07-10,Erica Wheeler,PRIMARY,5.7,8,2.3,2.3,GOLD
2026-07-13,Erica Wheeler,PRIMARY,6.2,4,-2.2,2.2,GOLD
2026-07-15,Erica Wheeler,PRIMARY,6,6,0,0,GOLD
2026-07-17,Erica Wheeler,PRIMARY,6.1,4,-2.0999999999999996,2.0999999999999996,GOLD
2026-07-19,Erica Wheeler,PRIMARY,5.7,10,4.3,4.3,GOLD
2026-07-22,Erica Wheeler,PRIMARY,6.3,4,-2.3,2.3,GOLD
2026-07-28,Erica Wheeler,PRIMARY,5.8,9,3.2,3.2,GOLD
2026-08-02,Erica Wheeler,PRIMARY,6.5,8,1.5,1.5,GOLD
2026-08-05,Erica Wheeler,PRIMARY,6.8,5,-1.7999999999999998,1.7999999999999998,GOLD
2026-08-06,Erica Wheeler,PRIMARY,6.9,9,2.0999999999999996,2.0999999999999996,GOLD
2026-08-09,Erica Wheeler,PRIMARY,6.9,4,-2.9000000000000004,2.9000000000000004,GOLD
2026-08-11,Erica Wheeler,PRIMARY,6.8,5,-1.7999999999999998,1.7999999999999998,GOLD
2026-05-30,Flau'jae Johnson,OTHER,1.6,3,1.4,1.4,GOLD
2026-06-01,Flau'jae Johnson,OTHER,2.1,1,-1.1,1.1,GOLD
2026-06-03,Flau'jae Johnson,OTHER,2.1,5,2.9,2.9,GOLD
2026-06-06,Flau'jae Johnson,OTHER,2.3,2,-0.2999999999999998,0.2999999999999998,GOLD
2026-06-08,Flau'jae Johnson,OTHER,2.4,7,4.6,4.6,GOLD
2026-06-10,Flau'jae Johnson,OTHER,3.2,6,2.8,2.8,GOLD
2026-06-12,Flau'jae Johnson,OTHER,3.7,1,-2.7,2.7,GOLD
2026-06-17,Flau'jae Johnson,OTHER,3.6,1,-2.6,2.6,GOLD
2026-06-20,Flau'jae Johnson,OTHER,3.1,0,-3.1,3.1,GOLD
2026-06-22,Flau'jae Johnson,OTHER,2.8,9,6.2,6.2,GOLD
2026-06-25,Flau'jae Johnson,OTHER,3.2,2,-1.2000000000000002,1.2000000000000002,GOLD
2026-06-27,Flau'jae Johnson,OTHER,2.7,4,1.2999999999999998,1.2999999999999998,GOLD
2026-07-02,Flau'jae Johnson,OTHER,3.1,3,-0.10000000000000009,0.10000000000000009,GOLD
2026-07-04,Flau'jae Johnson,OTHER,3.3,3,-0.2999999999999998,0.2999999999999998,GOLD
2026-07-06,Flau'jae Johnson,OTHER,3.6,3,-0.6000000000000001,0.6000000000000001,GOLD
2026-07-09,Flau'jae Johnson,OTHER,3,5,2,2,GOLD
2026-07-12,Flau'jae Johnson,SECONDARY,3.5,3,-0.5,0.5,GOLD
2026-07-15,Flau'jae Johnson,SECONDARY,3.3,4,0.7000000000000002,0.7000000000000002,GOLD
2026-07-17,Flau'jae Johnson,SECONDARY,3.5,6,2.5,2.5,GOLD
2026-07-20,Flau'jae Johnson,SECONDARY,3.9,1,-2.9,2.9,GOLD
2026-07-22,Flau'jae Johnson,SECONDARY,3.6,4,0.3999999999999999,0.3999999999999999,GOLD
2026-07-28,Flau'jae Johnson,SECONDARY,3.5,2,-1.5,1.5,GOLD
2026-07-31,Flau'jae Johnson,SECONDARY,3.4,3,-0.3999999999999999,0.3999999999999999,GOLD
2026-08-03,Flau'jae Johnson,SECONDARY,3.2,3,-0.20000000000000018,0.20000000000000018,GOLD
2026-08-05,Flau'jae Johnson,SECONDARY,2.9,3,0.10000000000000009,0.10000000000000009,GOLD
2026-08-08,Flau'jae Johnson,SECONDARY,3.1,1,-2.1,2.1,GOLD
2026-06-11,Gabriela Jaquez,OTHER,0.8,1,0.19999999999999996,0.19999999999999996,GOLD
2026-06-17,Gabriela Jaquez,OTHER,0.8,3,2.2,2.2,GOLD
2026-06-20,Gabriela Jaquez,OTHER,1.1,1,-0.10000000000000009,0.10000000000000009,GOLD
2026-06-22,Gabriela Jaquez,OTHER,1.2,0,-1.2,1.2,GOLD
2026-06-24,Gabriela Jaquez,OTHER,1,1,0,0,GOLD
2026-06-26,Gabriela Jaquez,OTHER,1.1,3,1.9,1.9,GOLD
2026-06-28,Gabriela Jaquez,OTHER,1.4,2,0.6000000000000001,0.6000000000000001,GOLD
2026-07-03,Gabriela Jaquez,OTHER,1.3,0,-1.3,1.3,GOLD
2026-07-07,Gabriela Jaquez,OTHER,1.2,1,-0.19999999999999996,0.19999999999999996,GOLD
2026-07-10,Gabriela Jaquez,OTHER,1.3,0,-1.3,1.3,GOLD
2026-07-12,Gabriela Jaquez,OTHER,1.2,0,-1.2,1.2,GOLD
2026-07-15,Gabriela Jaquez,OTHER,0.7,1,0.30000000000000004,0.30000000000000004,GOLD
2026-07-17,Gabriela Jaquez,OTHER,0.6,2,1.4,1.4,GOLD
2026-07-19,Gabriela Jaquez,OTHER,0.9,0,-0.9,0.9,GOLD
2026-07-22,Gabriela Jaquez,OTHER,0.8,1,0.19999999999999996,0.19999999999999996,GOLD
2026-07-30,Gabriela Jaquez,OTHER,0.9,0,-0.9,0.9,GOLD
2026-08-01,Gabriela Jaquez,OTHER,0.9,1,0.09999999999999998,0.09999999999999998,GOLD
2026-08-03,Gabriela Jaquez,OTHER,0.9,1,0.09999999999999998,0.09999999999999998,GOLD
2026-08-05,Gabriela Jaquez,OTHER,0.7,0,-0.7,0.7,GOLD
2026-08-08,Gabriela Jaquez,OTHER,0.7,2,1.3,1.3,GOLD
2026-08-10,Gabriela Jaquez,OTHER,0.9,0,-0.9,0.9,GOLD
2026-06-27,Grace VanSlooten,OTHER,0.6,1,0.4,0.4,GOLD
2026-07-05,Grace VanSlooten,OTHER,0.4,0,-0.4,0.4,GOLD
2026-07-08,Grace VanSlooten,OTHER,0.3,0,-0.3,0.3,GOLD
2026-07-12,Grace VanSlooten,OTHER,0.3,0,-0.3,0.3,GOLD
2026-07-15,Grace VanSlooten,OTHER,0.3,0,-0.3,0.3,GOLD
2026-07-22,Grace VanSlooten,OTHER,0.3,0,-0.3,0.3,GOLD
2026-06-02,Indya Nivar,OTHER,1,0,-1,1,GOLD
2026-06-04,Indya Nivar,OTHER,0.5,0,-0.5,0.5,GOLD
2026-06-06,Indya Nivar,OTHER,0.4,0,-0.4,0.4,GOLD
2026-06-11,Indya Nivar,OTHER,0.4,0,-0.4,0.4,GOLD
2026-06-14,Indya Nivar,OTHER,0.2,1,0.8,0.8,GOLD
2026-06-20,Indya Nivar,OTHER,0.3,0,-0.3,0.3,GOLD
2026-06-22,Indya Nivar,OTHER,0.3,0,-0.3,0.3,GOLD
2026-06-24,Indya Nivar,OTHER,0.3,1,0.7,0.7,GOLD
2026-06-27,Indya Nivar,OTHER,0.5,0,-0.5,0.5,GOLD
2026-07-02,Indya Nivar,OTHER,0.4,0,-0.4,0.4,GOLD
2026-07-04,Indya Nivar,OTHER,0.3,0,-0.3,0.3,GOLD
2026-07-11,Indya Nivar,OTHER,0.3,0,-0.3,0.3,GOLD
2026-06-02,Isobel Borlase,OTHER,1.2,0,-1.2,1.2,GOLD
2026-06-04,Isobel Borlase,OTHER,1.1,0,-1.1,1.1,GOLD
2026-06-06,Isobel Borlase,OTHER,1.1,2,0.8999999999999999,0.8999999999999999,GOLD
2026-06-09,Isobel Borlase,OTHER,1.1,0,-1.1,1.1,GOLD
2026-06-11,Isobel Borlase,OTHER,0.7,0,-0.7,0.7,GOLD
2026-06-14,Isobel Borlase,OTHER,0.6,1,0.4,0.4,GOLD
2026-06-18,Isobel Borlase,OTHER,0.7,0,-0.7,0.7,GOLD
2026-06-20,Isobel Borlase,OTHER,0.7,2,1.3,1.3,GOLD
2026-06-22,Isobel Borlase,OTHER,0.7,2,1.3,1.3,GOLD
2026-06-24,Isobel Borlase,OTHER,1,2,1,1,GOLD
2026-06-26,Isobel Borlase,OTHER,1.2,2,0.8,0.8,GOLD
2026-06-27,Isobel Borlase,OTHER,1.4,1,-0.3999999999999999,0.3999999999999999,GOLD
2026-07-02,Isobel Borlase,OTHER,1.5,1,-0.5,0.5,GOLD
2026-07-04,Isobel Borlase,OTHER,1.4,0,-1.4,1.4,GOLD
2026-07-09,Isobel Borlase,OTHER,1.1,0,-1.1,1.1,GOLD
2026-07-11,Isobel Borlase,OTHER,0.9,3,2.1,2.1,GOLD
2026-07-13,Isobel Borlase,OTHER,1,1,0,0,GOLD
2026-07-17,Isobel Borlase,OTHER,1,0,-1,1,GOLD
2026-07-19,Isobel Borlase,OTHER,0.9,1,0.09999999999999998,0.09999999999999998,GOLD
2026-07-29,Isobel Borlase,OTHER,1,0,-1,1,GOLD
2026-07-31,Isobel Borlase,OTHER,1,2,1,1,GOLD
2026-08-03,Isobel Borlase,OTHER,0.9,1,0.09999999999999998,0.09999999999999998,GOLD
2026-08-05,Isobel Borlase,OTHER,0.9,2,1.1,1.1,GOLD
2026-08-07,Isobel Borlase,OTHER,1.1,0,-1.1,1.1,GOLD
2026-08-10,Isobel Borlase,OTHER,1,1,0,0,GOLD
2026-06-06,Jackie Young,PRIMARY,7.2,5,-2.2,2.2,GOLD
2026-06-08,Jackie Young,PRIMARY,6.8,6,-0.7999999999999998,0.7999999999999998,GOLD
2026-06-11,Jackie Young,PRIMARY,7.3,10,2.7,2.7,GOLD
2026-06-13,Jackie Young,PRIMARY,7.9,10,2.0999999999999996,2.0999999999999996,GOLD
2026-06-15,Jackie Young,PRIMARY,8.1,5,-3.0999999999999996,3.0999999999999996,GOLD
2026-06-17,Jackie Young,PRIMARY,7.5,9,1.5,1.5,GOLD
2026-06-21,Jackie Young,PRIMARY,8.1,5,-3.0999999999999996,3.0999999999999996,GOLD
2026-06-23,Jackie Young,PRIMARY,7.9,7,-0.9000000000000004,0.9000000000000004,GOLD
2026-06-25,Jackie Young,PRIMARY,7.5,6,-1.5,1.5,GOLD
2026-06-28,Jackie Young,PRIMARY,7,8,1,1,GOLD
2026-06-30,Jackie Young,PRIMARY,7.4,7,-0.40000000000000036,0.40000000000000036,GOLD
2026-07-03,Jackie Young,PRIMARY,7.2,5,-2.2,2.2,GOLD
2026-07-05,Jackie Young,PRIMARY,7.1,4,-3.0999999999999996,3.0999999999999996,GOLD
2026-07-09,Jackie Young,PRIMARY,6.7,11,4.3,4.3,GOLD
2026-07-11,Jackie Young,PRIMARY,7.4,6,-1.4000000000000004,1.4000000000000004,GOLD
2026-07-12,Jackie Young,PRIMARY,7.1,3,-4.1,4.1,GOLD
2026-07-20,Jackie Young,PRIMARY,6.5,12,5.5,5.5,GOLD
2026-07-22,Jackie Young,PRIMARY,7.5,7,-0.5,0.5,GOLD
2026-07-25,Jackie Young,PRIMARY,7.9,3,-4.9,4.9,GOLD
2026-07-28,Jackie Young,PRIMARY,6.9,2,-4.9,4.9,GOLD
2026-07-30,Jackie Young,PRIMARY,6.2,9,2.8,2.8,GOLD
2026-08-01,Jackie Young,PRIMARY,7.1,5,-2.0999999999999996,2.0999999999999996,GOLD
2026-08-03,Jackie Young,PRIMARY,6.1,10,3.9000000000000004,3.9000000000000004,GOLD
2026-08-06,Jackie Young,PRIMARY,6.5,9,2.5,2.5,GOLD
2026-08-08,Jackie Young,PRIMARY,7.3,1,-6.3,6.3,GOLD
2026-08-11,Jackie Young,PRIMARY,7.1,8,0.9000000000000004,0.9000000000000004,GOLD
2026-06-02,Jacy Sheldon,OTHER,1.2,1,-0.19999999999999996,0.19999999999999996,GOLD
2026-06-05,Jacy Sheldon,OTHER,1.1,2,0.8999999999999999,0.8999999999999999,GOLD
2026-06-07,Jacy Sheldon,OTHER,1.2,2,0.8,0.8,GOLD
2026-06-09,Jacy Sheldon,OTHER,1.4,3,1.6,1.6,GOLD
2026-06-11,Jacy Sheldon,OTHER,1.8,4,2.2,2.2,GOLD
2026-06-17,Jacy Sheldon,OTHER,2.1,1,-1.1,1.1,GOLD
2026-06-20,Jacy Sheldon,OTHER,2.1,0,-2.1,2.1,GOLD
2026-06-22,Jacy Sheldon,OTHER,1.9,0,-1.9,1.9,GOLD
2026-06-24,Jacy Sheldon,OTHER,1.6,3,1.4,1.4,GOLD
2026-06-26,Jacy Sheldon,OTHER,1.6,0,-1.6,1.6,GOLD
2026-06-28,Jacy Sheldon,OTHER,1,2,1,1,GOLD
2026-07-03,Jacy Sheldon,OTHER,1.2,1,-0.19999999999999996,0.19999999999999996,GOLD
2026-07-07,Jacy Sheldon,OTHER,1.3,2,0.7,0.7,GOLD
2026-07-10,Jacy Sheldon,OTHER,1.6,2,0.3999999999999999,0.3999999999999999,GOLD
2026-07-12,Jacy Sheldon,OTHER,1.5,1,-0.5,0.5,GOLD
2026-07-15,Jacy Sheldon,OTHER,1.6,1,-0.6000000000000001,0.6000000000000001,GOLD
2026-07-17,Jacy Sheldon,OTHER,1.4,2,0.6000000000000001,0.6000000000000001,GOLD
2026-07-19,Jacy Sheldon,OTHER,1.6,2,0.3999999999999999,0.3999999999999999,GOLD
2026-07-22,Jacy Sheldon,OTHER,1.6,1,-0.6000000000000001,0.6000000000000001,GOLD
2026-07-30,Jacy Sheldon,OTHER,1.4,0,-1.4,1.4,GOLD
2026-08-01,Jacy Sheldon,OTHER,1.3,1,-0.30000000000000004,0.30000000000000004,GOLD
2026-08-03,Jacy Sheldon,OTHER,1.3,1,-0.30000000000000004,0.30000000000000004,GOLD
2026-08-05,Jacy Sheldon,OTHER,1.2,3,1.8,1.8,GOLD
2026-08-08,Jacy Sheldon,OTHER,1.3,2,0.7,0.7,GOLD
2026-08-10,Jacy Sheldon,OTHER,1.4,2,0.6000000000000001,0.6000000000000001,GOLD
2026-05-30,Jade Melbourne,SECONDARY,3.9,4,0.10000000000000009,0.10000000000000009,GOLD
2026-06-01,Jade Melbourne,SECONDARY,4.1,1,-3.0999999999999996,3.0999999999999996,GOLD
2026-06-03,Jade Melbourne,SECONDARY,3.6,2,-1.6,1.6,GOLD
2026-06-06,Jade Melbourne,SECONDARY,3.3,0,-3.3,3.3,GOLD
2026-06-08,Jade Melbourne,OTHER,2.3,5,2.7,2.7,GOLD
2026-06-10,Jade Melbourne,SECONDARY,2.8,3,0.20000000000000018,0.20000000000000018,GOLD
2026-06-12,Jade Melbourne,SECONDARY,2.6,2,-0.6000000000000001,0.6000000000000001,GOLD
2026-06-17,Jade Melbourne,SECONDARY,2.7,8,5.3,5.3,GOLD
2026-06-20,Jade Melbourne,SECONDARY,3.6,1,-2.6,2.6,GOLD
2026-06-25,Jade Melbourne,SECONDARY,3.7,7,3.3,3.3,GOLD
2026-06-27,Jade Melbourne,SECONDARY,4,5,1,1,GOLD
2026-07-02,Jade Melbourne,SECONDARY,4.3,5,0.7000000000000002,0.7000000000000002,GOLD
2026-07-04,Jade Melbourne,SECONDARY,4.7,3,-1.7000000000000002,1.7000000000000002,GOLD
2026-07-06,Jade Melbourne,SECONDARY,4.1,4,-0.09999999999999964,0.09999999999999964,GOLD
2026-07-09,Jade Melbourne,SECONDARY,4.5,4,-0.5,0.5,GOLD
2026-07-12,Jade Melbourne,SECONDARY,4.1,2,-2.0999999999999996,2.0999999999999996,GOLD
2026-07-15,Jade Melbourne,SECONDARY,3.7,5,1.2999999999999998,1.2999999999999998,GOLD
2026-07-17,Jade Melbourne,SECONDARY,3.7,5,1.2999999999999998,1.2999999999999998,GOLD
2026-07-20,Jade Melbourne,SECONDARY,4,3,-1,1,GOLD
2026-07-22,Jade Melbourne,SECONDARY,3.9,4,0.10000000000000009,0.10000000000000009,GOLD
2026-07-28,Jade Melbourne,SECONDARY,3.9,4,0.10000000000000009,0.10000000000000009,GOLD
2026-07-31,Jade Melbourne,SECONDARY,4.1,6,1.9000000000000004,1.9000000000000004,GOLD
2026-08-03,Jade Melbourne,SECONDARY,4.3,4,-0.2999999999999998,0.2999999999999998,GOLD
2026-08-05,Jade Melbourne,SECONDARY,4.2,7,2.8,2.8,GOLD
2026-08-08,Jade Melbourne,SECONDARY,4.7,5,0.2999999999999998,0.2999999999999998,GOLD
2026-08-10,Jade Melbourne,SECONDARY,4.8,1,-3.8,3.8,GOLD
2026-06-11,Jewell Loyd,OTHER,1.4,2,0.6000000000000001,0.6000000000000001,GOLD
2026-06-13,Jewell Loyd,OTHER,1.6,3,1.4,1.4,GOLD
2026-06-15,Jewell Loyd,OTHER,1.8,0,-1.8,1.8,GOLD
2026-06-17,Jewell Loyd,OTHER,1.6,1,-0.6000000000000001,0.6000000000000001,GOLD
2026-06-21,Jewell Loyd,OTHER,1.3,1,-0.30000000000000004,0.30000000000000004,GOLD
2026-06-23,Jewell Loyd,OTHER,1.4,0,-1.4,1.4,GOLD
2026-06-25,Jewell Loyd,OTHER,1.1,2,0.8999999999999999,0.8999999999999999,GOLD
2026-06-28,Jewell Loyd,OTHER,1,0,-1,1,GOLD
2026-06-30,Jewell Loyd,OTHER,1,0,-1,1,GOLD
2026-07-03,Jewell Loyd,OTHER,0.8,3,2.2,2.2,GOLD
2026-07-05,Jewell Loyd,OTHER,1.1,1,-0.10000000000000009,0.10000000000000009,GOLD
2026-07-09,Jewell Loyd,OTHER,1.2,0,-1.2,1.2,GOLD
2026-07-11,Jewell Loyd,OTHER,1,3,2,2,GOLD
2026-07-12,Jewell Loyd,OTHER,1.3,3,1.7,1.7,GOLD
2026-07-20,Jewell Loyd,OTHER,1.7,1,-0.7,0.7,GOLD
2026-07-22,Jewell Loyd,OTHER,1.5,0,-1.5,1.5,GOLD
2026-07-28,Jewell Loyd,OTHER,1.4,3,1.6,1.6,GOLD
2026-07-30,Jewell Loyd,OTHER,1.8,0,-1.8,1.8,GOLD
2026-08-01,Jewell Loyd,OTHER,1.4,1,-0.3999999999999999,0.3999999999999999,GOLD
2026-08-03,Jewell Loyd,OTHER,1.1,1,-0.10000000000000009,0.10000000000000009,GOLD
2026-08-06,Jewell Loyd,OTHER,1.1,2,0.8999999999999999,0.8999999999999999,GOLD
2026-08-08,Jewell Loyd,OTHER,1.4,2,0.6000000000000001,0.6000000000000001,GOLD
2026-08-09,Jewell Loyd,OTHER,1.3,1,-0.30000000000000004,0.30000000000000004,GOLD
2026-08-11,Jewell Loyd,OTHER,1.4,2,0.6000000000000001,0.6000000000000001,GOLD
2026-06-10,Jihyun Park,OTHER,0.8,0,-0.8,0.8,GOLD
2026-06-13,Jihyun Park,OTHER,0.5,0,-0.5,0.5,GOLD
2026-06-15,Jihyun Park,OTHER,0.3,0,-0.3,0.3,GOLD
2026-06-17,Jihyun Park,OTHER,0.2,0,-0.2,0.2,GOLD
2026-06-21,Jihyun Park,OTHER,0.2,0,-0.2,0.2,GOLD
2026-06-25,Jihyun Park,OTHER,0.2,1,0.8,0.8,GOLD
2026-06-27,Jihyun Park,OTHER,0.3,1,0.7,0.7,GOLD
2026-07-06,Jihyun Park,OTHER,0.5,0,-0.5,0.5,GOLD
2026-07-08,Jihyun Park,OTHER,0.5,1,0.5,0.5,GOLD
2026-07-10,Jihyun Park,OTHER,0.6,0,-0.6,0.6,GOLD
2026-07-13,Jihyun Park,OTHER,0.6,0,-0.6,0.6,GOLD
2026-07-15,Jihyun Park,OTHER,0.4,1,0.6,0.6,GOLD
2026-07-17,Jihyun Park,OTHER,0.4,0,-0.4,0.4,GOLD
2026-07-19,Jihyun Park,OTHER,0.4,0,-0.4,0.4,GOLD
2026-07-22,Jihyun Park,OTHER,0.3,1,0.7,0.7,GOLD
2026-07-28,Jihyun Park,OTHER,0.4,0,-0.4,0.4,GOLD
2026-08-02,Jihyun Park,OTHER,0.4,4,3.6,3.6,GOLD
2026-08-05,Jihyun Park,OTHER,0.8,0,-0.8,0.8,GOLD
2026-08-06,Jihyun Park,OTHER,0.8,0,-0.8,0.8,GOLD
2026-08-09,Jihyun Park,OTHER,0.8,1,0.19999999999999996,0.19999999999999996,GOLD
2026-08-11,Jihyun Park,OTHER,0.8,0,-0.8,0.8,GOLD
2026-05-30,Jordan Horston,OTHER,1.4,1,-0.3999999999999999,0.3999999999999999,GOLD
2026-06-01,Jordan Horston,OTHER,1.1,1,-0.10000000000000009,0.10000000000000009,GOLD
2026-06-03,Jordan Horston,OTHER,1.2,1,-0.19999999999999996,0.19999999999999996,GOLD
2026-06-06,Jordan Horston,OTHER,1.3,2,0.7,0.7,GOLD
2026-06-08,Jordan Horston,OTHER,1.5,1,-0.5,0.5,GOLD
2026-06-10,Jordan Horston,OTHER,1.2,4,2.8,2.8,GOLD
2026-06-12,Jordan Horston,OTHER,1.7,5,3.3,3.3,GOLD
2026-07-02,Jordan Horston,OTHER,2.3,2,-0.2999999999999998,0.2999999999999998,GOLD
2026-07-04,Jordan Horston,OTHER,2.4,2,-0.3999999999999999,0.3999999999999999,GOLD
2026-07-06,Jordan Horston,OTHER,2.4,1,-1.4,1.4,GOLD
2026-07-09,Jordan Horston,OTHER,2.4,1,-1.4,1.4,GOLD
2026-07-12,Jordan Horston,OTHER,2.1,0,-2.1,2.1,GOLD
2026-07-15,Jordan Horston,OTHER,1.4,2,0.6000000000000001,0.6000000000000001,GOLD
2026-07-17,Jordan Horston,OTHER,1.4,1,-0.3999999999999999,0.3999999999999999,GOLD
2026-07-20,Jordan Horston,OTHER,1.2,0,-1.2,1.2,GOLD
2026-07-22,Jordan Horston,OTHER,1.1,2,0.8999999999999999,0.8999999999999999,GOLD
2026-07-28,Jordan Horston,OTHER,1.2,2,0.8,0.8,GOLD
2026-07-31,Jordan Horston,OTHER,1.5,0,-1.5,1.5,GOLD
2026-08-03,Jordan Horston,OTHER,1.2,1,-0.19999999999999996,0.19999999999999996,GOLD
2026-08-05,Jordan Horston,OTHER,1.2,0,-1.2,1.2,GOLD
2026-08-08,Jordan Horston,OTHER,1.2,1,-0.19999999999999996,0.19999999999999996,GOLD
2026-08-10,Jordan Horston,OTHER,1,0,-1,1,GOLD
2026-06-02,Jordin Canada,PRIMARY,7.2,10,2.8,2.8,GOLD
2026-06-04,Jordin Canada,PRIMARY,8.1,7,-1.0999999999999996,1.0999999999999996,GOLD
2026-06-06,Jordin Canada,PRIMARY,8.2,5,-3.1999999999999993,3.1999999999999993,GOLD
2026-06-09,Jordin Canada,PRIMARY,6.9,6,-0.9000000000000004,0.9000000000000004,GOLD
2026-06-11,Jordin Canada,PRIMARY,7,7,0,0,GOLD
2026-06-14,Jordin Canada,PRIMARY,7.4,9,1.5999999999999996,1.5999999999999996,GOLD
2026-06-18,Jordin Canada,PRIMARY,7.3,5,-2.3,2.3,GOLD
2026-06-20,Jordin Canada,PRIMARY,7,12,5,5,GOLD
2026-06-22,Jordin Canada,PRIMARY,8,13,5,5,GOLD
2026-06-24,Jordin Canada,PRIMARY,9.1,2,-7.1,7.1,GOLD
2026-06-26,Jordin Canada,PRIMARY,8.3,2,-6.300000000000001,6.300000000000001,GOLD
2026-06-27,Jordin Canada,PRIMARY,7.3,10,2.7,2.7,GOLD
2026-07-02,Jordin Canada,PRIMARY,8,7,-1,1,GOLD
2026-07-04,Jordin Canada,PRIMARY,7.4,8,0.5999999999999996,0.5999999999999996,GOLD
2026-07-09,Jordin Canada,PRIMARY,6.8,8,1.2000000000000002,1.2000000000000002,GOLD
2026-07-11,Jordin Canada,PRIMARY,7.6,12,4.4,4.4,GOLD
2026-07-13,Jordin Canada,PRIMARY,8.9,9,0.09999999999999964,0.09999999999999964,GOLD
2026-07-17,Jordin Canada,PRIMARY,8.8,13,4.199999999999999,4.199999999999999,GOLD
2026-07-19,Jordin Canada,PRIMARY,9.6,9,-0.5999999999999996,0.5999999999999996,GOLD
2026-07-29,Jordin Canada,PRIMARY,9.8,8,-1.8000000000000007,1.8000000000000007,GOLD
2026-07-31,Jordin Canada,PRIMARY,9.8,9,-0.8000000000000007,0.8000000000000007,GOLD
2026-08-03,Jordin Canada,PRIMARY,9.4,7,-2.4000000000000004,2.4000000000000004,GOLD
2026-08-05,Jordin Canada,PRIMARY,9.2,4,-5.199999999999999,5.199999999999999,GOLD
2026-08-07,Jordin Canada,PRIMARY,8,7,-1,1,GOLD
2026-08-10,Jordin Canada,PRIMARY,7.7,9,1.2999999999999998,1.2999999999999998,GOLD
2026-06-02,Kamilla Cardoso,OTHER,2.6,5,2.4,2.4,GOLD
2026-06-05,Kamilla Cardoso,SECONDARY,3,3,0,0,GOLD
2026-06-07,Kamilla Cardoso,SECONDARY,2.7,2,-0.7000000000000002,0.7000000000000002,GOLD
2026-06-09,Kamilla Cardoso,OTHER,2.8,5,2.2,2.2,GOLD
2026-06-11,Kamilla Cardoso,SECONDARY,3.3,1,-2.3,2.3,GOLD
2026-06-17,Kamilla Cardoso,OTHER,3.1,4,0.8999999999999999,0.8999999999999999,GOLD
2026-06-20,Kamilla Cardoso,SECONDARY,3.1,3,-0.10000000000000009,0.10000000000000009,GOLD
2026-06-22,Kamilla Cardoso,SECONDARY,3.1,0,-3.1,3.1,GOLD
2026-06-24,Kamilla Cardoso,OTHER,2.7,3,0.2999999999999998,0.2999999999999998,GOLD
2026-06-26,Kamilla Cardoso,OTHER,2.4,1,-1.4,1.4,GOLD
2026-06-28,Kamilla Cardoso,OTHER,2.4,2,-0.3999999999999999,0.3999999999999999,GOLD
2026-07-03,Kamilla Cardoso,OTHER,2.1,4,1.9,1.9,GOLD
2026-07-07,Kamilla Cardoso,OTHER,2.3,4,1.7000000000000002,1.7000000000000002,GOLD
2026-07-10,Kamilla Cardoso,OTHER,2.8,2,-0.7999999999999998,0.7999999999999998,GOLD
2026-07-12,Kamilla Cardoso,OTHER,2.7,2,-0.7000000000000002,0.7000000000000002,GOLD
2026-07-17,Kamilla Cardoso,OTHER,2.8,3,0.20000000000000018,0.20000000000000018,GOLD
2026-07-19,Kamilla Cardoso,OTHER,2.9,2,-0.8999999999999999,0.8999999999999999,GOLD
2026-07-22,Kamilla Cardoso,OTHER,2.6,5,2.4,2.4,GOLD
2026-07-30,Kamilla Cardoso,OTHER,2.8,1,-1.7999999999999998,1.7999999999999998,GOLD
2026-08-01,Kamilla Cardoso,OTHER,2.6,2,-0.6000000000000001,0.6000000000000001,GOLD
2026-08-03,Kamilla Cardoso,OTHER,2.6,5,2.4,2.4,GOLD
2026-08-05,Kamilla Cardoso,OTHER,2.9,3,0.10000000000000009,0.10000000000000009,GOLD
2026-08-08,Kamilla Cardoso,OTHER,3,2,-1,1,GOLD
2026-08-10,Kamilla Cardoso,OTHER,2.7,0,-2.7,2.7,GOLD
2026-06-07,Kate Martin,OTHER,0.2,1,0.8,0.8,GOLD
2026-06-13,Kate Martin,OTHER,0.4,0,-0.4,0.4,GOLD
2026-06-15,Kate Martin,OTHER,0.4,2,1.6,1.6,GOLD
2026-06-17,Kate Martin,OTHER,0.6,0,-0.6,0.6,GOLD
2026-07-06,Kate Martin,OTHER,0.5,0,-0.5,0.5,GOLD
2026-07-10,Kate Martin,OTHER,0.5,1,0.5,0.5,GOLD
2026-07-13,Kate Martin,OTHER,0.5,0,-0.5,0.5,GOLD
2026-07-17,Kate Martin,OTHER,0.5,0,-0.5,0.5,GOLD
2026-07-22,Kate Martin,OTHER,0.3,0,-0.3,0.3,GOLD
2026-06-01,Kayla McBride,OTHER,2,5,3,3,GOLD
2026-06-04,Kayla McBride,OTHER,2.7,2,-0.7000000000000002,0.7000000000000002,GOLD
2026-06-06,Kayla McBride,OTHER,2.7,3,0.2999999999999998,0.2999999999999998,GOLD
2026-06-09,Kayla McBride,OTHER,2.6,4,1.4,1.4,GOLD
2026-06-13,Kayla McBride,OTHER,3,5,2,2,GOLD
2026-06-15,Kayla McBride,OTHER,3.5,4,0.5,0.5,GOLD
2026-06-17,Kayla McBride,SECONDARY,3.5,0,-3.5,3.5,GOLD
2026-06-19,Kayla McBride,OTHER,3,2,-1,1,GOLD
2026-06-21,Kayla McBride,OTHER,2.9,4,1.1,1.1,GOLD
2026-06-24,Kayla McBride,OTHER,2.9,2,-0.8999999999999999,0.8999999999999999,GOLD
2026-06-28,Kayla McBride,OTHER,2.5,2,-0.5,0.5,GOLD
2026-07-03,Kayla McBride,OTHER,2.3,1,-1.2999999999999998,1.2999999999999998,GOLD
2026-07-06,Kayla McBride,OTHER,2.4,2,-0.3999999999999999,0.3999999999999999,GOLD
2026-07-08,Kayla McBride,OTHER,2.4,4,1.6,1.6,GOLD
2026-07-11,Kayla McBride,OTHER,2.4,2,-0.3999999999999999,0.3999999999999999,GOLD
2026-07-13,Kayla McBride,OTHER,2.4,1,-1.4,1.4,GOLD
2026-07-15,Kayla McBride,OTHER,2.2,1,-1.2000000000000002,1.2000000000000002,GOLD
2026-07-18,Kayla McBride,OTHER,2.2,0,-2.2,2.2,GOLD
2026-07-20,Kayla McBride,OTHER,1.9,0,-1.9,1.9,GOLD
2026-07-22,Kayla McBride,OTHER,1.4,2,0.6000000000000001,0.6000000000000001,GOLD
2026-07-28,Kayla McBride,OTHER,1.4,4,2.6,2.6,GOLD
2026-07-30,Kayla McBride,OTHER,1.8,3,1.2,1.2,GOLD
2026-08-02,Kayla McBride,OTHER,2,1,-1,1,GOLD
2026-08-06,Kayla McBride,OTHER,2.1,1,-1.1,1.1,GOLD
2026-08-08,Kayla McBride,OTHER,2.2,0,-2.2,2.2,GOLD
2026-08-09,Kayla McBride,OTHER,1.9,1,-0.8999999999999999,0.8999999999999999,GOLD
2026-06-04,Kelsey Mitchell,SECONDARY,3.3,2,-1.2999999999999998,1.2999999999999998,GOLD
2026-06-06,Kelsey Mitchell,SECONDARY,3.2,2,-1.2000000000000002,1.2000000000000002,GOLD
2026-06-08,Kelsey Mitchell,OTHER,2.8,3,0.20000000000000018,0.20000000000000018,GOLD
2026-06-11,Kelsey Mitchell,OTHER,2.8,3,0.20000000000000018,0.20000000000000018,GOLD
2026-06-13,Kelsey Mitchell,OTHER,2.8,5,2.2,2.2,GOLD
2026-06-16,Kelsey Mitchell,SECONDARY,3.1,2,-1.1,1.1,GOLD
2026-06-18,Kelsey Mitchell,SECONDARY,3.1,1,-2.1,2.1,GOLD
2026-06-20,Kelsey Mitchell,OTHER,2.8,3,0.20000000000000018,0.20000000000000018,GOLD
2026-06-22,Kelsey Mitchell,OTHER,2.8,1,-1.7999999999999998,1.7999999999999998,GOLD
2026-06-24,Kelsey Mitchell,OTHER,2.5,6,3.5,3.5,GOLD
2026-06-27,Kelsey Mitchell,OTHER,2.7,2,-0.7000000000000002,0.7000000000000002,GOLD
2026-07-05,Kelsey Mitchell,OTHER,2.7,3,0.2999999999999998,0.2999999999999998,GOLD
2026-07-08,Kelsey Mitchell,OTHER,2.9,3,0.10000000000000009,0.10000000000000009,GOLD
2026-07-09,Kelsey Mitchell,OTHER,3,8,5,5,GOLD
2026-07-12,Kelsey Mitchell,SECONDARY,4,3,-1,1,GOLD
2026-07-15,Kelsey Mitchell,SECONDARY,3.7,4,0.2999999999999998,0.2999999999999998,GOLD
2026-07-17,Kelsey Mitchell,SECONDARY,3.9,0,-3.9,3.9,GOLD
2026-07-18,Kelsey Mitchell,SECONDARY,3.5,1,-2.5,2.5,GOLD
2026-07-22,Kelsey Mitchell,OTHER,3.1,2,-1.1,1.1,GOLD
2026-07-25,Kelsey Mitchell,OTHER,2.4,2,-0.3999999999999999,0.3999999999999999,GOLD
2026-07-28,Kelsey Mitchell,OTHER,2.2,2,-0.20000000000000018,0.20000000000000018,GOLD
2026-07-31,Kelsey Mitchell,OTHER,2,2,0,0,GOLD
2026-08-02,Kelsey Mitchell,OTHER,2.2,3,0.7999999999999998,0.7999999999999998,GOLD
2026-08-06,Kelsey Mitchell,OTHER,2.4,4,1.6,1.6,GOLD
2026-08-08,Kelsey Mitchell,OTHER,2.7,2,-0.7000000000000002,0.7000000000000002,GOLD
2026-08-11,Kelsey Mitchell,OTHER,2.7,3,0.2999999999999998,0.2999999999999998,GOLD
2026-06-10,Kelsey Plum,PRIMARY,7.6,11,3.4000000000000004,3.4000000000000004,GOLD
2026-06-13,Kelsey Plum,PRIMARY,8.4,7,-1.4000000000000004,1.4000000000000004,GOLD
2026-06-15,Kelsey Plum,PRIMARY,8.4,1,-7.4,7.4,GOLD
2026-06-21,Kelsey Plum,PRIMARY,7,7,0,0,GOLD
2026-08-03,Kelsey Plum,PRIMARY,7.1,4,-3.0999999999999996,3.0999999999999996,GOLD
2026-08-05,Kelsey Plum,PRIMARY,6.6,4,-2.5999999999999996,2.5999999999999996,GOLD
2026-08-07,Kelsey Plum,PRIMARY,5.6,3,-2.5999999999999996,2.5999999999999996,GOLD
2026-08-09,Kelsey Plum,PRIMARY,4.9,2,-2.9000000000000004,2.9000000000000004,GOLD
2026-05-30,Kia Nurse,OTHER,0.4,0,-0.4,0.4,GOLD
2026-06-03,Kia Nurse,OTHER,0.4,0,-0.4,0.4,GOLD
2026-06-07,Kia Nurse,OTHER,0.4,0,-0.4,0.4,GOLD
2026-06-10,Kia Nurse,OTHER,0.1,0,-0.1,0.1,GOLD
2026-06-12,Kia Nurse,OTHER,0.1,1,0.9,0.9,GOLD
2026-06-14,Kia Nurse,OTHER,0.2,0,-0.2,0.2,GOLD
2026-06-16,Kia Nurse,OTHER,0.2,0,-0.2,0.2,GOLD
2026-06-19,Kia Nurse,OTHER,0.2,0,-0.2,0.2,GOLD
2026-06-22,Kia Nurse,OTHER,0.2,4,3.8,3.8,GOLD
2026-06-25,Kia Nurse,OTHER,0.8,0,-0.8,0.8,GOLD
2026-06-27,Kia Nurse,OTHER,0.7,1,0.30000000000000004,0.30000000000000004,GOLD
2026-07-05,Kia Nurse,OTHER,0.8,0,-0.8,0.8,GOLD
2026-07-08,Kia Nurse,OTHER,0.8,2,1.2,1.2,GOLD
2026-07-10,Kia Nurse,OTHER,1,1,0,0,GOLD
2026-07-12,Kia Nurse,OTHER,0.7,1,0.30000000000000004,0.30000000000000004,GOLD
2026-07-14,Kia Nurse,OTHER,0.8,1,0.19999999999999996,0.19999999999999996,GOLD
2026-07-17,Kia Nurse,OTHER,0.8,1,0.19999999999999996,0.19999999999999996,GOLD
2026-07-20,Kia Nurse,OTHER,1,1,0,0,GOLD
2026-07-28,Kia Nurse,OTHER,0.9,3,2.1,2.1,GOLD
2026-07-30,Kia Nurse,OTHER,1.1,2,0.8999999999999999,0.8999999999999999,GOLD
2026-08-02,Kia Nurse,OTHER,1.3,2,0.7,0.7,GOLD
2026-08-06,Kia Nurse,OTHER,1.4,1,-0.3999999999999999,0.3999999999999999,GOLD
2026-08-10,Kia Nurse,OTHER,1.4,0,-1.4,1.4,GOLD
2026-05-30,Kiki Rice,SECONDARY,3.9,1,-2.9,2.9,GOLD
2026-06-03,Kiki Rice,SECONDARY,3.6,2,-1.6,1.6,GOLD
2026-07-28,Kiki Rice,SECONDARY,3.4,4,0.6000000000000001,0.6000000000000001,GOLD
2026-07-30,Kiki Rice,SECONDARY,3.4,2,-1.4,1.4,GOLD
2026-08-02,Kiki Rice,SECONDARY,3.3,3,-0.2999999999999998,0.2999999999999998,GOLD
2026-08-04,Kiki Rice,SECONDARY,2.7,0,-2.7,2.7,GOLD
2026-08-06,Kiki Rice,OTHER,2.4,1,-1.4,1.4,GOLD
2026-08-10,Kiki Rice,OTHER,2.3,6,3.7,3.7,GOLD
2026-05-30,Laura Juskaite,OTHER,1.2,1,-0.19999999999999996,0.19999999999999996,GOLD
2026-06-03,Laura Juskaite,OTHER,1.2,2,0.8,0.8,GOLD
2026-06-07,Laura Juskaite,OTHER,1.5,1,-0.5,0.5,GOLD
2026-06-10,Laura Juskaite,OTHER,1.3,2,0.7,0.7,GOLD
2026-06-12,Laura Juskaite,OTHER,1.5,0,-1.5,1.5,GOLD
2026-06-14,Laura Juskaite,OTHER,1.2,3,1.8,1.8,GOLD
2026-06-16,Laura Juskaite,OTHER,1.5,4,2.5,2.5,GOLD
2026-06-19,Laura Juskaite,OTHER,1.8,4,2.2,2.2,GOLD
2026-06-22,Laura Juskaite,OTHER,2.2,2,-0.20000000000000018,0.20000000000000018,GOLD
2026-06-25,Laura Juskaite,OTHER,2.3,2,-0.2999999999999998,0.2999999999999998,GOLD
2026-06-27,Laura Juskaite,OTHER,2.5,1,-1.5,1.5,GOLD
2026-07-05,Laura Juskaite,OTHER,2.3,1,-1.2999999999999998,1.2999999999999998,GOLD
2026-07-08,Laura Juskaite,OTHER,1.9,1,-0.8999999999999999,0.8999999999999999,GOLD
2026-07-10,Laura Juskaite,OTHER,1.5,3,1.5,1.5,GOLD
2026-07-12,Laura Juskaite,OTHER,1.7,3,1.3,1.3,GOLD
2026-07-14,Laura Juskaite,OTHER,1.8,1,-0.8,0.8,GOLD
2026-07-17,Laura Juskaite,OTHER,1.8,0,-1.8,1.8,GOLD
2026-07-20,Laura Juskaite,OTHER,1.6,1,-0.6000000000000001,0.6000000000000001,GOLD
2026-07-28,Laura Juskaite,OTHER,1.6,1,-0.6000000000000001,0.6000000000000001,GOLD
2026-07-30,Laura Juskaite,OTHER,1.4,3,1.6,1.6,GOLD
2026-08-02,Laura Juskaite,OTHER,1.4,2,0.6000000000000001,0.6000000000000001,GOLD
2026-08-04,Laura Juskaite,OTHER,1.5,1,-0.5,0.5,GOLD
2026-08-06,Laura Juskaite,OTHER,1.6,3,1.4,1.4,GOLD
2026-08-10,Laura Juskaite,OTHER,1.9,0,-1.9,1.9,GOLD
2026-05-30,Lexie Brown,OTHER,0.8,1,0.19999999999999996,0.19999999999999996,GOLD
2026-06-01,Lexie Brown,OTHER,0.9,1,0.09999999999999998,0.09999999999999998,GOLD
2026-06-04,Lexie Hull,OTHER,1.2,0,-1.2,1.2,GOLD
2026-06-06,Lexie Hull,OTHER,0.9,1,0.09999999999999998,0.09999999999999998,GOLD
2026-06-08,Lexie Hull,OTHER,0.9,0,-0.9,0.9,GOLD
2026-06-11,Lexie Hull,OTHER,0.6,1,0.4,0.4,GOLD
2026-06-13,Lexie Hull,OTHER,0.7,2,1.3,1.3,GOLD
2026-06-16,Lexie Hull,OTHER,0.9,0,-0.9,0.9,GOLD
2026-06-18,Lexie Hull,OTHER,0.8,0,-0.8,0.8,GOLD
2026-06-20,Lexie Hull,OTHER,0.7,1,0.30000000000000004,0.30000000000000004,GOLD
2026-06-22,Lexie Hull,OTHER,0.8,0,-0.8,0.8,GOLD
2026-06-24,Lexie Hull,OTHER,0.7,2,1.3,1.3,GOLD
2026-06-27,Lexie Hull,OTHER,0.7,3,2.3,2.3,GOLD
2026-07-05,Lexie Hull,OTHER,1.1,1,-0.10000000000000009,0.10000000000000009,GOLD
2026-07-08,Lexie Hull,OTHER,1.2,0,-1.2,1.2,GOLD
2026-07-09,Lexie Hull,OTHER,1.1,0,-1.1,1.1,GOLD
2026-07-12,Lexie Hull,OTHER,1.1,0,-1.1,1.1,GOLD
2026-07-15,Lexie Hull,OTHER,0.8,0,-0.8,0.8,GOLD
2026-07-17,Lexie Hull,OTHER,0.4,1,0.6,0.6,GOLD
2026-07-18,Lexie Hull,OTHER,0.4,2,1.6,1.6,GOLD
2026-07-22,Lexie Hull,OTHER,0.7,1,0.30000000000000004,0.30000000000000004,GOLD
2026-07-28,Lexie Hull,OTHER,0.8,0,-0.8,0.8,GOLD
2026-07-31,Lexie Hull,OTHER,0.8,0,-0.8,0.8,GOLD
2026-08-02,Lexie Hull,OTHER,0.8,1,0.19999999999999996,0.19999999999999996,GOLD
2026-08-06,Lexie Hull,OTHER,0.8,1,0.19999999999999996,0.19999999999999996,GOLD
2026-08-08,Lexie Hull,OTHER,0.7,0,-0.7,0.7,GOLD
2026-08-11,Lexie Hull,OTHER,0.5,1,0.5,0.5,GOLD
2026-06-01,Lexi Held,OTHER,1.4,0,-1.4,1.4,GOLD
2026-06-03,Lexi Held,OTHER,1.3,2,0.7,0.7,GOLD
2026-06-05,Lexi Held,OTHER,1.5,3,1.5,1.5,GOLD
2026-06-09,Lexi Held,OTHER,1.6,2,0.3999999999999999,0.3999999999999999,GOLD
2026-06-11,Lexi Held,OTHER,1.7,1,-0.7,0.7,GOLD
2026-06-13,Lexi Held,OTHER,1.6,2,0.3999999999999999,0.3999999999999999,GOLD
2026-06-17,Lexi Held,OTHER,1.8,0,-1.8,1.8,GOLD
2026-06-20,Lexi Held,OTHER,1.5,2,0.5,0.5,GOLD
2026-06-22,Lexi Held,OTHER,1.5,3,1.5,1.5,GOLD
2026-06-24,Lexi Held,OTHER,1.6,0,-1.6,1.6,GOLD
2026-06-27,Lexi Held,OTHER,1.5,2,0.5,0.5,GOLD
2026-07-02,Lexi Held,OTHER,1.5,2,0.5,0.5,GOLD
2026-07-07,Lexi Held,OTHER,1.7,2,0.30000000000000004,0.30000000000000004,GOLD
2026-07-09,Lexi Held,OTHER,1.7,4,2.3,2.3,GOLD
2026-07-11,Lexi Held,OTHER,1.9,2,0.10000000000000009,0.10000000000000009,GOLD
2026-07-13,Lexi Held,OTHER,2.1,3,0.8999999999999999,0.8999999999999999,GOLD
2026-07-17,Lexi Held,OTHER,2.2,4,1.7999999999999998,1.7999999999999998,GOLD
2026-07-19,Lexi Held,OTHER,2.6,0,-2.6,2.6,GOLD
2026-07-22,Lexi Held,OTHER,2.3,1,-1.2999999999999998,1.2999999999999998,GOLD
2026-07-29,Lexi Held,OTHER,1.9,0,-1.9,1.9,GOLD
2026-08-01,Lexi Held,OTHER,1.7,0,-1.7,1.7,GOLD
2026-08-03,Lexi Held,OTHER,1.2,0,-1.2,1.2,GOLD
2026-08-05,Lexi Held,OTHER,0.6,0,-0.6,0.6,GOLD
2026-08-09,Lexi Held,OTHER,0.6,1,0.4,0.4,GOLD
2026-08-11,Lexi Held,OTHER,0.6,1,0.4,0.4,GOLD
2026-05-30,Mackenzie Holmes,OTHER,0.6,1,0.4,0.4,GOLD
2026-06-01,Mackenzie Holmes,OTHER,0.7,2,1.3,1.3,GOLD
2026-06-03,Mackenzie Holmes,OTHER,0.9,1,0.09999999999999998,0.09999999999999998,GOLD
2026-06-06,Mackenzie Holmes,OTHER,0.9,2,1.1,1.1,GOLD
2026-06-08,Mackenzie Holmes,OTHER,1.2,0,-1.2,1.2,GOLD
2026-06-10,Mackenzie Holmes,OTHER,1.1,0,-1.1,1.1,GOLD
2026-06-12,Mackenzie Holmes,OTHER,0.9,1,0.09999999999999998,0.09999999999999998,GOLD
2026-06-17,Mackenzie Holmes,OTHER,0.8,0,-0.8,0.8,GOLD
2026-06-20,Mackenzie Holmes,OTHER,0.7,0,-0.7,0.7,GOLD
2026-06-27,Mackenzie Holmes,OTHER,0.4,0,-0.4,0.4,GOLD
2026-07-02,Mackenzie Holmes,OTHER,0.4,0,-0.4,0.4,GOLD
2026-07-06,Mackenzie Holmes,OTHER,0.4,0,-0.4,0.4,GOLD
2026-07-12,Mackenzie Holmes,OTHER,0.1,0,-0.1,0.1,GOLD
2026-07-28,Mackenzie Holmes,OTHER,0.1,0,-0.1,0.1,GOLD
2026-06-02,Madina Okot,OTHER,0.4,0,-0.4,0.4,GOLD
2026-06-04,Madina Okot,OTHER,0.2,0,-0.2,0.2,GOLD
2026-06-06,Madina Okot,OTHER,0.2,0,-0.2,0.2,GOLD
2026-06-09,Madina Okot,OTHER,0.2,0,-0.2,0.2,GOLD
2026-06-11,Madina Okot,OTHER,0.2,1,0.8,0.8,GOLD
2026-06-14,Madina Okot,OTHER,0.2,0,-0.2,0.2,GOLD
2026-06-18,Madina Okot,OTHER,0.2,1,0.8,0.8,GOLD
2026-06-20,Madina Okot,OTHER,0.4,0,-0.4,0.4,GOLD
2026-06-22,Madina Okot,OTHER,0.4,0,-0.4,0.4,GOLD
2026-06-24,Madina Okot,OTHER,0.4,1,0.6,0.6,GOLD
2026-06-26,Madina Okot,OTHER,0.4,0,-0.4,0.4,GOLD
2026-06-27,Madina Okot,OTHER,0.4,0,-0.4,0.4,GOLD
2026-07-02,Madina Okot,OTHER,0.2,0,-0.2,0.2,GOLD
2026-07-04,Madina Okot,OTHER,0.2,0,-0.2,0.2,GOLD
2026-07-09,Madina Okot,OTHER,0.2,0,-0.2,0.2,GOLD
2026-07-11,Madina Okot,OTHER,0.1,0,-0.1,0.1,GOLD
2026-07-13,Madina Okot,OTHER,0.1,1,0.9,0.9,GOLD
2026-07-17,Madina Okot,OTHER,0.2,0,-0.2,0.2,GOLD
2026-07-19,Madina Okot,OTHER,0.2,0,-0.2,0.2,GOLD
2026-07-29,Madina Okot,OTHER,0.2,0,-0.2,0.2,GOLD
2026-08-03,Madina Okot,OTHER,0.2,0,-0.2,0.2,GOLD
2026-08-05,Madina Okot,OTHER,0.2,0,-0.2,0.2,GOLD
2026-08-07,Madina Okot,OTHER,0.1,0,-0.1,0.1,GOLD
2026-08-10,Madina Okot,OTHER,0.1,0,-0.1,0.1,GOLD
2026-06-04,Makayla Timpson,OTHER,0.8,0,-0.8,0.8,GOLD
2026-06-06,Makayla Timpson,OTHER,0.6,0,-0.6,0.6,GOLD
2026-06-08,Makayla Timpson,OTHER,0.6,1,0.4,0.4,GOLD
2026-06-11,Makayla Timpson,OTHER,0.7,0,-0.7,0.7,GOLD
2026-06-13,Makayla Timpson,OTHER,0.5,0,-0.5,0.5,GOLD
2026-06-16,Makayla Timpson,OTHER,0.3,0,-0.3,0.3,GOLD
2026-06-18,Makayla Timpson,OTHER,0.3,0,-0.3,0.3,GOLD
2026-06-20,Makayla Timpson,OTHER,0.3,0,-0.3,0.3,GOLD
2026-06-22,Makayla Timpson,OTHER,0.2,0,-0.2,0.2,GOLD
2026-06-27,Makayla Timpson,OTHER,0.1,0,-0.1,0.1,GOLD
2026-07-05,Makayla Timpson,OTHER,0.1,1,0.9,0.9,GOLD
2026-07-08,Makayla Timpson,OTHER,0.3,0,-0.3,0.3,GOLD
2026-07-09,Makayla Timpson,OTHER,0.3,1,0.7,0.7,GOLD
2026-07-12,Makayla Timpson,OTHER,0.4,2,1.6,1.6,GOLD
2026-07-15,Makayla Timpson,OTHER,0.7,0,-0.7,0.7,GOLD
2026-07-17,Makayla Timpson,OTHER,0.6,2,1.4,1.4,GOLD
2026-07-18,Makayla Timpson,OTHER,0.8,0,-0.8,0.8,GOLD
2026-07-22,Makayla Timpson,OTHER,0.8,0,-0.8,0.8,GOLD
2026-07-28,Makayla Timpson,OTHER,0.7,0,-0.7,0.7,GOLD
2026-07-31,Makayla Timpson,OTHER,0.4,0,-0.4,0.4,GOLD
2026-08-02,Makayla Timpson,OTHER,0.4,0,-0.4,0.4,GOLD
2026-08-06,Makayla Timpson,OTHER,0.2,0,-0.2,0.2,GOLD
2026-08-08,Makayla Timpson,OTHER,0.2,3,2.8,2.8,GOLD
2026-08-11,Makayla Timpson,OTHER,0.6,0,-0.6,0.6,GOLD
2026-05-30,Maria Conde,OTHER,1.4,2,0.6000000000000001,0.6000000000000001,GOLD
2026-06-03,Maria Conde,OTHER,1.3,1,-0.30000000000000004,0.30000000000000004,GOLD
2026-06-07,Maria Conde,OTHER,1.2,2,0.8,0.8,GOLD
2026-06-10,Maria Conde,OTHER,1.3,2,0.7,0.7,GOLD
2026-06-12,Maria Conde,OTHER,1.5,4,2.5,2.5,GOLD
2026-06-14,Maria Conde,OTHER,2,4,2,2,GOLD
2026-06-16,Maria Conde,OTHER,2.4,5,2.6,2.6,GOLD
2026-06-19,Maria Conde,OTHER,2.9,3,0.10000000000000009,0.10000000000000009,GOLD
2026-06-22,Maria Conde,OTHER,3.1,2,-1.1,1.1,GOLD
2026-06-25,Maria Conde,OTHER,3.1,0,-3.1,3.1,GOLD
2026-06-27,Maria Conde,OTHER,2.5,6,3.5,3.5,GOLD
2026-07-05,Maria Conde,OTHER,2.9,3,0.10000000000000009,0.10000000000000009,GOLD
2026-07-08,Maria Conde,OTHER,2.6,1,-1.6,1.6,GOLD
2026-07-10,Maria Conde,OTHER,2.4,9,6.6,6.6,GOLD
2026-07-12,Maria Conde,OTHER,3.3,2,-1.2999999999999998,1.2999999999999998,GOLD
2026-07-14,Maria Conde,OTHER,3.5,3,-0.5,0.5,GOLD
2026-07-17,Maria Conde,OTHER,3.2,5,1.7999999999999998,1.7999999999999998,GOLD
2026-07-20,Maria Conde,OTHER,3.5,4,0.5,0.5,GOLD
2026-07-28,Maria Conde,OTHER,3.8,1,-2.8,2.8,GOLD
2026-07-30,Maria Conde,OTHER,2.9,2,-0.8999999999999999,0.8999999999999999,GOLD
2026-08-02,Maria Conde,OTHER,2.9,5,2.1,2.1,GOLD
2026-08-04,Maria Conde,OTHER,3.2,4,0.7999999999999998,0.7999999999999998,GOLD
2026-08-06,Maria Conde,OTHER,3.1,2,-1.1,1.1,GOLD
2026-08-10,Maria Conde,OTHER,2.8,3,0.20000000000000018,0.20000000000000018,GOLD
2026-05-30,Marina Mabrey,SECONDARY,4.7,4,-0.7000000000000002,0.7000000000000002,GOLD
2026-06-03,Marina Mabrey,SECONDARY,4.7,4,-0.7000000000000002,0.7000000000000002,GOLD
2026-06-07,Marina Mabrey,SECONDARY,4.8,6,1.2000000000000002,1.2000000000000002,GOLD
2026-06-10,Marina Mabrey,SECONDARY,5.5,1,-4.5,4.5,GOLD
2026-06-12,Marina Mabrey,SECONDARY,4.5,3,-1.5,1.5,GOLD
2026-06-14,Marina Mabrey,SECONDARY,3.9,2,-1.9,1.9,GOLD
2026-06-16,Marina Mabrey,SECONDARY,3.6,7,3.4,3.4,GOLD
2026-06-19,Marina Mabrey,SECONDARY,4.1,4,-0.09999999999999964,0.09999999999999964,GOLD
2026-06-22,Marina Mabrey,SECONDARY,3.8,4,0.20000000000000018,0.20000000000000018,GOLD
2026-06-25,Marina Mabrey,SECONDARY,4.2,2,-2.2,2.2,GOLD
2026-07-05,Marina Mabrey,SECONDARY,4,5,1,1,GOLD
2026-07-08,Marina Mabrey,SECONDARY,4.4,4,-0.40000000000000036,0.40000000000000036,GOLD
2026-07-10,Marina Mabrey,SECONDARY,4,1,-3,3,GOLD
2026-07-12,Marina Mabrey,SECONDARY,3.6,5,1.4,1.4,GOLD
2026-07-14,Marina Mabrey,SECONDARY,3.7,3,-0.7000000000000002,0.7000000000000002,GOLD
2026-07-17,Marina Mabrey,SECONDARY,3.8,3,-0.7999999999999998,0.7999999999999998,GOLD
2026-07-20,Marina Mabrey,SECONDARY,3.6,5,1.4,1.4,GOLD
2026-07-25,Marina Mabrey,SECONDARY,3.7,2,-1.7000000000000002,1.7000000000000002,GOLD
2026-07-28,Marina Mabrey,SECONDARY,3.8,6,2.2,2.2,GOLD
2026-07-30,Marina Mabrey,SECONDARY,4,4,0,0,GOLD
2026-08-04,Marina Mabrey,SECONDARY,4.1,6,1.9000000000000004,1.9000000000000004,GOLD
2026-08-06,Marina Mabrey,SECONDARY,4.5,1,-3.5,3.5,GOLD
2026-08-10,Marina Mabrey,SECONDARY,4,3,-1,1,GOLD
2026-06-01,Maya Caldwell,OTHER,1.6,0,-1.6,1.6,GOLD
2026-06-04,Maya Caldwell,OTHER,1.3,1,-0.30000000000000004,0.30000000000000004,GOLD
2026-06-06,Maya Caldwell,OTHER,1,1,0,0,GOLD
2026-06-09,Maya Caldwell,OTHER,0.9,0,-0.9,0.9,GOLD
2026-06-13,Maya Caldwell,OTHER,0.7,0,-0.7,0.7,GOLD
2026-06-15,Maya Caldwell,OTHER,0.6,1,0.4,0.4,GOLD
2026-06-17,Maya Caldwell,OTHER,0.8,3,2.2,2.2,GOLD
2026-06-19,Maya Caldwell,OTHER,1.1,0,-1.1,1.1,GOLD
2026-06-21,Maya Caldwell,OTHER,0.9,1,0.09999999999999998,0.09999999999999998,GOLD
2026-06-24,Maya Caldwell,OTHER,1,1,0,0,GOLD
2026-06-28,Maya Caldwell,OTHER,1.1,1,-0.10000000000000009,0.10000000000000009,GOLD
2026-07-03,Maya Caldwell,OTHER,1.1,3,1.9,1.9,GOLD
2026-07-06,Maya Caldwell,OTHER,1.2,3,1.8,1.8,GOLD
2026-07-08,Maya Caldwell,OTHER,1.6,1,-0.6000000000000001,0.6000000000000001,GOLD
2026-07-11,Maya Caldwell,OTHER,1.6,0,-1.6,1.6,GOLD
2026-07-13,Maya Caldwell,OTHER,1.5,1,-0.5,0.5,GOLD
2026-07-15,Maya Caldwell,OTHER,1.4,0,-1.4,1.4,GOLD
2026-07-18,Maya Caldwell,OTHER,1.1,2,0.8999999999999999,0.8999999999999999,GOLD
2026-07-20,Maya Caldwell,OTHER,1,0,-1,1,GOLD
2026-07-22,Maya Caldwell,OTHER,0.8,2,1.2,1.2,GOLD
2026-07-28,Maya Caldwell,OTHER,1.1,0,-1.1,1.1,GOLD
2026-07-30,Maya Caldwell,OTHER,0.9,1,0.09999999999999998,0.09999999999999998,GOLD
2026-08-02,Maya Caldwell,OTHER,1,2,1,1,GOLD
2026-08-06,Maya Caldwell,OTHER,1.1,1,-0.10000000000000009,0.10000000000000009,GOLD
2026-08-08,Maya Caldwell,OTHER,1.2,0,-1.2,1.2,GOLD
2026-08-09,Maya Caldwell,OTHER,0.9,1,0.09999999999999998,0.09999999999999998,GOLD
2026-06-04,Monique Billings,OTHER,0.8,0,-0.8,0.8,GOLD
2026-06-06,Monique Billings,OTHER,0.6,1,0.4,0.4,GOLD
2026-06-08,Monique Billings,OTHER,0.6,0,-0.6,0.6,GOLD
2026-06-11,Monique Billings,OTHER,0.6,1,0.4,0.4,GOLD
2026-06-13,Monique Billings,OTHER,0.5,2,1.5,1.5,GOLD
2026-06-16,Monique Billings,OTHER,0.8,0,-0.8,0.8,GOLD
2026-06-18,Monique Billings,OTHER,0.8,1,0.19999999999999996,0.19999999999999996,GOLD
2026-06-20,Monique Billings,OTHER,0.8,0,-0.8,0.8,GOLD
2026-06-22,Monique Billings,OTHER,0.8,1,0.19999999999999996,0.19999999999999996,GOLD
2026-06-24,Monique Billings,OTHER,0.8,0,-0.8,0.8,GOLD
2026-06-27,Monique Billings,OTHER,0.5,2,1.5,1.5,GOLD
2026-07-05,Monique Billings,OTHER,0.8,2,1.2,1.2,GOLD
2026-07-08,Monique Billings,OTHER,0.9,3,2.1,2.1,GOLD
2026-07-09,Monique Billings,OTHER,1.3,0,-1.3,1.3,GOLD
2026-07-12,Monique Billings,OTHER,1.2,0,-1.2,1.2,GOLD
2026-07-15,Monique Billings,OTHER,1.2,2,0.8,0.8,GOLD
2026-07-17,Monique Billings,OTHER,1.2,3,1.8,1.8,GOLD
2026-07-18,Monique Billings,OTHER,1.3,2,0.7,0.7,GOLD
2026-07-22,Monique Billings,OTHER,1.3,1,-0.30000000000000004,0.30000000000000004,GOLD
2026-07-28,Monique Billings,OTHER,1.4,1,-0.3999999999999999,0.3999999999999999,GOLD
2026-07-31,Monique Billings,OTHER,1.5,1,-0.5,0.5,GOLD
2026-08-02,Monique Billings,OTHER,1.4,2,0.6000000000000001,0.6000000000000001,GOLD
2026-08-06,Monique Billings,OTHER,1.3,1,-0.30000000000000004,0.30000000000000004,GOLD
2026-08-08,Monique Billings,OTHER,1.2,1,-0.19999999999999996,0.19999999999999996,GOLD
2026-08-11,Monique Billings,OTHER,1.1,1,-0.10000000000000009,0.10000000000000009,GOLD
2026-06-04,Myisha Hines-Allen,OTHER,2.4,1,-1.4,1.4,GOLD
2026-06-06,Myisha Hines-Allen,OTHER,1.9,0,-1.9,1.9,GOLD
2026-06-08,Myisha Hines-Allen,OTHER,1.4,1,-0.3999999999999999,0.3999999999999999,GOLD
2026-06-11,Myisha Hines-Allen,OTHER,1.3,3,1.7,1.7,GOLD
2026-06-13,Myisha Hines-Allen,OTHER,1.6,0,-1.6,1.6,GOLD
2026-06-16,Myisha Hines-Allen,OTHER,1.3,2,0.7,0.7,GOLD
2026-06-18,Myisha Hines-Allen,OTHER,1.4,0,-1.4,1.4,GOLD
2026-06-20,Myisha Hines-Allen,OTHER,1.3,0,-1.3,1.3,GOLD
2026-06-22,Myisha Hines-Allen,OTHER,1.2,1,-0.19999999999999996,0.19999999999999996,GOLD
2026-06-24,Myisha Hines-Allen,OTHER,0.9,2,1.1,1.1,GOLD
2026-06-27,Myisha Hines-Allen,OTHER,1.2,3,1.8,1.8,GOLD
2026-07-05,Myisha Hines-Allen,OTHER,1.3,2,0.7,0.7,GOLD
2026-07-08,Myisha Hines-Allen,OTHER,1.6,0,-1.6,1.6,GOLD
2026-07-09,Myisha Hines-Allen,OTHER,1.6,0,-1.6,1.6,GOLD
2026-07-17,Myisha Hines-Allen,OTHER,1.4,2,0.6000000000000001,0.6000000000000001,GOLD
2026-07-18,Myisha Hines-Allen,OTHER,1.5,1,-0.5,0.5,GOLD
2026-07-22,Myisha Hines-Allen,OTHER,1.2,1,-0.19999999999999996,0.19999999999999996,GOLD
2026-07-28,Myisha Hines-Allen,OTHER,1,1,0,0,GOLD
2026-08-02,Myisha Hines-Allen,OTHER,1.2,1,-0.19999999999999996,0.19999999999999996,GOLD
2026-08-08,Myisha Hines-Allen,OTHER,1.3,1,-0.30000000000000004,0.30000000000000004,GOLD
2026-08-11,Myisha Hines-Allen,OTHER,1.1,0,-1.1,1.1,GOLD
2026-06-06,NaLyssa Smith,OTHER,0.6,1,0.4,0.4,GOLD
2026-06-08,NaLyssa Smith,OTHER,0.6,0,-0.6,0.6,GOLD
2026-06-11,NaLyssa Smith,OTHER,0.5,3,2.5,2.5,GOLD
2026-06-13,NaLyssa Smith,OTHER,1,0,-1,1,GOLD
2026-06-15,NaLyssa Smith,OTHER,0.8,0,-0.8,0.8,GOLD
2026-06-17,NaLyssa Smith,OTHER,0.8,2,1.2,1.2,GOLD
2026-06-21,NaLyssa Smith,OTHER,0.9,1,0.09999999999999998,0.09999999999999998,GOLD
2026-06-23,NaLyssa Smith,OTHER,1.1,0,-1.1,1.1,GOLD
2026-06-25,NaLyssa Smith,OTHER,0.7,0,-0.7,0.7,GOLD
2026-06-28,NaLyssa Smith,OTHER,0.6,2,1.4,1.4,GOLD
2026-06-30,NaLyssa Smith,OTHER,0.9,1,0.09999999999999998,0.09999999999999998,GOLD
2026-07-03,NaLyssa Smith,OTHER,0.8,1,0.19999999999999996,0.19999999999999996,GOLD
2026-07-05,NaLyssa Smith,OTHER,0.8,1,0.19999999999999996,0.19999999999999996,GOLD
2026-07-09,NaLyssa Smith,OTHER,0.9,0,-0.9,0.9,GOLD
2026-07-11,NaLyssa Smith,OTHER,0.9,0,-0.9,0.9,GOLD
2026-07-12,NaLyssa Smith,OTHER,0.7,1,0.30000000000000004,0.30000000000000004,GOLD
2026-07-20,NaLyssa Smith,OTHER,0.7,2,1.3,1.3,GOLD
2026-07-22,NaLyssa Smith,OTHER,0.8,0,-0.8,0.8,GOLD
2026-07-30,NaLyssa Smith,OTHER,0.7,1,0.30000000000000004,0.30000000000000004,GOLD
2026-08-01,NaLyssa Smith,OTHER,0.8,0,-0.8,0.8,GOLD
2026-08-03,NaLyssa Smith,OTHER,0.8,0,-0.8,0.8,GOLD
2026-08-06,NaLyssa Smith,OTHER,0.7,1,0.30000000000000004,0.30000000000000004,GOLD
2026-08-08,NaLyssa Smith,OTHER,0.5,4,3.5,3.5,GOLD
2026-08-09,NaLyssa Smith,OTHER,1.1,4,2.9,2.9,GOLD
2026-08-11,NaLyssa Smith,OTHER,1.4,0,-1.4,1.4,GOLD
2026-06-02,Natasha Cloud,SECONDARY,4.9,3,-1.9000000000000004,1.9000000000000004,GOLD
2026-06-05,Natasha Cloud,SECONDARY,4.3,5,0.7000000000000002,0.7000000000000002,GOLD
2026-06-07,Natasha Cloud,SECONDARY,4.3,3,-1.2999999999999998,1.2999999999999998,GOLD
2026-06-09,Natasha Cloud,SECONDARY,4.5,4,-0.5,0.5,GOLD
2026-06-11,Natasha Cloud,SECONDARY,3.9,5,1.1,1.1,GOLD
2026-06-17,Natasha Cloud,SECONDARY,4.3,4,-0.2999999999999998,0.2999999999999998,GOLD
2026-06-20,Natasha Cloud,SECONDARY,4.4,6,1.5999999999999996,1.5999999999999996,GOLD
2026-06-22,Natasha Cloud,SECONDARY,4.6,0,-4.6,4.6,GOLD
2026-06-24,Natasha Cloud,SECONDARY,4.1,4,-0.09999999999999964,0.09999999999999964,GOLD
2026-06-26,Natasha Cloud,SECONDARY,4.1,4,-0.09999999999999964,0.09999999999999964,GOLD
2026-06-28,Natasha Cloud,SECONDARY,3.9,4,0.10000000000000009,0.10000000000000009,GOLD
2026-07-03,Natasha Cloud,SECONDARY,3.9,5,1.1,1.1,GOLD
2026-07-07,Natasha Cloud,SECONDARY,3.8,6,2.2,2.2,GOLD
2026-07-10,Natasha Cloud,SECONDARY,4.6,7,2.4000000000000004,2.4000000000000004,GOLD
2026-07-12,Natasha Cloud,SECONDARY,5.1,3,-2.0999999999999996,2.0999999999999996,GOLD
2026-07-15,Natasha Cloud,SECONDARY,4.9,6,1.0999999999999996,1.0999999999999996,GOLD
2026-07-17,Natasha Cloud,SECONDARY,5.2,9,3.8,3.8,GOLD
2026-07-19,Natasha Cloud,SECONDARY,5.7,4,-1.7000000000000002,1.7000000000000002,GOLD
2026-07-22,Natasha Cloud,SECONDARY,5.5,7,1.5,1.5,GOLD
2026-07-30,Natasha Cloud,SECONDARY,5.5,5,-0.5,0.5,GOLD
2026-08-01,Natasha Cloud,SECONDARY,5.8,4,-1.7999999999999998,1.7999999999999998,GOLD
2026-08-03,Natasha Cloud,SECONDARY,5.5,7,1.5,1.5,GOLD
2026-08-05,Natasha Cloud,SECONDARY,5.3,9,3.7,3.7,GOLD
2026-08-08,Natasha Cloud,SECONDARY,6,4,-2,2,GOLD
2026-08-10,Natasha Cloud,SECONDARY,5.6,8,2.4000000000000004,2.4000000000000004,GOLD
2026-06-01,Natasha Howard,SECONDARY,4.7,3,-1.7000000000000002,1.7000000000000002,GOLD
2026-06-04,Natasha Howard,SECONDARY,4.1,0,-4.1,4.1,GOLD
2026-06-06,Natasha Howard,SECONDARY,3.5,1,-2.5,2.5,GOLD
2026-06-09,Natasha Howard,SECONDARY,2.9,4,1.1,1.1,GOLD
2026-06-13,Natasha Howard,SECONDARY,2.8,2,-0.7999999999999998,0.7999999999999998,GOLD
2026-06-15,Natasha Howard,SECONDARY,2.6,1,-1.6,1.6,GOLD
2026-06-17,Natasha Howard,SECONDARY,2.3,2,-0.2999999999999998,0.2999999999999998,GOLD
2026-06-19,Natasha Howard,SECONDARY,2.5,4,1.5,1.5,GOLD
2026-06-21,Natasha Howard,SECONDARY,2.9,2,-0.8999999999999999,0.8999999999999999,GOLD
2026-06-24,Natasha Howard,SECONDARY,2.6,3,0.3999999999999999,0.3999999999999999,GOLD
2026-06-28,Natasha Howard,SECONDARY,2.7,2,-0.7000000000000002,0.7000000000000002,GOLD
2026-07-03,Natasha Howard,OTHER,2.7,2,-0.7000000000000002,0.7000000000000002,GOLD
2026-07-06,Natasha Howard,OTHER,2.7,4,1.2999999999999998,1.2999999999999998,GOLD
2026-07-08,Natasha Howard,OTHER,2.8,2,-0.7999999999999998,0.7999999999999998,GOLD
2026-07-11,Natasha Howard,OTHER,2.7,2,-0.7000000000000002,0.7000000000000002,GOLD
2026-07-13,Natasha Howard,OTHER,2.6,7,4.4,4.4,GOLD
2026-07-15,Natasha Howard,SECONDARY,3.4,6,2.6,2.6,GOLD
2026-07-18,Natasha Howard,SECONDARY,3.9,3,-0.8999999999999999,0.8999999999999999,GOLD
2026-07-20,Natasha Howard,SECONDARY,3.8,3,-0.7999999999999998,0.7999999999999998,GOLD
2026-07-22,Natasha Howard,SECONDARY,3.9,3,-0.8999999999999999,0.8999999999999999,GOLD
2026-07-25,Natasha Howard,SECONDARY,4,0,-4,4,GOLD
2026-07-28,Natasha Howard,SECONDARY,3.1,4,0.8999999999999999,0.8999999999999999,GOLD
2026-07-30,Natasha Howard,SECONDARY,2.9,4,1.1,1.1,GOLD
2026-08-02,Natasha Howard,SECONDARY,3,5,2,2,GOLD
2026-08-06,Natasha Howard,SECONDARY,3.3,3,-0.2999999999999998,0.2999999999999998,GOLD
2026-08-08,Natasha Howard,SECONDARY,3.3,6,2.7,2.7,GOLD
2026-08-09,Natasha Howard,SECONDARY,4.1,3,-1.0999999999999996,1.0999999999999996,GOLD
2026-05-30,Natisha Hiedeman,SECONDARY,3.9,7,3.1,3.1,GOLD
2026-06-01,Natisha Hiedeman,SECONDARY,4.8,2,-2.8,2.8,GOLD
2026-06-03,Natisha Hiedeman,SECONDARY,4.3,4,-0.2999999999999998,0.2999999999999998,GOLD
2026-06-06,Natisha Hiedeman,SECONDARY,4,5,1,1,GOLD
2026-06-08,Natisha Hiedeman,SECONDARY,4,5,1,1,GOLD
2026-06-10,Natisha Hiedeman,SECONDARY,4.6,5,0.40000000000000036,0.40000000000000036,GOLD
2026-06-12,Natisha Hiedeman,SECONDARY,4.4,5,0.5999999999999996,0.5999999999999996,GOLD
2026-06-17,Natisha Hiedeman,SECONDARY,4.7,6,1.2999999999999998,1.2999999999999998,GOLD
2026-06-20,Natisha Hiedeman,SECONDARY,5,4,-1,1,GOLD
2026-06-22,Natisha Hiedeman,SECONDARY,4.9,11,6.1,6.1,GOLD
2026-06-25,Natisha Hiedeman,SECONDARY,5.8,3,-2.8,2.8,GOLD
2026-06-27,Natisha Hiedeman,SECONDARY,5.5,6,0.5,0.5,GOLD
2026-07-02,Natisha Hiedeman,SECONDARY,5.7,2,-3.7,3.7,GOLD
2026-07-04,Natisha Hiedeman,SECONDARY,5.1,4,-1.0999999999999996,1.0999999999999996,GOLD
2026-07-06,Natisha Hiedeman,SECONDARY,5.1,4,-1.0999999999999996,1.0999999999999996,GOLD
2026-07-09,Natisha Hiedeman,SECONDARY,4.2,3,-1.2000000000000002,1.2000000000000002,GOLD
2026-07-12,Natisha Hiedeman,SECONDARY,4.2,3,-1.2000000000000002,1.2000000000000002,GOLD
2026-07-15,Natisha Hiedeman,SECONDARY,3.8,3,-0.7999999999999998,0.7999999999999998,GOLD
2026-07-17,Natisha Hiedeman,SECONDARY,3.9,8,4.1,4.1,GOLD
2026-07-20,Natisha Hiedeman,SECONDARY,4.5,10,5.5,5.5,GOLD
2026-07-22,Natisha Hiedeman,SECONDARY,5.3,3,-2.3,2.3,GOLD
2026-07-28,Natisha Hiedeman,SECONDARY,5.3,4,-1.2999999999999998,1.2999999999999998,GOLD
2026-07-31,Natisha Hiedeman,SECONDARY,5.4,5,-0.40000000000000036,0.40000000000000036,GOLD
2026-08-03,Natisha Hiedeman,SECONDARY,5.6,7,1.4000000000000004,1.4000000000000004,GOLD
2026-08-05,Natisha Hiedeman,SECONDARY,5.5,6,0.5,0.5,GOLD
2026-08-08,Natisha Hiedeman,SECONDARY,5.1,3,-2.0999999999999996,2.0999999999999996,GOLD
2026-08-10,Natisha Hiedeman,SECONDARY,5.1,9,3.9000000000000004,3.9000000000000004,GOLD
2026-06-02,Naz Hillmon,OTHER,1.4,3,1.6,1.6,GOLD
2026-06-04,Naz Hillmon,OTHER,1.9,1,-0.8999999999999999,0.8999999999999999,GOLD
2026-06-06,Naz Hillmon,OTHER,1.7,1,-0.7,0.7,GOLD
2026-06-09,Naz Hillmon,OTHER,1.8,1,-0.8,0.8,GOLD
2026-06-11,Naz Hillmon,OTHER,1.8,3,1.2,1.2,GOLD
2026-06-14,Naz Hillmon,OTHER,1.7,1,-0.7,0.7,GOLD
2026-06-18,Naz Hillmon,OTHER,1.5,2,0.5,0.5,GOLD
2026-06-20,Naz Hillmon,OTHER,1.6,3,1.4,1.4,GOLD
2026-06-22,Naz Hillmon,OTHER,1.9,1,-0.8999999999999999,0.8999999999999999,GOLD
2026-06-24,Naz Hillmon,OTHER,1.9,0,-1.9,1.9,GOLD
2026-06-26,Naz Hillmon,OTHER,1.5,1,-0.5,0.5,GOLD
2026-07-02,Naz Hillmon,OTHER,1.4,1,-0.3999999999999999,0.3999999999999999,GOLD
2026-07-04,Naz Hillmon,OTHER,1.3,1,-0.30000000000000004,0.30000000000000004,GOLD
2026-07-09,Naz Hillmon,OTHER,1,1,0,0,GOLD
2026-07-11,Naz Hillmon,OTHER,1,2,1,1,GOLD
2026-07-13,Naz Hillmon,OTHER,1.3,2,0.7,0.7,GOLD
2026-07-17,Naz Hillmon,OTHER,1.4,0,-1.4,1.4,GOLD
2026-07-19,Naz Hillmon,OTHER,1.3,1,-0.30000000000000004,0.30000000000000004,GOLD
2026-07-29,Naz Hillmon,OTHER,1.3,1,-0.30000000000000004,0.30000000000000004,GOLD
2026-07-31,Naz Hillmon,OTHER,1.3,3,1.7,1.7,GOLD
2026-08-03,Naz Hillmon,OTHER,1.4,2,0.6000000000000001,0.6000000000000001,GOLD
2026-08-05,Naz Hillmon,OTHER,1.4,1,-0.3999999999999999,0.3999999999999999,GOLD
2026-08-07,Naz Hillmon,OTHER,1.5,1,-0.5,0.5,GOLD
2026-08-10,Naz Hillmon,OTHER,1.5,3,1.5,1.5,GOLD
2026-06-01,Nia Coffey,OTHER,1.8,2,0.19999999999999996,0.19999999999999996,GOLD
2026-06-04,Nia Coffey,OTHER,1.8,5,3.2,3.2,GOLD
2026-06-06,Nia Coffey,OTHER,2.4,5,2.6,2.6,GOLD
2026-06-09,Nia Coffey,OTHER,3.1,1,-2.1,2.1,GOLD
2026-06-13,Nia Coffey,OTHER,2.8,2,-0.7999999999999998,0.7999999999999998,GOLD
2026-06-15,Nia Coffey,OTHER,2.8,4,1.2000000000000002,1.2000000000000002,GOLD
2026-06-17,Nia Coffey,OTHER,3.1,2,-1.1,1.1,GOLD
2026-06-19,Nia Coffey,OTHER,2.7,3,0.2999999999999998,0.2999999999999998,GOLD
2026-06-21,Nia Coffey,OTHER,2.5,2,-0.5,0.5,GOLD
2026-06-24,Nia Coffey,OTHER,2.6,5,2.4,2.4,GOLD
2026-06-28,Nia Coffey,OTHER,3,2,-1,1,GOLD
2026-07-03,Nia Coffey,OTHER,2.7,3,0.2999999999999998,0.2999999999999998,GOLD
2026-07-06,Nia Coffey,OTHER,2.9,3,0.10000000000000009,0.10000000000000009,GOLD
2026-07-08,Nia Coffey,OTHER,2.9,0,-2.9,2.9,GOLD
2026-07-11,Nia Coffey,OTHER,2.6,5,2.4,2.4,GOLD
2026-07-13,Nia Coffey,OTHER,2.6,0,-2.6,2.6,GOLD
2026-07-15,Nia Coffey,OTHER,2.3,2,-0.2999999999999998,0.2999999999999998,GOLD
2026-07-18,Nia Coffey,OTHER,2.2,1,-1.2000000000000002,1.2000000000000002,GOLD
2026-07-20,Nia Coffey,OTHER,1.9,1,-0.8999999999999999,0.8999999999999999,GOLD
2026-07-22,Nia Coffey,OTHER,2,3,1,1,GOLD
2026-07-28,Nia Coffey,OTHER,1.8,1,-0.8,0.8,GOLD
2026-07-30,Nia Coffey,OTHER,1.9,2,0.10000000000000009,0.10000000000000009,GOLD
2026-08-02,Nia Coffey,OTHER,1.9,0,-1.9,1.9,GOLD
2026-08-06,Nia Coffey,OTHER,1.7,0,-1.7,1.7,GOLD
2026-08-08,Nia Coffey,OTHER,1.6,0,-1.6,1.6,GOLD
2026-08-09,Nia Coffey,OTHER,1.1,1,-0.10000000000000009,0.10000000000000009,GOLD
2026-06-05,Nneka Ogwumike,OTHER,2.2,5,2.8,2.8,GOLD
2026-06-07,Nneka Ogwumike,OTHER,2.6,2,-0.6000000000000001,0.6000000000000001,GOLD
2026-06-10,Nneka Ogwumike,OTHER,2.6,1,-1.6,1.6,GOLD
2026-06-13,Nneka Ogwumike,OTHER,2.4,3,0.6000000000000001,0.6000000000000001,GOLD
2026-06-15,Nneka Ogwumike,OTHER,2.5,2,-0.5,0.5,GOLD
2026-06-17,Nneka Ogwumike,OTHER,2.5,1,-1.5,1.5,GOLD
2026-06-21,Nneka Ogwumike,OTHER,2,3,1,1,GOLD
2026-06-25,Nneka Ogwumike,OTHER,2.1,4,1.9,1.9,GOLD
2026-06-27,Nneka Ogwumike,OTHER,2.5,2,-0.5,0.5,GOLD
2026-07-06,Nneka Ogwumike,OTHER,2.4,3,0.6000000000000001,0.6000000000000001,GOLD
2026-07-08,Nneka Ogwumike,OTHER,2.6,5,2.4,2.4,GOLD
2026-07-10,Nneka Ogwumike,OTHER,3.1,5,1.9,1.9,GOLD
2026-07-13,Nneka Ogwumike,OTHER,3.4,5,1.6,1.6,GOLD
2026-07-15,Nneka Ogwumike,OTHER,3.6,5,1.4,1.4,GOLD
2026-07-17,Nneka Ogwumike,SECONDARY,4.1,4,-0.09999999999999964,0.09999999999999964,GOLD
2026-07-19,Nneka Ogwumike,SECONDARY,4.2,3,-1.2000000000000002,1.2000000000000002,GOLD
2026-07-22,Nneka Ogwumike,SECONDARY,4,1,-3,3,GOLD
2026-07-25,Nneka Ogwumike,OTHER,3.3,3,-0.2999999999999998,0.2999999999999998,GOLD
2026-07-28,Nneka Ogwumike,OTHER,3.1,9,5.9,5.9,GOLD
2026-08-02,Nneka Ogwumike,SECONDARY,3.8,2,-1.7999999999999998,1.7999999999999998,GOLD
2026-08-05,Nneka Ogwumike,SECONDARY,3.5,3,-0.5,0.5,GOLD
2026-08-06,Nneka Ogwumike,SECONDARY,3.5,0,-3.5,3.5,GOLD
2026-08-09,Nneka Ogwumike,SECONDARY,3.4,3,-0.3999999999999999,0.3999999999999999,GOLD
2026-08-11,Nneka Ogwumike,SECONDARY,3.4,8,4.6,4.6,GOLD
2026-06-07,Nyara Sabally,OTHER,1.8,1,-0.8,0.8,GOLD
2026-06-10,Nyara Sabally,OTHER,1.4,3,1.6,1.6,GOLD
2026-06-22,Nyara Sabally,OTHER,1.8,2,0.19999999999999996,0.19999999999999996,GOLD
2026-06-25,Nyara Sabally,OTHER,1.8,0,-1.8,1.8,GOLD
2026-06-27,Nyara Sabally,OTHER,1.7,1,-0.7,0.7,GOLD
2026-07-05,Nyara Sabally,OTHER,1.5,5,3.5,3.5,GOLD
2026-07-08,Nyara Sabally,OTHER,2.1,1,-1.1,1.1,GOLD
2026-07-12,Nyara Sabally,OTHER,1.8,1,-0.8,0.8,GOLD
2026-07-14,Nyara Sabally,OTHER,1.7,1,-0.7,0.7,GOLD
2026-07-17,Nyara Sabally,OTHER,1.8,2,0.19999999999999996,0.19999999999999996,GOLD
2026-07-30,Nyara Sabally,OTHER,1.9,0,-1.9,1.9,GOLD
2026-08-02,Nyara Sabally,OTHER,1.2,1,-0.19999999999999996,0.19999999999999996,GOLD
2026-08-04,Nyara Sabally,OTHER,1.2,3,1.8,1.8,GOLD
2026-08-06,Nyara Sabally,OTHER,1.5,1,-0.5,0.5,GOLD
2026-08-10,Nyara Sabally,OTHER,1.5,3,1.5,1.5,GOLD
2026-06-01,Olivia Miles,PRIMARY,5.5,10,4.5,4.5,GOLD
2026-06-04,Olivia Miles,PRIMARY,6.9,7,0.09999999999999964,0.09999999999999964,GOLD
2026-06-06,Olivia Miles,PRIMARY,7.2,6,-1.2000000000000002,1.2000000000000002,GOLD
2026-06-09,Olivia Miles,PRIMARY,7.3,6,-1.2999999999999998,1.2999999999999998,GOLD
2026-06-13,Olivia Miles,PRIMARY,7.1,1,-6.1,6.1,GOLD
2026-06-15,Olivia Miles,PRIMARY,6.2,5,-1.2000000000000002,1.2000000000000002,GOLD
2026-06-17,Olivia Miles,PRIMARY,5.5,4,-1.5,1.5,GOLD
2026-06-19,Olivia Miles,PRIMARY,5.1,4,-1.0999999999999996,1.0999999999999996,GOLD
2026-06-21,Olivia Miles,PRIMARY,4.8,6,1.2000000000000002,1.2000000000000002,GOLD
2026-06-24,Olivia Miles,PRIMARY,4.8,5,0.20000000000000018,0.20000000000000018,GOLD
2026-06-28,Olivia Miles,PRIMARY,5.3,8,2.7,2.7,GOLD
2026-07-03,Olivia Miles,PRIMARY,5.8,5,-0.7999999999999998,0.7999999999999998,GOLD
2026-07-11,Olivia Miles,PRIMARY,5.9,4,-1.9000000000000004,1.9000000000000004,GOLD
2026-07-13,Olivia Miles,PRIMARY,5.8,8,2.2,2.2,GOLD
2026-07-15,Olivia Miles,PRIMARY,6.2,5,-1.2000000000000002,1.2000000000000002,GOLD
2026-07-18,Olivia Miles,PRIMARY,6.1,10,3.9000000000000004,3.9000000000000004,GOLD
2026-07-20,Olivia Miles,PRIMARY,6.5,8,1.5,1.5,GOLD
2026-07-22,Olivia Miles,PRIMARY,6.9,6,-0.9000000000000004,0.9000000000000004,GOLD
2026-07-25,Olivia Miles,PRIMARY,7.2,8,0.7999999999999998,0.7999999999999998,GOLD
2026-07-28,Olivia Miles,PRIMARY,7.2,8,0.7999999999999998,0.7999999999999998,GOLD
2026-07-30,Olivia Miles,PRIMARY,7.6,0,-7.6,7.6,GOLD
2026-08-02,Olivia Miles,PRIMARY,6.3,6,-0.2999999999999998,0.2999999999999998,GOLD
2026-08-06,Olivia Miles,PRIMARY,6,5,-1,1,GOLD
2026-08-08,Olivia Miles,PRIMARY,5.9,7,1.0999999999999996,1.0999999999999996,GOLD
2026-08-09,Olivia Miles,PRIMARY,5.8,13,7.2,7.2,GOLD
2026-06-02,Rachel Banham,OTHER,1,2,1,1,GOLD
2026-06-05,Rachel Banham,OTHER,1.3,3,1.7,1.7,GOLD
2026-06-07,Rachel Banham,OTHER,1.6,1,-0.6000000000000001,0.6000000000000001,GOLD
2026-06-09,Rachel Banham,OTHER,1.4,0,-1.4,1.4,GOLD
2026-06-11,Rachel Banham,OTHER,1.2,0,-1.2,1.2,GOLD
2026-06-17,Rachel Banham,OTHER,1.2,0,-1.2,1.2,GOLD
2026-06-22,Rachel Banham,OTHER,0.9,1,0.09999999999999998,0.09999999999999998,GOLD
2026-06-24,Rachel Banham,OTHER,0.6,0,-0.6,0.6,GOLD
2026-06-26,Rachel Banham,OTHER,0.4,1,0.6,0.6,GOLD
2026-07-07,Rachel Banham,OTHER,0.6,1,0.4,0.4,GOLD
2026-07-10,Rachel Banham,OTHER,0.7,0,-0.7,0.7,GOLD
2026-07-12,Rachel Banham,OTHER,0.7,1,0.30000000000000004,0.30000000000000004,GOLD
2026-07-15,Rachel Banham,OTHER,0.7,1,0.30000000000000004,0.30000000000000004,GOLD
2026-07-17,Rachel Banham,OTHER,0.8,3,2.2,2.2,GOLD
2026-07-19,Rachel Banham,OTHER,1.2,1,-0.19999999999999996,0.19999999999999996,GOLD
2026-07-22,Rachel Banham,OTHER,1.2,1,-0.19999999999999996,0.19999999999999996,GOLD
2026-08-01,Rachel Banham,OTHER,1.4,3,1.6,1.6,GOLD
2026-08-03,Rachel Banham,OTHER,1.8,0,-1.8,1.8,GOLD
2026-08-05,Rachel Banham,OTHER,1.8,3,1.2,1.2,GOLD
2026-08-08,Rachel Banham,OTHER,1.6,3,1.4,1.4,GOLD
2026-08-10,Rachel Banham,OTHER,1.8,1,-0.8,0.8,GOLD
2026-06-02,Rae Burrell,OTHER,1.6,1,-0.6000000000000001,0.6000000000000001,GOLD
2026-06-05,Rae Burrell,OTHER,1.4,4,2.6,2.6,GOLD
2026-06-07,Rae Burrell,OTHER,1.8,1,-0.8,0.8,GOLD
2026-06-10,Rae Burrell,OTHER,1.7,1,-0.7,0.7,GOLD
2026-06-13,Rae Burrell,OTHER,1.6,1,-0.6000000000000001,0.6000000000000001,GOLD
2026-06-15,Rae Burrell,OTHER,1.6,1,-0.6000000000000001,0.6000000000000001,GOLD
2026-06-17,Rae Burrell,OTHER,1.6,3,1.4,1.4,GOLD
2026-06-21,Rae Burrell,OTHER,1.5,4,2.5,2.5,GOLD
2026-06-25,Rae Burrell,OTHER,1.9,4,2.1,2.1,GOLD
2026-06-27,Rae Burrell,OTHER,2.4,1,-1.4,1.4,GOLD
2026-07-06,Rae Burrell,OTHER,2.3,0,-2.3,2.3,GOLD
2026-07-08,Rae Burrell,OTHER,2.2,4,1.7999999999999998,1.7999999999999998,GOLD
2026-07-10,Rae Burrell,OTHER,2.3,4,1.7000000000000002,1.7000000000000002,GOLD
2026-07-13,Rae Burrell,OTHER,2.4,4,1.6,1.6,GOLD
2026-07-15,Rae Burrell,OTHER,2.4,2,-0.3999999999999999,0.3999999999999999,GOLD
2026-07-17,Rae Burrell,OTHER,2.5,5,2.5,2.5,GOLD
2026-07-19,Rae Burrell,OTHER,3.2,3,-0.20000000000000018,0.20000000000000018,GOLD
2026-07-22,Rae Burrell,OTHER,3.1,2,-1.1,1.1,GOLD
2026-07-28,Rae Burrell,OTHER,2.8,3,0.20000000000000018,0.20000000000000018,GOLD
2026-08-02,Rae Burrell,OTHER,2.7,4,1.2999999999999998,1.2999999999999998,GOLD
2026-08-05,Rae Burrell,OTHER,3,5,2,2,GOLD
2026-08-06,Rae Burrell,OTHER,3,2,-1,1,GOLD
2026-08-09,Rae Burrell,OTHER,2.9,1,-1.9,1.9,GOLD
2026-08-11,Rae Burrell,OTHER,2.8,6,3.2,3.2,GOLD
2026-06-04,Raven Johnson,OTHER,1.2,3,1.8,1.8,GOLD
2026-06-06,Raven Johnson,OTHER,1.6,4,2.4,2.4,GOLD
2026-06-08,Raven Johnson,OTHER,2.1,0,-2.1,2.1,GOLD
2026-06-11,Raven Johnson,OTHER,1.7,0,-1.7,1.7,GOLD
2026-06-13,Raven Johnson,OTHER,1.4,0,-1.4,1.4,GOLD
2026-06-16,Raven Johnson,OTHER,1.4,1,-0.3999999999999999,0.3999999999999999,GOLD
2026-06-18,Raven Johnson,OTHER,1.1,0,-1.1,1.1,GOLD
2026-06-20,Raven Johnson,OTHER,0.5,2,1.5,1.5,GOLD
2026-06-22,Raven Johnson,OTHER,0.8,3,2.2,2.2,GOLD
2026-06-24,Raven Johnson,OTHER,1.3,7,5.7,5.7,GOLD
2026-06-27,Raven Johnson,OTHER,2.2,4,1.7999999999999998,1.7999999999999998,GOLD
2026-07-05,Raven Johnson,OTHER,2.6,2,-0.6000000000000001,0.6000000000000001,GOLD
2026-07-08,Raven Johnson,OTHER,2.9,2,-0.8999999999999999,0.8999999999999999,GOLD
2026-07-09,Raven Johnson,OTHER,2.9,2,-0.8999999999999999,0.8999999999999999,GOLD
2026-07-12,Raven Johnson,OTHER,2.7,0,-2.7,2.7,GOLD
2026-07-15,Raven Johnson,OTHER,1.9,0,-1.9,1.9,GOLD
2026-07-17,Raven Johnson,OTHER,1.4,0,-1.4,1.4,GOLD
2026-07-18,Raven Johnson,OTHER,1.1,0,-1.1,1.1,GOLD
2026-07-31,Raven Johnson,OTHER,0.8,0,-0.8,0.8,GOLD
2026-08-02,Raven Johnson,OTHER,0.3,0,-0.3,0.3,GOLD
2026-08-08,Raven Johnson,OTHER,0.3,1,0.7,0.7,GOLD
2026-08-11,Raven Johnson,OTHER,0.6,0,-0.6,0.6,GOLD
2026-08-05,Shatori Walker-Kimbrough,OTHER,0.4,0,-0.4,0.4,GOLD
2026-08-07,Shatori Walker-Kimbrough,OTHER,0.4,0,-0.4,0.4,GOLD
2026-08-10,Shatori Walker-Kimbrough,OTHER,0.4,0,-0.4,0.4,GOLD
2026-06-02,Sika Kone,OTHER,0,0,0,0,GOLD
2026-06-04,Sika Kone,OTHER,0,0,0,0,GOLD
2026-06-06,Sika Kone,OTHER,0,2,2,2,GOLD
2026-06-09,Sika Kone,OTHER,0.3,0,-0.3,0.3,GOLD
2026-06-11,Sika Kone,OTHER,0.3,0,-0.3,0.3,GOLD
2026-06-14,Sika Kone,OTHER,0.3,0,-0.3,0.3,GOLD
2026-06-18,Sika Kone,OTHER,0.3,0,-0.3,0.3,GOLD
2026-06-20,Sika Kone,OTHER,0.3,1,0.7,0.7,GOLD
2026-06-22,Sika Kone,OTHER,0.2,0,-0.2,0.2,GOLD
2026-06-24,Sika Kone,OTHER,0.2,1,0.8,0.8,GOLD
2026-06-27,Sika Kone,OTHER,0.3,2,1.7,1.7,GOLD
2026-07-02,Sika Kone,OTHER,0.6,0,-0.6,0.6,GOLD
2026-07-04,Sika Kone,OTHER,0.6,0,-0.6,0.6,GOLD
2026-07-09,Sika Kone,OTHER,0.5,0,-0.5,0.5,GOLD
2026-07-11,Sika Kone,OTHER,0.5,0,-0.5,0.5,GOLD
2026-07-13,Sika Kone,OTHER,0.4,0,-0.4,0.4,GOLD
2026-07-17,Sika Kone,OTHER,0.2,0,-0.2,0.2,GOLD
2026-08-03,Sika Kone,OTHER,0.1,0,-0.1,0.1,GOLD
2026-08-05,Sika Kone,OTHER,0.1,0,-0.1,0.1,GOLD
2026-08-10,Sika Kone,OTHER,0.1,0,-0.1,0.1,GOLD
2026-06-04,Sophie Cunningham,OTHER,1.6,0,-1.6,1.6,GOLD
2026-06-06,Sophie Cunningham,OTHER,1.5,2,0.5,0.5,GOLD
2026-06-08,Sophie Cunningham,OTHER,1.7,3,1.3,1.3,GOLD
2026-06-13,Sophie Cunningham,OTHER,2,0,-2,2,GOLD
2026-06-16,Sophie Cunningham,OTHER,1.7,2,0.30000000000000004,0.30000000000000004,GOLD
2026-06-18,Sophie Cunningham,OTHER,1.4,2,0.6000000000000001,0.6000000000000001,GOLD
2026-06-20,Sophie Cunningham,OTHER,1.7,1,-0.7,0.7,GOLD
2026-06-22,Sophie Cunningham,OTHER,1.6,0,-1.6,1.6,GOLD
2026-06-24,Sophie Cunningham,OTHER,1.2,0,-1.2,1.2,GOLD
2026-06-27,Sophie Cunningham,OTHER,1.1,1,-0.10000000000000009,0.10000000000000009,GOLD
2026-07-05,Sophie Cunningham,OTHER,1,1,0,0,GOLD
2026-07-08,Sophie Cunningham,OTHER,0.9,1,0.09999999999999998,0.09999999999999998,GOLD
2026-07-09,Sophie Cunningham,OTHER,0.8,2,1.2,1.2,GOLD
2026-07-12,Sophie Cunningham,OTHER,1.1,1,-0.10000000000000009,0.10000000000000009,GOLD
2026-07-15,Sophie Cunningham,OTHER,1.2,0,-1.2,1.2,GOLD
2026-07-17,Sophie Cunningham,OTHER,1.1,0,-1.1,1.1,GOLD
2026-07-18,Sophie Cunningham,OTHER,0.9,1,0.09999999999999998,0.09999999999999998,GOLD
2026-07-22,Sophie Cunningham,OTHER,0.9,2,1.1,1.1,GOLD
2026-07-28,Sophie Cunningham,OTHER,1,2,1,1,GOLD
2026-07-31,Sophie Cunningham,OTHER,1.1,3,1.9,1.9,GOLD
2026-08-02,Sophie Cunningham,OTHER,1.5,2,0.5,0.5,GOLD
2026-08-06,Sophie Cunningham,OTHER,1.7,0,-1.7,1.7,GOLD
2026-08-08,Sophie Cunningham,OTHER,1.6,0,-1.6,1.6,GOLD
2026-08-11,Sophie Cunningham,OTHER,1.3,0,-1.3,1.3,GOLD
2026-05-30,Stefanie Dolson,OTHER,2.2,2,-0.20000000000000018,0.20000000000000018,GOLD
2026-06-01,Stefanie Dolson,OTHER,2.2,0,-2.2,2.2,GOLD
2026-06-03,Stefanie Dolson,OTHER,1.8,1,-0.8,0.8,GOLD
2026-06-06,Stefanie Dolson,OTHER,1.4,1,-0.3999999999999999,0.3999999999999999,GOLD
2026-06-08,Stefanie Dolson,OTHER,1.3,2,0.7,0.7,GOLD
2026-06-10,Stefanie Dolson,OTHER,1.4,2,0.6000000000000001,0.6000000000000001,GOLD
2026-06-12,Stefanie Dolson,OTHER,1.4,0,-1.4,1.4,GOLD
2026-06-17,Stefanie Dolson,OTHER,1.3,0,-1.3,1.3,GOLD
2026-06-20,Stefanie Dolson,OTHER,1.2,2,0.8,0.8,GOLD
2026-06-22,Stefanie Dolson,OTHER,1.3,0,-1.3,1.3,GOLD
2026-06-25,Stefanie Dolson,OTHER,1,0,-1,1,GOLD
2026-06-27,Stefanie Dolson,OTHER,0.7,3,2.3,2.3,GOLD
2026-07-02,Stefanie Dolson,OTHER,1.2,0,-1.2,1.2,GOLD
2026-07-04,Stefanie Dolson,OTHER,1.1,0,-1.1,1.1,GOLD
2026-07-06,Stefanie Dolson,OTHER,0.8,2,1.2,1.2,GOLD
2026-07-09,Stefanie Dolson,OTHER,1.1,1,-0.10000000000000009,0.10000000000000009,GOLD
2026-07-12,Stefanie Dolson,OTHER,1.3,0,-1.3,1.3,GOLD
2026-07-15,Stefanie Dolson,OTHER,0.8,2,1.2,1.2,GOLD
2026-07-17,Stefanie Dolson,OTHER,1.1,0,-1.1,1.1,GOLD
2026-07-20,Stefanie Dolson,OTHER,1.1,3,1.9,1.9,GOLD
2026-07-22,Stefanie Dolson,OTHER,1.3,1,-0.30000000000000004,0.30000000000000004,GOLD
2026-07-28,Stefanie Dolson,OTHER,1.3,1,-0.30000000000000004,0.30000000000000004,GOLD
2026-07-31,Stefanie Dolson,OTHER,1.4,0,-1.4,1.4,GOLD
2026-08-03,Stefanie Dolson,OTHER,1.1,1,-0.10000000000000009,0.10000000000000009,GOLD
2026-08-05,Stefanie Dolson,OTHER,1.2,0,-1.2,1.2,GOLD
2026-08-08,Stefanie Dolson,OTHER,0.8,0,-0.8,0.8,GOLD
2026-08-10,Stefanie Dolson,OTHER,0.7,2,1.3,1.3,GOLD
2026-06-06,Stephanie Talbot,OTHER,1.6,4,2.4,2.4,GOLD
2026-06-08,Stephanie Talbot,OTHER,2,3,1,1,GOLD
2026-06-11,Stephanie Talbot,OTHER,2.3,3,0.7000000000000002,0.7000000000000002,GOLD
2026-06-13,Stephanie Talbot,OTHER,2.6,1,-1.6,1.6,GOLD
2026-06-15,Stephanie Talbot,OTHER,2.2,3,0.7999999999999998,0.7999999999999998,GOLD
2026-06-17,Stephanie Talbot,OTHER,2.6,1,-1.6,1.6,GOLD
2026-06-21,Stephanie Talbot,OTHER,2.2,0,-2.2,2.2,GOLD
2026-06-23,Stephanie Talbot,OTHER,1.7,0,-1.7,1.7,GOLD
2026-06-25,Stephanie Talbot,OTHER,1.3,0,-1.3,1.3,GOLD
2026-06-28,Stephanie Talbot,OTHER,1.1,0,-1.1,1.1,GOLD
2026-06-30,Stephanie Talbot,OTHER,0.7,1,0.30000000000000004,0.30000000000000004,GOLD
2026-07-03,Stephanie Talbot,OTHER,0.7,0,-0.7,0.7,GOLD
2026-07-05,Stephanie Talbot,OTHER,0.7,1,0.30000000000000004,0.30000000000000004,GOLD
2026-07-09,Stephanie Talbot,OTHER,0.8,1,0.19999999999999996,0.19999999999999996,GOLD
2026-07-11,Stephanie Talbot,OTHER,0.9,1,0.09999999999999998,0.09999999999999998,GOLD
2026-07-12,Stephanie Talbot,OTHER,1,1,0,0,GOLD
2026-07-20,Stephanie Talbot,OTHER,1,0,-1,1,GOLD
2026-07-22,Stephanie Talbot,OTHER,1,0,-1,1,GOLD
2026-07-28,Stephanie Talbot,OTHER,0.8,1,0.19999999999999996,0.19999999999999996,GOLD
2026-07-30,Stephanie Talbot,OTHER,0.8,2,1.2,1.2,GOLD
2026-08-01,Stephanie Talbot,OTHER,1,0,-1,1,GOLD
2026-08-03,Stephanie Talbot,OTHER,0.8,1,0.19999999999999996,0.19999999999999996,GOLD
2026-08-06,Stephanie Talbot,OTHER,1,0,-1,1,GOLD
2026-08-08,Stephanie Talbot,OTHER,1,0,-1,1,GOLD
2026-08-09,Stephanie Talbot,OTHER,0.8,0,-0.8,0.8,GOLD
2026-08-11,Stephanie Talbot,OTHER,0.5,0,-0.5,0.5,GOLD
2026-06-05,Sydney Taylor,OTHER,2,0,-2,2,GOLD
2026-06-07,Sydney Taylor,OTHER,1.6,0,-1.6,1.6,GOLD
2026-06-09,Sydney Taylor,OTHER,1.4,0,-1.4,1.4,GOLD
2026-06-11,Sydney Taylor,OTHER,1.1,2,0.8999999999999999,0.8999999999999999,GOLD
2026-06-17,Sydney Taylor,OTHER,0.9,2,1.1,1.1,GOLD
2026-06-20,Sydney Taylor,OTHER,1,0,-1,1,GOLD
2026-06-22,Sydney Taylor,OTHER,1,2,1,1,GOLD
2026-06-24,Sydney Taylor,OTHER,1.3,4,2.7,2.7,GOLD
2026-06-26,Sydney Taylor,OTHER,1.8,3,1.2,1.2,GOLD
2026-06-28,Sydney Taylor,OTHER,2,0,-2,2,GOLD
2026-07-03,Sydney Taylor,OTHER,1.7,1,-0.7,0.7,GOLD
2026-07-07,Sydney Taylor,OTHER,1.8,1,-0.8,0.8,GOLD
2026-07-10,Sydney Taylor,OTHER,1.7,2,0.30000000000000004,0.30000000000000004,GOLD
2026-07-12,Sydney Taylor,OTHER,1.5,2,0.5,0.5,GOLD
2026-07-15,Sydney Taylor,OTHER,1.4,0,-1.4,1.4,GOLD
2026-07-17,Sydney Taylor,OTHER,1.3,2,0.7,0.7,GOLD
2026-07-19,Sydney Taylor,OTHER,1.4,2,0.6000000000000001,0.6000000000000001,GOLD
2026-07-22,Sydney Taylor,OTHER,1.6,3,1.4,1.4,GOLD
2026-07-30,Sydney Taylor,OTHER,1.7,6,4.3,4.3,GOLD
2026-08-01,Sydney Taylor,OTHER,2.2,2,-0.20000000000000018,0.20000000000000018,GOLD
2026-08-03,Sydney Taylor,OTHER,2.5,3,0.5,0.5,GOLD
2026-06-02,Te-Hina Paopao,OTHER,1.6,0,-1.6,1.6,GOLD
2026-06-04,Te-Hina Paopao,OTHER,1.3,1,-0.30000000000000004,0.30000000000000004,GOLD
2026-06-06,Te-Hina Paopao,OTHER,1.1,3,1.9,1.9,GOLD
2026-06-09,Te-Hina Paopao,OTHER,1.3,1,-0.30000000000000004,0.30000000000000004,GOLD
2026-06-11,Te-Hina Paopao,OTHER,1.3,2,0.7,0.7,GOLD
2026-06-14,Te-Hina Paopao,OTHER,1.5,0,-1.5,1.5,GOLD
2026-06-18,Te-Hina Paopao,OTHER,1.4,3,1.6,1.6,GOLD
2026-06-20,Te-Hina Paopao,OTHER,1.7,2,0.30000000000000004,0.30000000000000004,GOLD
2026-06-22,Te-Hina Paopao,OTHER,1.6,1,-0.6000000000000001,0.6000000000000001,GOLD
2026-06-24,Te-Hina Paopao,OTHER,1.6,2,0.3999999999999999,0.3999999999999999,GOLD
2026-06-26,Te-Hina Paopao,OTHER,1.6,1,-0.6000000000000001,0.6000000000000001,GOLD
2026-06-27,Te-Hina Paopao,OTHER,1.7,4,2.3,2.3,GOLD
2026-07-02,Te-Hina Paopao,OTHER,1.9,1,-0.8999999999999999,0.8999999999999999,GOLD
2026-07-04,Te-Hina Paopao,OTHER,1.8,0,-1.8,1.8,GOLD
2026-07-09,Te-Hina Paopao,OTHER,1.6,0,-1.6,1.6,GOLD
2026-07-11,Te-Hina Paopao,OTHER,1.3,2,0.7,0.7,GOLD
2026-07-13,Te-Hina Paopao,OTHER,1.5,2,0.5,0.5,GOLD
2026-05-30,Teonni Key,OTHER,0,0,0,0,GOLD
2026-06-03,Teonni Key,OTHER,0,1,1,1,GOLD
2026-06-07,Teonni Key,OTHER,0.2,0,-0.2,0.2,GOLD
2026-06-10,Teonni Key,OTHER,0.2,1,0.8,0.8,GOLD
2026-06-12,Teonni Key,OTHER,0.3,2,1.7,1.7,GOLD
2026-06-14,Teonni Key,OTHER,0.7,2,1.3,1.3,GOLD
2026-06-16,Teonni Key,OTHER,1,0,-1,1,GOLD
2026-06-19,Teonni Key,OTHER,0.8,0,-0.8,0.8,GOLD
2026-06-22,Teonni Key,OTHER,0.8,1,0.19999999999999996,0.19999999999999996,GOLD
2026-06-25,Teonni Key,OTHER,0.9,0,-0.9,0.9,GOLD
2026-07-05,Teonni Key,OTHER,0.6,0,-0.6,0.6,GOLD
2026-07-08,Teonni Key,OTHER,0.3,0,-0.3,0.3,GOLD
2026-07-10,Teonni Key,OTHER,0.3,0,-0.3,0.3,GOLD
2026-07-14,Teonni Key,OTHER,0.3,1,0.7,0.7,GOLD
2026-07-17,Teonni Key,OTHER,0.3,0,-0.3,0.3,GOLD
2026-07-20,Teonni Key,OTHER,0.3,0,-0.3,0.3,GOLD
2026-07-28,Teonni Key,OTHER,0.3,0,-0.3,0.3,GOLD
2026-07-30,Teonni Key,OTHER,0.3,0,-0.3,0.3,GOLD
2026-08-02,Teonni Key,OTHER,0.3,0,-0.3,0.3,GOLD
2026-08-06,Teonni Key,OTHER,0.1,0,-0.1,0.1,GOLD
2026-06-11,Tyasha Harris,OTHER,2.4,1,-1.4,1.4,GOLD
2026-06-13,Tyasha Harris,OTHER,2.3,0,-2.3,2.3,GOLD
2026-06-18,Tyasha Harris,OTHER,1.3,2,0.7,0.7,GOLD
2026-06-20,Tyasha Harris,OTHER,1.6,0,-1.6,1.6,GOLD
2026-06-24,Tyasha Harris,OTHER,1.4,0,-1.4,1.4,GOLD
2026-06-27,Tyasha Harris,OTHER,0.9,3,2.1,2.1,GOLD
2026-07-05,Tyasha Harris,OTHER,1.2,5,3.8,3.8,GOLD
2026-07-08,Tyasha Harris,OTHER,2,4,2,2,GOLD
2026-07-09,Tyasha Harris,OTHER,2.3,5,2.7,2.7,GOLD
2026-07-12,Tyasha Harris,OTHER,2.9,2,-0.8999999999999999,0.8999999999999999,GOLD
2026-07-15,Tyasha Harris,OTHER,3.2,1,-2.2,2.2,GOLD
2026-07-17,Tyasha Harris,OTHER,2.9,3,0.10000000000000009,0.10000000000000009,GOLD
2026-07-18,Tyasha Harris,OTHER,2.7,4,1.2999999999999998,1.2999999999999998,GOLD
2026-07-22,Tyasha Harris,OTHER,2.7,6,3.3,3.3,GOLD
2026-07-28,Tyasha Harris,OTHER,2.9,2,-0.8999999999999999,0.8999999999999999,GOLD
2026-07-31,Tyasha Harris,OTHER,2.9,2,-0.8999999999999999,0.8999999999999999,GOLD
2026-08-02,Tyasha Harris,OTHER,3,1,-2,2,GOLD
2026-08-06,Tyasha Harris,OTHER,2.8,0,-2.8,2.8,GOLD
2026-08-08,Tyasha Harris,OTHER,2.2,1,-1.2000000000000002,1.2000000000000002,GOLD
2026-08-11,Tyasha Harris,OTHER,1.6,3,1.4,1.4,GOLD
2026-05-30,Zia Cooke,OTHER,2,0,-2,2,GOLD
2026-06-01,Zia Cooke,OTHER,1.4,0,-1.4,1.4,GOLD
2026-06-03,Zia Cooke,OTHER,1.2,0,-1.2,1.2,GOLD
2026-06-06,Zia Cooke,OTHER,1,0,-1,1,GOLD
2026-06-08,Zia Cooke,OTHER,0.7,1,0.30000000000000004,0.30000000000000004,GOLD
2026-06-10,Zia Cooke,OTHER,0.5,0,-0.5,0.5,GOLD
2026-06-12,Zia Cooke,OTHER,0.5,0,-0.5,0.5,GOLD
2026-06-17,Zia Cooke,OTHER,0.4,2,1.6,1.6,GOLD
2026-06-20,Zia Cooke,OTHER,0.7,2,1.3,1.3,GOLD
2026-06-22,Zia Cooke,OTHER,1,2,1,1,GOLD
2026-06-25,Zia Cooke,OTHER,1.2,0,-1.2,1.2,GOLD
2026-06-27,Zia Cooke,OTHER,1.1,2,0.8999999999999999,0.8999999999999999,GOLD
2026-07-02,Zia Cooke,OTHER,1.4,0,-1.4,1.4,GOLD
2026-07-04,Zia Cooke,OTHER,1.1,1,-0.10000000000000009,0.10000000000000009,GOLD
2026-07-06,Zia Cooke,OTHER,1,0,-1,1,GOLD
2026-07-09,Zia Cooke,OTHER,0.7,1,0.30000000000000004,0.30000000000000004,GOLD
2026-07-12,Zia Cooke,OTHER,0.9,0,-0.9,0.9,GOLD
2026-07-15,Zia Cooke,OTHER,0.6,1,0.4,0.4,GOLD
2026-07-17,Zia Cooke,OTHER,0.7,1,0.30000000000000004,0.30000000000000004,GOLD
2026-07-20,Zia Cooke,OTHER,0.7,1,0.30000000000000004,0.30000000000000004,GOLD
2026-07-22,Zia Cooke,OTHER,0.9,0,-0.9,0.9,GOLD
2026-07-28,Zia Cooke,OTHER,0.7,0,-0.7,0.7,GOLD
2026-07-31,Zia Cooke,OTHER,0.7,0,-0.7,0.7,GOLD
2026-08-03,Zia Cooke,OTHER,0.6,0,-0.6,0.6,GOLD
2026-08-05,Zia Cooke,OTHER,0.5,1,0.5,0.5,GOLD
2026-08-08,Zia Cooke,OTHER,0.4,1,0.6,0.6,GOLD
2026-08-10,Zia Cooke,OTHER,0.6,1,0.4,0.4,GOLD
2026-06-08,Aaliyah Edwards,OTHER,1,0,-1,1,GOLD
2026-06-10,Aaliyah Edwards,OTHER,0.9,0,-0.9,0.9,GOLD
2026-06-13,Aaliyah Edwards,OTHER,0.5,1,0.5,0.5,GOLD
2026-06-17,Aaliyah Edwards,OTHER,0.4,1,0.6,0.6,GOLD
2026-06-19,Aaliyah Edwards,OTHER,0.5,2,1.5,1.5,GOLD
2026-06-22,Aaliyah Edwards,OTHER,0.8,0,-0.8,0.8,GOLD
2026-06-26,Aaliyah Edwards,OTHER,0.8,0,-0.8,0.8,GOLD
2026-07-02,Aaliyah Edwards,OTHER,0.8,4,3.2,3.2,GOLD
2026-07-06,Aaliyah Edwards,OTHER,1.3,1,-0.30000000000000004,0.30000000000000004,GOLD
2026-07-08,Aaliyah Edwards,OTHER,1.3,0,-1.3,1.3,GOLD
2026-07-10,Aaliyah Edwards,OTHER,1,0,-1,1,GOLD
2026-07-14,Aaliyah Edwards,OTHER,0.9,3,2.1,2.1,GOLD
2026-07-17,Aaliyah Edwards,OTHER,1.4,1,-0.3999999999999999,0.3999999999999999,GOLD
2026-07-19,Aaliyah Edwards,OTHER,1,0,-1,1,GOLD
2026-08-07,Aaliyah Edwards,OTHER,0.9,0,-0.9,0.9,GOLD
2026-06-05,Alanna Smith,OTHER,1.4,0,-1.4,1.4,GOLD
2026-06-09,Alanna Smith,OTHER,1.2,1,-0.19999999999999996,0.19999999999999996,GOLD
2026-06-11,Alanna Smith,OTHER,1.3,1,-0.30000000000000004,0.30000000000000004,GOLD
2026-06-13,Alanna Smith,OTHER,1.4,0,-1.4,1.4,GOLD
2026-06-15,Alanna Smith,OTHER,1,0,-1,1,GOLD
2026-06-17,Alanna Smith,OTHER,0.6,0,-0.6,0.6,GOLD
2026-06-20,Alanna Smith,OTHER,0.6,0,-0.6,0.6,GOLD
2026-07-02,Alanna Smith,OTHER,0.4,0,-0.4,0.4,GOLD
2026-07-05,Alanna Smith,OTHER,0.3,1,0.7,0.7,GOLD
2026-07-07,Alanna Smith,OTHER,0.4,1,0.6,0.6,GOLD
2026-07-10,Alanna Smith,OTHER,0.5,0,-0.5,0.5,GOLD
2026-07-12,Alanna Smith,OTHER,0.5,0,-0.5,0.5,GOLD
2026-07-31,Alanna Smith,OTHER,0.5,0,-0.5,0.5,GOLD
2026-08-02,Alanna Smith,OTHER,0.5,1,0.5,0.5,GOLD
2026-08-05,Alanna Smith,OTHER,0.5,1,0.5,0.5,GOLD
2026-08-07,Alanna Smith,OTHER,0.5,0,-0.5,0.5,GOLD
2026-08-09,Alanna Smith,OTHER,0.5,0,-0.5,0.5,GOLD
2026-06-09,Alysha Clark,OTHER,0.4,0,-0.4,0.4,GOLD
2026-06-11,Alysha Clark,OTHER,0.4,1,0.6,0.6,GOLD
2026-06-13,Alysha Clark,OTHER,0.5,2,1.5,1.5,GOLD
2026-06-15,Alysha Clark,OTHER,0.7,0,-0.7,0.7,GOLD
2026-06-25,Alysha Clark,OTHER,0.6,0,-0.6,0.6,GOLD
2026-07-05,Alysha Clark,OTHER,0.6,0,-0.6,0.6,GOLD
2026-07-10,Alysha Clark,OTHER,0.5,2,1.5,1.5,GOLD
2026-07-12,Alysha Clark,OTHER,0.7,0,-0.7,0.7,GOLD
2026-07-19,Alysha Clark,OTHER,0.5,1,0.5,0.5,GOLD
2026-07-20,Alysha Clark,OTHER,0.6,1,0.4,0.4,GOLD
2026-07-31,Alysha Clark,OTHER,0.7,0,-0.7,0.7,GOLD
2026-08-02,Alysha Clark,OTHER,0.7,1,0.30000000000000004,0.30000000000000004,GOLD
2026-05-30,Aneesah Morrow,OTHER,1.4,2,0.6000000000000001,0.6000000000000001,GOLD
2026-06-02,Aneesah Morrow,OTHER,1.2,2,0.8,0.8,GOLD
2026-06-05,Aneesah Morrow,OTHER,1.5,3,1.5,1.5,GOLD
2026-06-13,Aneesah Morrow,OTHER,1.9,2,0.10000000000000009,0.10000000000000009,GOLD
2026-06-17,Aneesah Morrow,OTHER,1.9,2,0.10000000000000009,0.10000000000000009,GOLD
2026-06-19,Aneesah Morrow,OTHER,2,4,2,2,GOLD
2026-06-22,Aneesah Morrow,OTHER,2.4,0,-2.4,2.4,GOLD
2026-07-02,Aneesah Morrow,OTHER,2.1,0,-2.1,2.1,GOLD
2026-07-22,Aneesah Morrow,OTHER,1.7,2,0.30000000000000004,0.30000000000000004,GOLD
2026-07-28,Aneesah Morrow,OTHER,1.7,4,2.3,2.3,GOLD
2026-07-30,Aneesah Morrow,OTHER,2,2,0,0,GOLD
2026-08-04,Aneesah Morrow,OTHER,1.7,0,-1.7,1.7,GOLD
2026-08-06,Aneesah Morrow,OTHER,1.7,1,-0.7,0.7,GOLD
2026-08-10,Aneesah Morrow,OTHER,1.8,1,-0.8,0.8,GOLD
2026-06-06,Angela Dugalic,OTHER,1.2,1,-0.19999999999999996,0.19999999999999996,GOLD
2026-06-08,Angela Dugalic,OTHER,1.2,1,-0.19999999999999996,0.19999999999999996,GOLD
2026-06-12,Angela Dugalic,OTHER,1.2,0,-1.2,1.2,GOLD
2026-06-14,Angela Dugalic,OTHER,0.9,0,-0.9,0.9,GOLD
2026-06-17,Angela Dugalic,OTHER,0.7,3,2.3,2.3,GOLD
2026-06-19,Angela Dugalic,OTHER,1.1,1,-0.10000000000000009,0.10000000000000009,GOLD
2026-06-21,Angela Dugalic,OTHER,1,1,0,0,GOLD
2026-06-24,Angela Dugalic,OTHER,1,1,0,0,GOLD
2026-06-26,Angela Dugalic,OTHER,1.1,2,0.8999999999999999,0.8999999999999999,GOLD
2026-06-28,Angela Dugalic,OTHER,1.4,0,-1.4,1.4,GOLD
2026-07-02,Angela Dugalic,OTHER,1.1,1,-0.10000000000000009,0.10000000000000009,GOLD
2026-07-06,Angela Dugalic,OTHER,1.1,0,-1.1,1.1,GOLD
2026-07-12,Angela Dugalic,OTHER,0.9,0,-0.9,0.9,GOLD
2026-07-14,Angela Dugalic,OTHER,0.7,0,-0.7,0.7,GOLD
2026-07-16,Angela Dugalic,OTHER,0.4,0,-0.4,0.4,GOLD
2026-07-18,Angela Dugalic,OTHER,0.4,0,-0.4,0.4,GOLD
2026-07-22,Angela Dugalic,OTHER,0.2,2,1.8,1.8,GOLD
2026-07-28,Angela Dugalic,OTHER,0.6,1,0.4,0.4,GOLD
2026-08-09,Angela Dugalic,OTHER,0.8,1,0.19999999999999996,0.19999999999999996,GOLD
2026-08-11,Angela Dugalic,OTHER,0.9,0,-0.9,0.9,GOLD
2026-06-01,Arike Ogunbowale,SECONDARY,3.3,0,-3.3,3.3,GOLD
2026-06-05,Arike Ogunbowale,OTHER,2.6,6,3.4,3.4,GOLD
2026-06-09,Arike Ogunbowale,SECONDARY,3,6,3,3,GOLD
2026-06-11,Arike Ogunbowale,SECONDARY,3.8,1,-2.8,2.8,GOLD
2026-06-13,Arike Ogunbowale,SECONDARY,3.2,2,-1.2000000000000002,1.2000000000000002,GOLD
2026-06-15,Arike Ogunbowale,SECONDARY,3.1,7,3.9,3.9,GOLD
2026-06-17,Arike Ogunbowale,SECONDARY,4.1,3,-1.0999999999999996,1.0999999999999996,GOLD
2026-06-20,Arike Ogunbowale,SECONDARY,3.8,1,-2.8,2.8,GOLD
2026-06-22,Arike Ogunbowale,SECONDARY,3.1,4,0.8999999999999999,0.8999999999999999,GOLD
2026-06-25,Arike Ogunbowale,SECONDARY,3.5,2,-1.5,1.5,GOLD
2026-06-28,Arike Ogunbowale,SECONDARY,3.4,0,-3.4,3.4,GOLD
2026-07-02,Arike Ogunbowale,SECONDARY,2.5,1,-1.5,1.5,GOLD
2026-07-05,Arike Ogunbowale,OTHER,2.1,2,-0.10000000000000009,0.10000000000000009,GOLD
2026-07-07,Arike Ogunbowale,OTHER,2.2,1,-1.2000000000000002,1.2000000000000002,GOLD
2026-07-10,Arike Ogunbowale,OTHER,1.8,7,5.2,5.2,GOLD
2026-07-12,Arike Ogunbowale,OTHER,2.5,1,-1.5,1.5,GOLD
2026-07-19,Arike Ogunbowale,OTHER,2.6,1,-1.6,1.6,GOLD
2026-07-20,Arike Ogunbowale,OTHER,2.6,6,3.4,3.4,GOLD
2026-07-22,Arike Ogunbowale,OTHER,3.1,6,2.9,2.9,GOLD
2026-07-29,Arike Ogunbowale,SECONDARY,3.8,5,1.2000000000000002,1.2000000000000002,GOLD
2026-07-31,Arike Ogunbowale,SECONDARY,3.6,2,-1.6,1.6,GOLD
2026-08-02,Arike Ogunbowale,SECONDARY,3.7,5,1.2999999999999998,1.2999999999999998,GOLD
2026-08-05,Arike Ogunbowale,SECONDARY,4.2,5,0.7999999999999998,0.7999999999999998,GOLD
2026-08-07,Arike Ogunbowale,SECONDARY,4.1,1,-3.0999999999999996,3.0999999999999996,GOLD
2026-08-09,Arike Ogunbowale,SECONDARY,3.5,4,0.5,0.5,GOLD
2026-06-11,Awak Kuier,OTHER,1,1,0,0,GOLD
2026-06-13,Awak Kuier,OTHER,0.6,3,2.4,2.4,GOLD
2026-06-15,Awak Kuier,OTHER,1.1,0,-1.1,1.1,GOLD
2026-06-17,Awak Kuier,OTHER,1.1,1,-0.10000000000000009,0.10000000000000009,GOLD
2026-06-20,Awak Kuier,OTHER,1.1,0,-1.1,1.1,GOLD
2026-06-22,Awak Kuier,OTHER,1,0,-1,1,GOLD
2026-06-25,Awak Kuier,OTHER,0.9,1,0.09999999999999998,0.09999999999999998,GOLD
2026-06-28,Awak Kuier,OTHER,0.6,0,-0.6,0.6,GOLD
2026-07-02,Awak Kuier,OTHER,0.6,0,-0.6,0.6,GOLD
2026-07-05,Awak Kuier,OTHER,0.4,0,-0.4,0.4,GOLD
2026-07-07,Awak Kuier,OTHER,0.4,7,6.6,6.6,GOLD
2026-07-10,Awak Kuier,OTHER,1.4,1,-0.3999999999999999,0.3999999999999999,GOLD
2026-07-12,Awak Kuier,OTHER,1.4,0,-1.4,1.4,GOLD
2026-07-19,Awak Kuier,OTHER,1.4,0,-1.4,1.4,GOLD
2026-07-20,Awak Kuier,OTHER,1.4,2,0.6000000000000001,0.6000000000000001,GOLD
2026-07-22,Awak Kuier,OTHER,1.6,0,-1.6,1.6,GOLD
2026-07-29,Awak Kuier,OTHER,0.7,0,-0.7,0.7,GOLD
2026-07-31,Awak Kuier,OTHER,0.6,1,0.4,0.4,GOLD
2026-08-02,Awak Kuier,OTHER,0.7,0,-0.7,0.7,GOLD
2026-08-05,Awak Kuier,OTHER,0.7,0,-0.7,0.7,GOLD
2026-08-07,Awak Kuier,OTHER,0.4,0,-0.4,0.4,GOLD
2026-08-09,Awak Kuier,OTHER,0.4,1,0.6,0.6,GOLD
2026-06-01,Aziaha James,OTHER,1.2,1,-0.19999999999999996,0.19999999999999996,GOLD
2026-06-05,Aziaha James,OTHER,1.3,3,1.7,1.7,GOLD
2026-06-09,Aziaha James,OTHER,1.8,0,-1.8,1.8,GOLD
2026-06-11,Aziaha James,OTHER,1.1,4,2.9,2.9,GOLD
2026-06-13,Aziaha James,OTHER,1.7,4,2.3,2.3,GOLD
2026-06-15,Aziaha James,OTHER,2.2,1,-1.2000000000000002,1.2000000000000002,GOLD
2026-06-17,Aziaha James,OTHER,2.1,0,-2.1,2.1,GOLD
2026-06-20,Aziaha James,OTHER,1.7,1,-0.7,0.7,GOLD
2026-06-22,Aziaha James,OTHER,1.8,6,4.2,4.2,GOLD
2026-06-25,Aziaha James,OTHER,2.2,3,0.7999999999999998,0.7999999999999998,GOLD
2026-06-28,Aziaha James,OTHER,2.1,0,-2.1,2.1,GOLD
2026-07-02,Aziaha James,OTHER,1.9,0,-1.9,1.9,GOLD
2026-07-05,Aziaha James,OTHER,1.9,0,-1.9,1.9,GOLD
2026-07-07,Aziaha James,OTHER,1.7,0,-1.7,1.7,GOLD
2026-07-10,Aziaha James,OTHER,0.9,1,0.09999999999999998,0.09999999999999998,GOLD
2026-07-12,Aziaha James,OTHER,0.6,0,-0.6,0.6,GOLD
2026-07-19,Aziaha James,OTHER,0.6,0,-0.6,0.6,GOLD
2026-07-20,Aziaha James,OTHER,0.6,1,0.4,0.4,GOLD
2026-07-22,Aziaha James,OTHER,0.7,1,0.30000000000000004,0.30000000000000004,GOLD
2026-07-29,Aziaha James,OTHER,0.9,0,-0.9,0.9,GOLD
2026-07-31,Aziaha James,OTHER,0.7,1,0.30000000000000004,0.30000000000000004,GOLD
2026-08-02,Aziaha James,OTHER,0.9,2,1.1,1.1,GOLD
2026-08-05,Aziaha James,OTHER,1.2,0,-1.2,1.2,GOLD
2026-08-07,Aziaha James,OTHER,1,1,0,0,GOLD
2026-08-09,Aziaha James,OTHER,1,2,1,1,GOLD
2026-06-01,Azzi Fudd,OTHER,1.8,0,-1.8,1.8,GOLD
2026-06-05,Azzi Fudd,OTHER,1.3,2,0.7,0.7,GOLD
2026-06-09,Azzi Fudd,OTHER,1.5,0,-1.5,1.5,GOLD
2026-06-11,Azzi Fudd,OTHER,1.4,4,2.6,2.6,GOLD
2026-06-13,Azzi Fudd,OTHER,1.6,3,1.4,1.4,GOLD
2026-06-15,Azzi Fudd,OTHER,1.8,1,-0.8,0.8,GOLD
2026-06-17,Azzi Fudd,OTHER,1.9,1,-0.8999999999999999,0.8999999999999999,GOLD
2026-06-20,Azzi Fudd,OTHER,1.7,2,0.30000000000000004,0.30000000000000004,GOLD
2026-06-22,Azzi Fudd,OTHER,2,2,0,0,GOLD
2026-06-25,Azzi Fudd,OTHER,1.8,1,-0.8,0.8,GOLD
2026-06-28,Azzi Fudd,OTHER,1.5,3,1.5,1.5,GOLD
2026-07-02,Azzi Fudd,OTHER,1.8,5,3.2,3.2,GOLD
2026-07-05,Azzi Fudd,OTHER,2.3,2,-0.2999999999999998,0.2999999999999998,GOLD
2026-07-07,Azzi Fudd,OTHER,2.3,3,0.7000000000000002,0.7000000000000002,GOLD
2026-07-10,Azzi Fudd,OTHER,2.5,2,-0.5,0.5,GOLD
2026-07-12,Azzi Fudd,OTHER,2.6,3,0.3999999999999999,0.3999999999999999,GOLD
2026-07-19,Azzi Fudd,OTHER,2.6,2,-0.6000000000000001,0.6000000000000001,GOLD
2026-07-20,Azzi Fudd,OTHER,2.3,2,-0.2999999999999998,0.2999999999999998,GOLD
2026-07-22,Azzi Fudd,OTHER,2.3,2,-0.2999999999999998,0.2999999999999998,GOLD
2026-07-29,Azzi Fudd,OTHER,2.1,2,-0.10000000000000009,0.10000000000000009,GOLD
2026-07-31,Azzi Fudd,OTHER,2.1,0,-2.1,2.1,GOLD
2026-08-02,Azzi Fudd,OTHER,1.8,1,-0.8,0.8,GOLD
2026-08-05,Azzi Fudd,OTHER,1.6,3,1.4,1.4,GOLD
2026-05-30,Bridget Carleton,OTHER,2.2,3,0.7999999999999998,0.7999999999999998,GOLD
2026-06-02,Bridget Carleton,OTHER,2.3,1,-1.2999999999999998,1.2999999999999998,GOLD
2026-06-05,Bridget Carleton,OTHER,2.3,2,-0.2999999999999998,0.2999999999999998,GOLD
2026-06-07,Bridget Carleton,OTHER,2.2,2,-0.20000000000000018,0.20000000000000018,GOLD
2026-06-11,Bridget Carleton,OTHER,2.2,0,-2.2,2.2,GOLD
2026-06-13,Bridget Carleton,OTHER,1.7,1,-0.7,0.7,GOLD
2026-06-15,Bridget Carleton,OTHER,1.4,2,0.6000000000000001,0.6000000000000001,GOLD
2026-06-17,Bridget Carleton,OTHER,1.6,1,-0.6000000000000001,0.6000000000000001,GOLD
2026-06-24,Bridget Carleton,OTHER,1.4,2,0.6000000000000001,0.6000000000000001,GOLD
2026-06-26,Bridget Carleton,OTHER,1.4,1,-0.3999999999999999,0.3999999999999999,GOLD
2026-06-28,Bridget Carleton,OTHER,1.5,2,0.5,0.5,GOLD
2026-07-04,Bridget Carleton,OTHER,1.7,2,0.30000000000000004,0.30000000000000004,GOLD
2026-07-09,Bridget Carleton,OTHER,1.7,3,1.3,1.3,GOLD
2026-07-11,Bridget Carleton,OTHER,1.9,4,2.1,2.1,GOLD
2026-07-14,Bridget Carleton,OTHER,2.2,3,0.7999999999999998,0.7999999999999998,GOLD
2026-07-16,Bridget Carleton,OTHER,2.5,3,0.5,0.5,GOLD
2026-07-18,Bridget Carleton,OTHER,2.6,4,1.4,1.4,GOLD
2026-07-22,Bridget Carleton,OTHER,2.9,2,-0.8999999999999999,0.8999999999999999,GOLD
2026-07-28,Bridget Carleton,OTHER,2.8,4,1.2000000000000002,1.2000000000000002,GOLD
2026-07-31,Bridget Carleton,OTHER,2.8,2,-0.7999999999999998,0.7999999999999998,GOLD
2026-08-02,Bridget Carleton,OTHER,2.7,1,-1.7000000000000002,1.7000000000000002,GOLD
2026-08-06,Bridget Carleton,OTHER,2.4,0,-2.4,2.4,GOLD
2026-08-08,Bridget Carleton,OTHER,1.9,4,2.1,2.1,GOLD
2026-06-17,Brittney Griner,SECONDARY,3.5,1,-2.5,2.5,GOLD
2026-06-19,Brittney Griner,SECONDARY,3,2,-1,1,GOLD
2026-06-22,Brittney Griner,OTHER,2.9,3,0.10000000000000009,0.10000000000000009,GOLD
2026-06-26,Brittney Griner,OTHER,2.9,2,-0.8999999999999999,0.8999999999999999,GOLD
2026-07-02,Brittney Griner,OTHER,2.6,1,-1.6,1.6,GOLD
2026-07-06,Brittney Griner,OTHER,2.1,3,0.8999999999999999,0.8999999999999999,GOLD
2026-07-14,Brittney Griner,OTHER,2.4,6,3.6,3.6,GOLD
2026-07-17,Brittney Griner,OTHER,3,4,1,1,GOLD
2026-07-19,Brittney Griner,SECONDARY,3.2,0,-3.2,3.2,GOLD
2026-08-07,Brittney Griner,OTHER,2.8,4,1.2000000000000002,1.2000000000000002,GOLD
2026-06-06,Cassandre Prosper,OTHER,1,1,0,0,GOLD
2026-06-08,Cassandre Prosper,OTHER,0.7,0,-0.7,0.7,GOLD
2026-06-12,Cassandre Prosper,OTHER,0.4,0,-0.4,0.4,GOLD
2026-06-14,Cassandre Prosper,OTHER,0.4,0,-0.4,0.4,GOLD
2026-06-17,Cassandre Prosper,OTHER,0.4,0,-0.4,0.4,GOLD
2026-06-19,Cassandre Prosper,OTHER,0.3,0,-0.3,0.3,GOLD
2026-07-02,Cassandre Prosper,OTHER,0.2,1,0.8,0.8,GOLD
2026-07-06,Cassandre Prosper,OTHER,0.3,0,-0.3,0.3,GOLD
2026-07-12,Cassandre Prosper,OTHER,0.3,1,0.7,0.7,GOLD
2026-07-14,Cassandre Prosper,OTHER,0.5,0,-0.5,0.5,GOLD
2026-07-16,Cassandre Prosper,OTHER,0.5,0,-0.5,0.5,GOLD
2026-07-18,Cassandre Prosper,OTHER,0.4,0,-0.4,0.4,GOLD
2026-07-20,Cassandre Prosper,OTHER,0.3,1,0.7,0.7,GOLD
2026-07-22,Cassandre Prosper,OTHER,0.4,0,-0.4,0.4,GOLD
2026-07-28,Cassandre Prosper,OTHER,0.3,0,-0.3,0.3,GOLD
2026-07-31,Cassandre Prosper,OTHER,0.3,0,-0.3,0.3,GOLD
2026-08-05,Cassandre Prosper,OTHER,0.3,0,-0.3,0.3,GOLD
2026-08-07,Cassandre Prosper,OTHER,0.3,1,0.7,0.7,GOLD
2026-08-09,Cassandre Prosper,OTHER,0.3,1,0.7,0.7,GOLD
2026-08-11,Cassandre Prosper,OTHER,0.4,0,-0.4,0.4,GOLD
2026-05-30,Charlisse Leger-Walker,SECONDARY,3.1,3,-0.10000000000000009,0.10000000000000009,GOLD
2026-06-02,Charlisse Leger-Walker,SECONDARY,3.2,3,-0.20000000000000018,0.20000000000000018,GOLD
2026-06-05,Charlisse Leger-Walker,SECONDARY,3.2,1,-2.2,2.2,GOLD
2026-06-08,Charlisse Leger-Walker,OTHER,2.6,2,-0.6000000000000001,0.6000000000000001,GOLD
2026-06-10,Charlisse Leger-Walker,OTHER,2.5,1,-1.5,1.5,GOLD
2026-06-13,Charlisse Leger-Walker,OTHER,2.2,4,1.7999999999999998,1.7999999999999998,GOLD
2026-06-17,Charlisse Leger-Walker,OTHER,2.4,4,1.6,1.6,GOLD
2026-06-19,Charlisse Leger-Walker,OTHER,2.6,3,0.3999999999999999,0.3999999999999999,GOLD
2026-06-22,Charlisse Leger-Walker,OTHER,2.8,5,2.2,2.2,GOLD
2026-06-26,Charlisse Leger-Walker,OTHER,3.2,5,1.7999999999999998,1.7999999999999998,GOLD
2026-07-02,Charlisse Leger-Walker,SECONDARY,3.8,1,-2.8,2.8,GOLD
2026-07-06,Charlisse Leger-Walker,OTHER,3.3,5,1.7000000000000002,1.7000000000000002,GOLD
2026-07-08,Charlisse Leger-Walker,SECONDARY,3.6,3,-0.6000000000000001,0.6000000000000001,GOLD
2026-07-10,Charlisse Leger-Walker,SECONDARY,3.6,2,-1.6,1.6,GOLD
2026-07-14,Charlisse Leger-Walker,SECONDARY,3.3,7,3.7,3.7,GOLD
2026-07-17,Charlisse Leger-Walker,SECONDARY,3.6,7,3.4,3.4,GOLD
2026-07-19,Charlisse Leger-Walker,SECONDARY,4.3,5,0.7000000000000002,0.7000000000000002,GOLD
2026-07-22,Charlisse Leger-Walker,SECONDARY,4.4,4,-0.40000000000000036,0.40000000000000036,GOLD
2026-07-28,Charlisse Leger-Walker,SECONDARY,4.5,8,3.5,3.5,GOLD
2026-07-30,Charlisse Leger-Walker,SECONDARY,5.3,2,-3.3,3.3,GOLD
2026-08-02,Charlisse Leger-Walker,SECONDARY,4.7,2,-2.7,2.7,GOLD
2026-08-07,Charlisse Leger-Walker,SECONDARY,4.1,5,0.9000000000000004,0.9000000000000004,GOLD
2026-06-06,Cotie McMahon,OTHER,1.6,0,-1.6,1.6,GOLD
2026-06-08,Cotie McMahon,OTHER,1.4,3,1.6,1.6,GOLD
2026-06-12,Cotie McMahon,OTHER,1.7,3,1.3,1.3,GOLD
2026-06-14,Cotie McMahon,OTHER,1.9,0,-1.9,1.9,GOLD
2026-06-17,Cotie McMahon,OTHER,1.8,4,2.2,2.2,GOLD
2026-06-19,Cotie McMahon,OTHER,1.9,1,-0.8999999999999999,0.8999999999999999,GOLD
2026-06-21,Cotie McMahon,OTHER,2,5,3,3,GOLD
2026-06-24,Cotie McMahon,OTHER,2.4,1,-1.4,1.4,GOLD
2026-06-26,Cotie McMahon,OTHER,2.1,2,-0.10000000000000009,0.10000000000000009,GOLD
2026-06-28,Cotie McMahon,OTHER,2.3,2,-0.2999999999999998,0.2999999999999998,GOLD
2026-07-02,Cotie McMahon,OTHER,2.1,2,-0.10000000000000009,0.10000000000000009,GOLD
2026-07-06,Cotie McMahon,OTHER,2.2,3,0.7999999999999998,0.7999999999999998,GOLD
2026-07-12,Cotie McMahon,OTHER,2,2,0,0,GOLD
2026-07-14,Cotie McMahon,OTHER,2.1,3,0.8999999999999999,0.8999999999999999,GOLD
2026-07-16,Cotie McMahon,OTHER,2.3,0,-2.3,2.3,GOLD
2026-07-18,Cotie McMahon,OTHER,2,3,1,1,GOLD
2026-07-20,Cotie McMahon,OTHER,2.1,2,-0.10000000000000009,0.10000000000000009,GOLD
2026-07-22,Cotie McMahon,OTHER,2,3,1,1,GOLD
2026-07-28,Cotie McMahon,OTHER,2.2,2,-0.20000000000000018,0.20000000000000018,GOLD
2026-07-31,Cotie McMahon,OTHER,2,2,0,0,GOLD
2026-08-05,Cotie McMahon,OTHER,2.3,3,0.7000000000000002,0.7000000000000002,GOLD
2026-08-07,Cotie McMahon,OTHER,2.3,0,-2.3,2.3,GOLD
2026-08-09,Cotie McMahon,OTHER,2,1,-1,1,GOLD
2026-08-11,Cotie McMahon,OTHER,1.8,3,1.2,1.2,GOLD
2026-05-30,Diamond Miller,OTHER,0.8,2,1.2,1.2,GOLD
2026-06-02,Diamond Miller,OTHER,1,1,0,0,GOLD
2026-06-05,Diamond Miller,OTHER,1.1,3,1.9,1.9,GOLD
2026-06-08,Diamond Miller,OTHER,1.3,2,0.7,0.7,GOLD
2026-06-10,Diamond Miller,OTHER,1.6,1,-0.6000000000000001,0.6000000000000001,GOLD
2026-06-13,Diamond Miller,OTHER,1.6,1,-0.6000000000000001,0.6000000000000001,GOLD
2026-06-17,Diamond Miller,OTHER,1.5,0,-1.5,1.5,GOLD
2026-06-19,Diamond Miller,OTHER,1.3,2,0.7,0.7,GOLD
2026-06-22,Diamond Miller,OTHER,1.2,4,2.8,2.8,GOLD
2026-06-26,Diamond Miller,OTHER,1.5,1,-0.5,0.5,GOLD
2026-07-02,Diamond Miller,OTHER,1.5,1,-0.5,0.5,GOLD
2026-07-06,Diamond Miller,OTHER,1.5,3,1.5,1.5,GOLD
2026-07-08,Diamond Miller,OTHER,1.9,2,0.10000000000000009,0.10000000000000009,GOLD
2026-07-10,Diamond Miller,OTHER,1.9,0,-1.9,1.9,GOLD
2026-07-14,Diamond Miller,OTHER,1.4,5,3.6,3.6,GOLD
2026-07-17,Diamond Miller,OTHER,1.9,0,-1.9,1.9,GOLD
2026-07-19,Diamond Miller,OTHER,1.8,0,-1.8,1.8,GOLD
2026-07-22,Diamond Miller,OTHER,1.4,0,-1.4,1.4,GOLD
2026-07-28,Diamond Miller,OTHER,1.2,2,0.8,0.8,GOLD
2026-07-30,Diamond Miller,OTHER,1.4,3,1.6,1.6,GOLD
2026-08-02,Diamond Miller,OTHER,1.2,1,-0.19999999999999996,0.19999999999999996,GOLD
2026-08-07,Diamond Miller,OTHER,1.3,1,-0.30000000000000004,0.30000000000000004,GOLD
2026-05-29,Emily Engstler,OTHER,1.2,0,-1.2,1.2,GOLD
2026-05-30,Emily Engstler,OTHER,0.9,4,3.1,3.1,GOLD
2026-06-02,Emily Engstler,OTHER,1.5,1,-0.5,0.5,GOLD
2026-06-05,Emily Engstler,OTHER,1.6,1,-0.6000000000000001,0.6000000000000001,GOLD
2026-06-07,Emily Engstler,OTHER,1.5,0,-1.5,1.5,GOLD
2026-06-11,Emily Engstler,OTHER,1.2,0,-1.2,1.2,GOLD
2026-06-13,Emily Engstler,OTHER,1.2,2,0.8,0.8,GOLD
2026-06-15,Emily Engstler,OTHER,0.9,3,2.1,2.1,GOLD
2026-06-17,Emily Engstler,OTHER,1.2,5,3.8,3.8,GOLD
2026-06-24,Emily Engstler,OTHER,1.8,2,0.19999999999999996,0.19999999999999996,GOLD
2026-06-26,Emily Engstler,OTHER,2.1,3,0.8999999999999999,0.8999999999999999,GOLD
2026-06-28,Emily Engstler,OTHER,2.5,2,-0.5,0.5,GOLD
2026-07-04,Emily Engstler,OTHER,2.5,0,-2.5,2.5,GOLD
2026-07-09,Emily Engstler,OTHER,2.1,2,-0.10000000000000009,0.10000000000000009,GOLD
2026-07-11,Emily Engstler,OTHER,1.7,4,2.3,2.3,GOLD
2026-07-14,Emily Engstler,OTHER,2,7,5,5,GOLD
2026-07-16,Emily Engstler,OTHER,2.6,5,2.4,2.4,GOLD
2026-07-18,Emily Engstler,OTHER,3,3,0,0,GOLD
2026-07-22,Emily Engstler,OTHER,3.3,2,-1.2999999999999998,1.2999999999999998,GOLD
2026-07-28,Emily Engstler,OTHER,3.4,0,-3.4,3.4,GOLD
2026-07-31,Emily Engstler,OTHER,2.9,5,2.1,2.1,GOLD
2026-08-02,Emily Engstler,OTHER,2.7,2,-0.7000000000000002,0.7000000000000002,GOLD
2026-08-06,Emily Engstler,OTHER,2.3,2,-0.2999999999999998,0.2999999999999998,GOLD
2026-08-08,Emily Engstler,OTHER,2.2,1,-1.2000000000000002,1.2000000000000002,GOLD
2026-06-06,Georgia Amoore,SECONDARY,3.3,1,-2.3,2.3,GOLD
2026-06-08,Georgia Amoore,OTHER,2.8,4,1.2000000000000002,1.2000000000000002,GOLD
2026-06-12,Georgia Amoore,SECONDARY,2.7,7,4.3,4.3,GOLD
2026-06-14,Georgia Amoore,SECONDARY,3.5,2,-1.5,1.5,GOLD
2026-06-17,Georgia Amoore,SECONDARY,3.4,2,-1.4,1.4,GOLD
2026-06-19,Georgia Amoore,SECONDARY,3.3,8,4.7,4.7,GOLD
2026-06-21,Georgia Amoore,SECONDARY,4.3,7,2.7,2.7,GOLD
2026-06-24,Georgia Amoore,SECONDARY,4.8,3,-1.7999999999999998,1.7999999999999998,GOLD
2026-06-26,Georgia Amoore,SECONDARY,4.3,5,0.7000000000000002,0.7000000000000002,GOLD
2026-06-28,Georgia Amoore,SECONDARY,4.7,3,-1.7000000000000002,1.7000000000000002,GOLD
2026-07-02,Georgia Amoore,SECONDARY,4.8,0,-4.8,4.8,GOLD
2026-07-06,Georgia Amoore,SECONDARY,3.7,0,-3.7,3.7,GOLD
2026-07-12,Georgia Amoore,SECONDARY,2.7,4,1.2999999999999998,1.2999999999999998,GOLD
2026-07-14,Georgia Amoore,SECONDARY,2.9,2,-0.8999999999999999,0.8999999999999999,GOLD
2026-07-16,Georgia Amoore,SECONDARY,2.4,2,-0.3999999999999999,0.3999999999999999,GOLD
2026-07-18,Georgia Amoore,SECONDARY,2.3,4,1.7000000000000002,1.7000000000000002,GOLD
2026-07-20,Georgia Amoore,SECONDARY,2.8,8,5.2,5.2,GOLD
2026-07-22,Georgia Amoore,SECONDARY,3.9,1,-2.9,2.9,GOLD
2026-07-28,Georgia Amoore,SECONDARY,3.5,5,1.5,1.5,GOLD
2026-07-31,Georgia Amoore,SECONDARY,3.9,2,-1.9,1.9,GOLD
2026-08-05,Georgia Amoore,SECONDARY,3.9,5,1.1,1.1,GOLD
2026-08-07,Georgia Amoore,SECONDARY,4,0,-4,4,GOLD
2026-08-09,Georgia Amoore,SECONDARY,3,6,3,3,GOLD
2026-08-11,Georgia Amoore,SECONDARY,3.7,4,0.2999999999999998,0.2999999999999998,GOLD
2026-05-30,Gianna Kneepkens,OTHER,0.2,0,-0.2,0.2,GOLD
2026-06-02,Gianna Kneepkens,OTHER,0.2,1,0.8,0.8,GOLD
2026-06-05,Gianna Kneepkens,OTHER,0.4,0,-0.4,0.4,GOLD
2026-06-08,Gianna Kneepkens,OTHER,0.3,4,3.7,3.7,GOLD
2026-06-17,Gianna Kneepkens,OTHER,0.9,0,-0.9,0.9,GOLD
2026-06-22,Gianna Kneepkens,OTHER,0.8,0,-0.8,0.8,GOLD
2026-07-06,Gianna Kneepkens,OTHER,0.8,0,-0.8,0.8,GOLD
2026-07-08,Gianna Kneepkens,OTHER,0.7,1,0.30000000000000004,0.30000000000000004,GOLD
2026-07-10,Gianna Kneepkens,OTHER,0.8,0,-0.8,0.8,GOLD
2026-07-17,Gianna Kneepkens,OTHER,0.3,0,-0.3,0.3,GOLD
2026-07-19,Gianna Kneepkens,OTHER,0.3,0,-0.3,0.3,GOLD
2026-07-22,Gianna Kneepkens,OTHER,0.3,0,-0.3,0.3,GOLD
2026-08-02,Gianna Kneepkens,OTHER,0.3,0,-0.3,0.3,GOLD
2026-06-05,Hailey Van Lith,OTHER,1.4,0,-1.4,1.4,GOLD
2026-07-10,Hailey Van Lith,OTHER,0.9,2,1.1,1.1,GOLD
2026-07-19,Hailey Van Lith,OTHER,1.1,1,-0.10000000000000009,0.10000000000000009,GOLD
2026-08-07,Hailey Van Lith,OTHER,1.1,1,-0.10000000000000009,0.10000000000000009,GOLD
2026-06-02,Holly Winterburn,OTHER,2.6,1,-1.6,1.6,GOLD
2026-06-15,Holly Winterburn,OTHER,2.1,2,-0.10000000000000009,0.10000000000000009,GOLD
2026-06-24,Holly Winterburn,OTHER,2.2,1,-1.2000000000000002,1.2000000000000002,GOLD
2026-06-26,Holly Winterburn,OTHER,2.3,0,-2.3,2.3,GOLD
2026-07-04,Holly Winterburn,OTHER,1.3,2,0.7,0.7,GOLD
2026-07-09,Holly Winterburn,OTHER,1.5,0,-1.5,1.5,GOLD
2026-07-11,Holly Winterburn,OTHER,1.3,1,-0.30000000000000004,0.30000000000000004,GOLD
2026-07-16,Holly Winterburn,OTHER,1.1,0,-1.1,1.1,GOLD
2026-07-22,Holly Winterburn,OTHER,0.9,3,2.1,2.1,GOLD
2026-07-28,Holly Winterburn,OTHER,1.4,3,1.6,1.6,GOLD
2026-07-31,Holly Winterburn,OTHER,1.5,0,-1.5,1.5,GOLD
2026-08-02,Holly Winterburn,OTHER,1.5,2,0.5,0.5,GOLD
2026-08-06,Holly Winterburn,OTHER,1.6,2,0.3999999999999999,0.3999999999999999,GOLD
2026-08-08,Holly Winterburn,OTHER,1.9,7,5.1,5.1,GOLD
2026-06-01,Jessica Shepard,PRIMARY,7.6,1,-6.6,6.6,GOLD
2026-06-05,Jessica Shepard,PRIMARY,6.6,5,-1.5999999999999996,1.5999999999999996,GOLD
2026-06-09,Jessica Shepard,PRIMARY,5.6,4,-1.5999999999999996,1.5999999999999996,GOLD
2026-06-11,Jessica Shepard,PRIMARY,5.7,7,1.2999999999999998,1.2999999999999998,GOLD
2026-06-13,Jessica Shepard,PRIMARY,5.9,2,-3.9000000000000004,3.9000000000000004,GOLD
2026-06-15,Jessica Shepard,PRIMARY,4.7,9,4.3,4.3,GOLD
2026-06-17,Jessica Shepard,PRIMARY,5.9,4,-1.9000000000000004,1.9000000000000004,GOLD
2026-06-20,Jessica Shepard,PRIMARY,5.7,3,-2.7,2.7,GOLD
2026-06-22,Jessica Shepard,PRIMARY,5.5,8,2.5,2.5,GOLD
2026-06-25,Jessica Shepard,PRIMARY,5.7,4,-1.7000000000000002,1.7000000000000002,GOLD
2026-06-28,Jessica Shepard,PRIMARY,5.9,3,-2.9000000000000004,2.9000000000000004,GOLD
2026-07-02,Jessica Shepard,PRIMARY,5.1,1,-4.1,4.1,GOLD
2026-07-05,Jessica Shepard,PRIMARY,4.6,3,-1.5999999999999996,1.5999999999999996,GOLD
2026-07-07,Jessica Shepard,PRIMARY,4.5,11,6.5,6.5,GOLD
2026-07-10,Jessica Shepard,PRIMARY,5.1,3,-2.0999999999999996,2.0999999999999996,GOLD
2026-07-12,Jessica Shepard,PRIMARY,4.9,5,0.09999999999999964,0.09999999999999964,GOLD
2026-07-19,Jessica Shepard,PRIMARY,5.1,6,0.9000000000000004,0.9000000000000004,GOLD
2026-07-20,Jessica Shepard,PRIMARY,5.8,6,0.20000000000000018,0.20000000000000018,GOLD
2026-07-22,Jessica Shepard,PRIMARY,6.2,10,3.8,3.8,GOLD
2026-07-25,Jessica Shepard,PRIMARY,6.1,5,-1.0999999999999996,1.0999999999999996,GOLD
2026-07-29,Jessica Shepard,PRIMARY,6.4,5,-1.4000000000000004,1.4000000000000004,GOLD
2026-07-31,Jessica Shepard,PRIMARY,6.4,8,1.5999999999999996,1.5999999999999996,GOLD
2026-08-02,Jessica Shepard,PRIMARY,6.7,2,-4.7,4.7,GOLD
2026-08-05,Jessica Shepard,PRIMARY,6.1,7,0.9000000000000004,0.9000000000000004,GOLD
2026-08-07,Jessica Shepard,PRIMARY,5.8,1,-4.8,4.8,GOLD
2026-08-09,Jessica Shepard,PRIMARY,5.2,1,-4.2,4.2,GOLD
2026-05-30,Kennedy Burke,OTHER,1.2,0,-1.2,1.2,GOLD
2026-06-02,Kennedy Burke,OTHER,0.8,0,-0.8,0.8,GOLD
2026-06-08,Kennedy Burke,OTHER,0.6,0,-0.6,0.6,GOLD
2026-06-10,Kennedy Burke,OTHER,0.4,2,1.6,1.6,GOLD
2026-06-13,Kennedy Burke,OTHER,0.7,0,-0.7,0.7,GOLD
2026-06-17,Kennedy Burke,OTHER,0.6,0,-0.6,0.6,GOLD
2026-06-19,Kennedy Burke,OTHER,0.5,1,0.5,0.5,GOLD
2026-06-22,Kennedy Burke,OTHER,0.7,3,2.3,2.3,GOLD
2026-06-26,Kennedy Burke,OTHER,1.1,2,0.8999999999999999,0.8999999999999999,GOLD
2026-07-02,Kennedy Burke,OTHER,1.1,1,-0.10000000000000009,0.10000000000000009,GOLD
2026-07-06,Kennedy Burke,OTHER,1.2,2,0.8,0.8,GOLD
2026-07-08,Kennedy Burke,OTHER,1.5,3,1.5,1.5,GOLD
2026-07-10,Kennedy Burke,OTHER,1.8,0,-1.8,1.8,GOLD
2026-07-14,Kennedy Burke,OTHER,1.4,1,-0.3999999999999999,0.3999999999999999,GOLD
2026-07-17,Kennedy Burke,OTHER,1.3,2,0.7,0.7,GOLD
2026-07-19,Kennedy Burke,OTHER,1.4,0,-1.4,1.4,GOLD
2026-07-22,Kennedy Burke,OTHER,1.2,2,0.8,0.8,GOLD
2026-07-28,Kennedy Burke,OTHER,1.1,1,-0.10000000000000009,0.10000000000000009,GOLD
2026-07-30,Kennedy Burke,OTHER,1.2,2,0.8,0.8,GOLD
2026-08-02,Kennedy Burke,OTHER,1.3,1,-0.30000000000000004,0.30000000000000004,GOLD
2026-08-07,Kennedy Burke,OTHER,1.2,0,-1.2,1.2,GOLD
2026-06-06,Kiki Iriafen,OTHER,1,3,2,2,GOLD
2026-06-08,Kiki Iriafen,OTHER,1.3,1,-0.30000000000000004,0.30000000000000004,GOLD
2026-06-19,Kiki Iriafen,OTHER,1.4,0,-1.4,1.4,GOLD
2026-06-21,Kiki Iriafen,OTHER,1.3,0,-1.3,1.3,GOLD
2026-06-24,Kiki Iriafen,OTHER,1.1,3,1.9,1.9,GOLD
2026-06-26,Kiki Iriafen,OTHER,1.3,0,-1.3,1.3,GOLD
2026-06-28,Kiki Iriafen,OTHER,0.9,6,5.1,5.1,GOLD
2026-07-02,Kiki Iriafen,OTHER,1.7,2,0.30000000000000004,0.30000000000000004,GOLD
2026-07-06,Kiki Iriafen,OTHER,1.9,1,-0.8999999999999999,0.8999999999999999,GOLD
2026-07-12,Kiki Iriafen,OTHER,2,3,1,1,GOLD
2026-07-14,Kiki Iriafen,OTHER,2.1,1,-1.1,1.1,GOLD
2026-07-16,Kiki Iriafen,OTHER,2.2,0,-2.2,2.2,GOLD
2026-07-18,Kiki Iriafen,OTHER,1.4,0,-1.4,1.4,GOLD
2026-07-20,Kiki Iriafen,OTHER,1.2,4,2.8,2.8,GOLD
2026-07-22,Kiki Iriafen,OTHER,1.6,0,-1.6,1.6,GOLD
2026-07-25,Kiki Iriafen,OTHER,1.2,0,-1.2,1.2,GOLD
2026-07-28,Kiki Iriafen,OTHER,1,2,1,1,GOLD
2026-07-31,Kiki Iriafen,OTHER,1.3,1,-0.30000000000000004,0.30000000000000004,GOLD
2026-08-05,Kiki Iriafen,OTHER,1.4,3,1.6,1.6,GOLD
2026-08-07,Kiki Iriafen,OTHER,1.3,5,3.7,3.7,GOLD
2026-08-09,Kiki Iriafen,OTHER,2,2,0,0,GOLD
2026-08-11,Kiki Iriafen,OTHER,2.2,1,-1.2000000000000002,1.2000000000000002,GOLD
2026-06-06,Lauren Betts,OTHER,0,1,1,1,GOLD
2026-06-08,Lauren Betts,OTHER,0.2,1,0.8,0.8,GOLD
2026-06-12,Lauren Betts,OTHER,0.4,1,0.6,0.6,GOLD
2026-06-14,Lauren Betts,OTHER,0.5,1,0.5,0.5,GOLD
2026-06-17,Lauren Betts,OTHER,0.6,3,2.4,2.4,GOLD
2026-06-19,Lauren Betts,OTHER,1.1,0,-1.1,1.1,GOLD
2026-06-21,Lauren Betts,OTHER,1,0,-1,1,GOLD
2026-06-24,Lauren Betts,OTHER,0.8,1,0.19999999999999996,0.19999999999999996,GOLD
2026-06-26,Lauren Betts,OTHER,0.8,2,1.2,1.2,GOLD
2026-06-28,Lauren Betts,OTHER,1,1,0,0,GOLD
2026-07-02,Lauren Betts,OTHER,0.8,1,0.19999999999999996,0.19999999999999996,GOLD
2026-07-06,Lauren Betts,OTHER,0.9,3,2.1,2.1,GOLD
2026-07-12,Lauren Betts,OTHER,1.3,3,1.7,1.7,GOLD
2026-07-14,Lauren Betts,OTHER,1.6,0,-1.6,1.6,GOLD
2026-07-16,Lauren Betts,OTHER,1.4,0,-1.4,1.4,GOLD
2026-07-18,Lauren Betts,OTHER,1.2,1,-0.19999999999999996,0.19999999999999996,GOLD
2026-07-20,Lauren Betts,OTHER,1.2,0,-1.2,1.2,GOLD
2026-07-22,Lauren Betts,OTHER,0.8,2,1.2,1.2,GOLD
2026-07-28,Lauren Betts,OTHER,0.7,1,0.30000000000000004,0.30000000000000004,GOLD
2026-07-31,Lauren Betts,OTHER,0.8,1,0.19999999999999996,0.19999999999999996,GOLD
2026-08-05,Lauren Betts,OTHER,1,1,0,0,GOLD
2026-08-07,Lauren Betts,OTHER,1,2,1,1,GOLD
2026-08-09,Lauren Betts,OTHER,1.2,1,-0.19999999999999996,0.19999999999999996,GOLD
2026-08-11,Lauren Betts,OTHER,1.1,1,-0.10000000000000009,0.10000000000000009,GOLD
2026-06-09,Li Yueru,OTHER,0.6,0,-0.6,0.6,GOLD
2026-06-11,Li Yueru,OTHER,0.6,0,-0.6,0.6,GOLD
2026-06-15,Li Yueru,OTHER,0.1,1,0.9,0.9,GOLD
2026-06-20,Li Yueru,OTHER,0.3,1,0.7,0.7,GOLD
2026-06-22,Li Yueru,OTHER,0.5,2,1.5,1.5,GOLD
2026-06-25,Li Yueru,OTHER,0.8,1,0.19999999999999996,0.19999999999999996,GOLD
2026-06-28,Li Yueru,OTHER,0.9,0,-0.9,0.9,GOLD
2026-07-02,Li Yueru,OTHER,0.9,0,-0.9,0.9,GOLD
2026-07-05,Li Yueru,OTHER,0.7,0,-0.7,0.7,GOLD
2026-07-12,Li Yueru,OTHER,0.6,0,-0.6,0.6,GOLD
2026-07-19,Li Yueru,OTHER,0.3,0,-0.3,0.3,GOLD
2026-07-20,Li Yueru,OTHER,0.2,1,0.8,0.8,GOLD
2026-07-22,Li Yueru,OTHER,0.4,0,-0.4,0.4,GOLD
2026-07-29,Li Yueru,OTHER,0.3,1,0.7,0.7,GOLD
2026-07-31,Li Yueru,OTHER,0.5,2,1.5,1.5,GOLD
2026-08-02,Li Yueru,OTHER,0.7,0,-0.7,0.7,GOLD
2026-08-05,Li Yueru,OTHER,0.7,0,-0.7,0.7,GOLD
2026-08-07,Li Yueru,OTHER,0.6,0,-0.6,0.6,GOLD
2026-08-09,Li Yueru,OTHER,0.6,0,-0.6,0.6,GOLD
2026-06-19,Lucy Olsen,OTHER,1.6,1,-0.6000000000000001,0.6000000000000001,GOLD
2026-06-21,Lucy Olsen,OTHER,1.4,2,0.6000000000000001,0.6000000000000001,GOLD
2026-06-24,Lucy Olsen,OTHER,1.5,1,-0.5,0.5,GOLD
2026-06-26,Lucy Olsen,OTHER,1.3,0,-1.3,1.3,GOLD
2026-06-28,Lucy Olsen,OTHER,1.3,1,-0.30000000000000004,0.30000000000000004,GOLD
2026-07-02,Lucy Olsen,OTHER,1.1,0,-1.1,1.1,GOLD
2026-07-06,Lucy Olsen,OTHER,0.9,3,2.1,2.1,GOLD
2026-07-14,Lucy Olsen,OTHER,1.1,0,-1.1,1.1,GOLD
2026-07-16,Lucy Olsen,OTHER,1,0,-1,1,GOLD
2026-08-09,Lucy Olsen,OTHER,0.9,0,-0.9,0.9,GOLD
2026-05-29,Luisa Geiselsoder,OTHER,1.8,2,0.19999999999999996,0.19999999999999996,GOLD
2026-05-30,Luisa Geiselsoder,OTHER,1.6,1,-0.6000000000000001,0.6000000000000001,GOLD
2026-06-02,Luisa Geiselsoder,OTHER,1.5,0,-1.5,1.5,GOLD
2026-06-05,Luisa Geiselsoder,OTHER,1.4,3,1.6,1.6,GOLD
2026-06-07,Luisa Geiselsoder,OTHER,1.6,0,-1.6,1.6,GOLD
2026-06-11,Luisa Geiselsoder,OTHER,1.3,0,-1.3,1.3,GOLD
2026-06-13,Luisa Geiselsoder,OTHER,1,3,2,2,GOLD
2026-06-15,Luisa Geiselsoder,OTHER,1.3,0,-1.3,1.3,GOLD
2026-06-24,Luisa Geiselsoder,OTHER,1.3,2,0.7,0.7,GOLD
2026-07-09,Luisa Geiselsoder,OTHER,1.2,0,-1.2,1.2,GOLD
2026-07-16,Luisa Geiselsoder,OTHER,1.1,0,-1.1,1.1,GOLD
2026-07-18,Luisa Geiselsoder,OTHER,1.1,1,-0.10000000000000009,0.10000000000000009,GOLD
2026-07-28,Luisa Geiselsoder,OTHER,0.8,0,-0.8,0.8,GOLD
2026-06-01,Maddy Siegrist,OTHER,0.8,2,1.2,1.2,GOLD
2026-06-05,Maddy Siegrist,OTHER,0.9,0,-0.9,0.9,GOLD
2026-06-09,Maddy Siegrist,OTHER,0.8,2,1.2,1.2,GOLD
2026-06-11,Maddy Siegrist,OTHER,1,0,-1,1,GOLD
2026-06-13,Maddy Siegrist,OTHER,1,2,1,1,GOLD
2026-06-15,Maddy Siegrist,OTHER,1.1,0,-1.1,1.1,GOLD
2026-06-17,Maddy Siegrist,OTHER,0.8,0,-0.8,0.8,GOLD
2026-06-20,Maddy Siegrist,OTHER,0.8,0,-0.8,0.8,GOLD
2026-06-22,Maddy Siegrist,OTHER,0.5,1,0.5,0.5,GOLD
2026-06-25,Maddy Siegrist,OTHER,0.7,0,-0.7,0.7,GOLD
2026-06-28,Maddy Siegrist,OTHER,0.4,2,1.6,1.6,GOLD
2026-07-02,Maddy Siegrist,OTHER,0.7,0,-0.7,0.7,GOLD
2026-07-05,Maddy Siegrist,OTHER,0.7,0,-0.7,0.7,GOLD
2026-07-10,Maddy Siegrist,OTHER,0.6,0,-0.6,0.6,GOLD
2026-07-12,Maddy Siegrist,OTHER,0.5,1,0.5,0.5,GOLD
2026-07-19,Maddy Siegrist,OTHER,0.6,0,-0.6,0.6,GOLD
2026-07-20,Maddy Siegrist,OTHER,0.4,0,-0.4,0.4,GOLD
2026-07-22,Maddy Siegrist,OTHER,0.3,2,1.7,1.7,GOLD
2026-07-31,Maddy Siegrist,OTHER,0.6,2,1.4,1.4,GOLD
2026-08-02,Maddy Siegrist,OTHER,0.9,2,1.1,1.1,GOLD
2026-08-07,Maddy Siegrist,OTHER,1,0,-1,1,GOLD
2026-08-09,Maddy Siegrist,OTHER,1,0,-1,1,GOLD
2026-05-29,Megan DiLeo,OTHER,0.6,1,0.4,0.4,GOLD
2026-05-30,Megan DiLeo,OTHER,0.6,0,-0.6,0.6,GOLD
2026-06-02,Megan DiLeo,OTHER,0.6,2,1.4,1.4,GOLD
2026-06-05,Megan DiLeo,OTHER,0.9,0,-0.9,0.9,GOLD
2026-06-07,Megan DiLeo,OTHER,0.9,0,-0.9,0.9,GOLD
2026-06-11,Megan DiLeo,OTHER,0.6,0,-0.6,0.6,GOLD
2026-06-13,Megan DiLeo,OTHER,0.5,4,3.5,3.5,GOLD
2026-06-15,Megan DiLeo,OTHER,1,0,-1,1,GOLD
2026-06-17,Megan DiLeo,OTHER,0.8,0,-0.8,0.8,GOLD
2026-06-24,Megan DiLeo,OTHER,0.8,1,0.19999999999999996,0.19999999999999996,GOLD
2026-06-26,Megan DiLeo,OTHER,0.9,3,2.1,2.1,GOLD
2026-06-28,Megan DiLeo,OTHER,1.3,4,2.7,2.7,GOLD
2026-07-04,Megan DiLeo,OTHER,1.4,3,1.6,1.6,GOLD
2026-07-09,Megan DiLeo,OTHER,1.8,0,-1.8,1.8,GOLD
2026-07-11,Megan DiLeo,OTHER,1.7,1,-0.7,0.7,GOLD
2026-07-14,Megan DiLeo,OTHER,1.7,0,-1.7,1.7,GOLD
2026-07-22,Megan DiLeo,OTHER,1.4,1,-0.3999999999999999,0.3999999999999999,GOLD
2026-07-28,Megan DiLeo,OTHER,1,1,0,0,GOLD
2026-07-31,Megan DiLeo,OTHER,0.8,0,-0.8,0.8,GOLD
2026-08-02,Megan DiLeo,OTHER,0.8,3,2.2,2.2,GOLD
2026-08-06,Megan DiLeo,OTHER,1,2,1,1,GOLD
2026-08-08,Megan DiLeo,OTHER,1.3,0,-1.3,1.3,GOLD
2026-05-30,Nell Angloma,OTHER,0.2,0,-0.2,0.2,GOLD
2026-06-02,Nell Angloma,OTHER,0.2,0,-0.2,0.2,GOLD
2026-06-05,Nell Angloma,OTHER,0.2,0,-0.2,0.2,GOLD
2026-06-08,Nell Angloma,OTHER,0,2,2,2,GOLD
2026-06-10,Nell Angloma,OTHER,0.4,1,0.6,0.6,GOLD
2026-06-13,Nell Angloma,OTHER,0.5,0,-0.5,0.5,GOLD
2026-06-17,Nell Angloma,OTHER,0.5,1,0.5,0.5,GOLD
2026-06-19,Nell Angloma,OTHER,0.6,0,-0.6,0.6,GOLD
2026-06-22,Nell Angloma,OTHER,0.7,1,0.30000000000000004,0.30000000000000004,GOLD
2026-06-26,Nell Angloma,OTHER,0.5,0,-0.5,0.5,GOLD
2026-07-08,Nell Angloma,OTHER,0.4,0,-0.4,0.4,GOLD
2026-07-10,Nell Angloma,OTHER,0.4,4,3.6,3.6,GOLD
2026-07-14,Nell Angloma,OTHER,0.9,2,1.1,1.1,GOLD
2026-07-17,Nell Angloma,OTHER,1.1,0,-1.1,1.1,GOLD
2026-07-19,Nell Angloma,OTHER,1,0,-1,1,GOLD
2026-07-22,Nell Angloma,OTHER,1,1,0,0,GOLD
2026-07-28,Nell Angloma,OTHER,1.1,0,-1.1,1.1,GOLD
2026-07-30,Nell Angloma,OTHER,0.6,1,0.4,0.4,GOLD
2026-08-02,Nell Angloma,OTHER,0.5,0,-0.5,0.5,GOLD
2026-08-07,Nell Angloma,OTHER,0.5,0,-0.5,0.5,GOLD
2026-05-29,Nyadiew Puoch,OTHER,0.6,1,0.4,0.4,GOLD
2026-05-30,Nyadiew Puoch,OTHER,0.7,1,0.30000000000000004,0.30000000000000004,GOLD
2026-06-02,Nyadiew Puoch,OTHER,0.9,0,-0.9,0.9,GOLD
2026-06-05,Nyadiew Puoch,OTHER,0.7,0,-0.7,0.7,GOLD
2026-06-07,Nyadiew Puoch,OTHER,0.5,0,-0.5,0.5,GOLD
2026-06-11,Nyadiew Puoch,OTHER,0.4,1,0.6,0.6,GOLD
2026-06-15,Nyadiew Puoch,OTHER,0.5,2,1.5,1.5,GOLD
2026-06-17,Nyadiew Puoch,OTHER,0.6,1,0.4,0.4,GOLD
2026-06-24,Nyadiew Puoch,OTHER,0.8,2,1.2,1.2,GOLD
2026-06-26,Nyadiew Puoch,OTHER,1.1,1,-0.10000000000000009,0.10000000000000009,GOLD
2026-06-28,Nyadiew Puoch,OTHER,1.2,1,-0.19999999999999996,0.19999999999999996,GOLD
2026-07-04,Nyadiew Puoch,OTHER,1.2,0,-1.2,1.2,GOLD
2026-07-09,Nyadiew Puoch,OTHER,0.9,1,0.09999999999999998,0.09999999999999998,GOLD
2026-07-11,Nyadiew Puoch,OTHER,0.9,0,-0.9,0.9,GOLD
2026-07-14,Nyadiew Puoch,OTHER,0.7,0,-0.7,0.7,GOLD
2026-07-16,Nyadiew Puoch,OTHER,0.5,0,-0.5,0.5,GOLD
2026-07-18,Nyadiew Puoch,OTHER,0.4,1,0.6,0.6,GOLD
2026-07-22,Nyadiew Puoch,OTHER,0.5,0,-0.5,0.5,GOLD
2026-07-28,Nyadiew Puoch,OTHER,0.4,0,-0.4,0.4,GOLD
2026-07-31,Nyadiew Puoch,OTHER,0.4,0,-0.4,0.4,GOLD
2026-08-02,Nyadiew Puoch,OTHER,0.4,0,-0.4,0.4,GOLD
2026-08-06,Nyadiew Puoch,OTHER,0.4,1,0.6,0.6,GOLD
2026-08-08,Nyadiew Puoch,OTHER,0.4,1,0.6,0.6,GOLD
2026-06-01,Odyssey Sims,OTHER,2.8,4,1.2000000000000002,1.2000000000000002,GOLD
2026-06-05,Odyssey Sims,SECONDARY,3,0,-3,3,GOLD
2026-07-02,Odyssey Sims,OTHER,2.3,4,1.7000000000000002,1.7000000000000002,GOLD
2026-07-05,Odyssey Sims,OTHER,2.3,0,-2.3,2.3,GOLD
2026-07-07,Odyssey Sims,OTHER,1.9,0,-1.9,1.9,GOLD
2026-07-10,Odyssey Sims,OTHER,1.8,0,-1.8,1.8,GOLD
2026-07-12,Odyssey Sims,OTHER,1.2,1,-0.19999999999999996,0.19999999999999996,GOLD
2026-07-19,Odyssey Sims,OTHER,1.3,6,4.7,4.7,GOLD
2026-07-20,Odyssey Sims,OTHER,1.7,1,-0.7,0.7,GOLD
2026-07-22,Odyssey Sims,OTHER,1.8,1,-0.8,0.8,GOLD
2026-07-29,Odyssey Sims,OTHER,1.9,0,-1.9,1.9,GOLD
2026-07-31,Odyssey Sims,OTHER,1.9,0,-1.9,1.9,GOLD
2026-08-02,Odyssey Sims,OTHER,1.7,2,0.30000000000000004,0.30000000000000004,GOLD
2026-08-05,Odyssey Sims,OTHER,1.2,3,1.8,1.8,GOLD
2026-08-07,Odyssey Sims,OTHER,1.5,4,2.5,2.5,GOLD
2026-08-09,Odyssey Sims,OTHER,1.9,4,2.1,2.1,GOLD
2026-06-01,Paige Bueckers,PRIMARY,5.5,7,1.5,1.5,GOLD
2026-06-05,Paige Bueckers,PRIMARY,5.6,14,8.4,8.4,GOLD
2026-06-09,Paige Bueckers,PRIMARY,7.4,2,-5.4,5.4,GOLD
2026-06-11,Paige Bueckers,PRIMARY,6.5,5,-1.5,1.5,GOLD
2026-06-15,Paige Bueckers,PRIMARY,6.9,7,0.09999999999999964,0.09999999999999964,GOLD
2026-06-17,Paige Bueckers,PRIMARY,7.1,8,0.9000000000000004,0.9000000000000004,GOLD
2026-06-20,Paige Bueckers,PRIMARY,7.2,8,0.7999999999999998,0.7999999999999998,GOLD
2026-06-22,Paige Bueckers,PRIMARY,6.5,5,-1.5,1.5,GOLD
2026-06-25,Paige Bueckers,PRIMARY,6.9,6,-0.9000000000000004,0.9000000000000004,GOLD
2026-06-28,Paige Bueckers,PRIMARY,7,4,-3,3,GOLD
2026-07-02,Paige Bueckers,PRIMARY,6.6,7,0.40000000000000036,0.40000000000000036,GOLD
2026-07-05,Paige Bueckers,PRIMARY,6.5,7,0.5,0.5,GOLD
2026-07-07,Paige Bueckers,PRIMARY,6.3,6,-0.2999999999999998,0.2999999999999998,GOLD
2026-07-10,Paige Bueckers,PRIMARY,6.5,6,-0.5,0.5,GOLD
2026-07-12,Paige Bueckers,PRIMARY,6.5,11,4.5,4.5,GOLD
2026-07-19,Paige Bueckers,PRIMARY,7.4,5,-2.4000000000000004,2.4000000000000004,GOLD
2026-07-22,Paige Bueckers,PRIMARY,7.2,5,-2.2,2.2,GOLD
2026-07-25,Paige Bueckers,PRIMARY,6.9,7,0.09999999999999964,0.09999999999999964,GOLD
2026-07-29,Paige Bueckers,PRIMARY,7,6,-1,1,GOLD
2026-07-31,Paige Bueckers,PRIMARY,7,2,-5,5,GOLD
2026-08-02,Paige Bueckers,PRIMARY,5.8,4,-1.7999999999999998,1.7999999999999998,GOLD
2026-08-05,Paige Bueckers,PRIMARY,5.6,4,-1.5999999999999996,1.5999999999999996,GOLD
2026-08-07,Paige Bueckers,PRIMARY,5.5,1,-4.5,4.5,GOLD
2026-08-09,Paige Bueckers,PRIMARY,4.6,8,3.4000000000000004,3.4000000000000004,GOLD
2026-05-30,Raegan Beers,OTHER,1,2,1,1,GOLD
2026-06-05,Raegan Beers,OTHER,1.3,2,0.7,0.7,GOLD
2026-06-08,Raegan Beers,OTHER,1.4,0,-1.4,1.4,GOLD
2026-06-10,Raegan Beers,OTHER,1.2,1,-0.19999999999999996,0.19999999999999996,GOLD
2026-06-13,Raegan Beers,OTHER,1.3,0,-1.3,1.3,GOLD
2026-06-17,Raegan Beers,OTHER,1,1,0,0,GOLD
2026-06-22,Raegan Beers,OTHER,0.9,0,-0.9,0.9,GOLD
2026-06-26,Raegan Beers,OTHER,0.6,0,-0.6,0.6,GOLD
2026-07-08,Raegan Beers,OTHER,0.6,1,0.4,0.4,GOLD
2026-07-10,Raegan Beers,OTHER,0.6,1,0.4,0.4,GOLD
2026-07-14,Raegan Beers,OTHER,0.7,0,-0.7,0.7,GOLD
2026-07-17,Raegan Beers,OTHER,0.6,0,-0.6,0.6,GOLD
2026-07-19,Raegan Beers,OTHER,0.5,0,-0.5,0.5,GOLD
2026-07-22,Raegan Beers,OTHER,0.5,2,1.5,1.5,GOLD
2026-07-28,Raegan Beers,OTHER,0.7,0,-0.7,0.7,GOLD
2026-07-30,Raegan Beers,OTHER,0.5,0,-0.5,0.5,GOLD
2026-08-02,Raegan Beers,OTHER,0.5,3,2.5,2.5,GOLD
2026-07-14,Rori Harmon,OTHER,0.8,0,-0.8,0.8,GOLD
2026-07-16,Rori Harmon,OTHER,0.5,0,-0.5,0.5,GOLD
2026-05-30,Saniya Rivers,OTHER,2.6,4,1.4,1.4,GOLD
2026-06-02,Saniya Rivers,OTHER,2.4,2,-0.3999999999999999,0.3999999999999999,GOLD
2026-06-05,Saniya Rivers,OTHER,2.3,3,0.7000000000000002,0.7000000000000002,GOLD
2026-06-08,Saniya Rivers,OTHER,2.4,3,0.6000000000000001,0.6000000000000001,GOLD
2026-06-10,Saniya Rivers,OTHER,2.8,7,4.2,4.2,GOLD
2026-06-13,Saniya Rivers,SECONDARY,3.7,4,0.2999999999999998,0.2999999999999998,GOLD
2026-06-17,Saniya Rivers,SECONDARY,3.7,1,-2.7,2.7,GOLD
2026-06-19,Saniya Rivers,SECONDARY,3.5,4,0.5,0.5,GOLD
2026-06-22,Saniya Rivers,SECONDARY,3.6,0,-3.6,3.6,GOLD
2026-07-02,Saniya Rivers,OTHER,3.1,2,-1.1,1.1,GOLD
2026-07-06,Saniya Rivers,OTHER,2.5,1,-1.5,1.5,GOLD
2026-07-08,Saniya Rivers,OTHER,2,2,0,0,GOLD
2026-07-17,Saniya Rivers,OTHER,2.2,2,-0.20000000000000018,0.20000000000000018,GOLD
2026-07-22,Saniya Rivers,OTHER,1.9,6,4.1,4.1,GOLD
2026-07-28,Saniya Rivers,OTHER,2.7,2,-0.7000000000000002,0.7000000000000002,GOLD
2026-07-30,Saniya Rivers,OTHER,2.7,3,0.2999999999999998,0.2999999999999998,GOLD
2026-08-02,Saniya Rivers,OTHER,2.9,2,-0.8999999999999999,0.8999999999999999,GOLD
2026-08-07,Saniya Rivers,OTHER,2.9,4,1.1,1.1,GOLD
2026-05-29,Sarah Ashlee Barker,OTHER,1.8,0,-1.8,1.8,GOLD
2026-05-30,Sarah Ashlee Barker,OTHER,1.3,4,2.7,2.7,GOLD
2026-06-02,Sarah Ashlee Barker,OTHER,1.8,3,1.2,1.2,GOLD
2026-06-05,Sarah Ashlee Barker,OTHER,2.1,3,0.8999999999999999,0.8999999999999999,GOLD
2026-06-07,Sarah Ashlee Barker,OTHER,2.2,7,4.8,4.8,GOLD
2026-06-11,Sarah Ashlee Barker,OTHER,3.1,4,0.8999999999999999,0.8999999999999999,GOLD
2026-06-13,Sarah Ashlee Barker,OTHER,3.6,3,-0.6000000000000001,0.6000000000000001,GOLD
2026-06-15,Sarah Ashlee Barker,OTHER,3.5,2,-1.5,1.5,GOLD
2026-06-17,Sarah Ashlee Barker,OTHER,3.3,0,-3.3,3.3,GOLD
2026-06-24,Sarah Ashlee Barker,OTHER,2.9,2,-0.8999999999999999,0.8999999999999999,GOLD
2026-06-26,Sarah Ashlee Barker,OTHER,2.3,1,-1.2999999999999998,1.2999999999999998,GOLD
2026-06-28,Sarah Ashlee Barker,OTHER,1.9,3,1.1,1.1,GOLD
2026-07-04,Sarah Ashlee Barker,OTHER,2,3,1,1,GOLD
2026-07-09,Sarah Ashlee Barker,OTHER,2.1,3,0.8999999999999999,0.8999999999999999,GOLD
2026-07-14,Sarah Ashlee Barker,OTHER,2.5,2,-0.5,0.5,GOLD
2026-07-16,Sarah Ashlee Barker,OTHER,2.4,2,-0.3999999999999999,0.3999999999999999,GOLD
2026-07-18,Sarah Ashlee Barker,OTHER,2.5,4,1.5,1.5,GOLD
2026-07-22,Sarah Ashlee Barker,OTHER,2.7,2,-0.7000000000000002,0.7000000000000002,GOLD
2026-05-29,Serah Williams,OTHER,0,2,2,2,GOLD
2026-06-02,Serah Williams,OTHER,0.4,0,-0.4,0.4,GOLD
2026-06-11,Serah Williams,OTHER,0.4,1,0.6,0.6,GOLD
2026-06-13,Serah Williams,OTHER,0.5,0,-0.5,0.5,GOLD
2026-06-15,Serah Williams,OTHER,0.5,1,0.5,0.5,GOLD
2026-06-17,Serah Williams,OTHER,0.7,0,-0.7,0.7,GOLD
2026-06-24,Serah Williams,OTHER,0.4,0,-0.4,0.4,GOLD
2026-06-26,Serah Williams,OTHER,0.4,1,0.6,0.6,GOLD
2026-06-28,Serah Williams,OTHER,0.4,0,-0.4,0.4,GOLD
2026-07-04,Serah Williams,OTHER,0.4,0,-0.4,0.4,GOLD
2026-07-09,Serah Williams,OTHER,0.3,1,0.7,0.7,GOLD
2026-07-11,Serah Williams,OTHER,0.4,1,0.6,0.6,GOLD
2026-07-14,Serah Williams,OTHER,0.5,0,-0.5,0.5,GOLD
2026-07-16,Serah Williams,OTHER,0.4,1,0.6,0.6,GOLD
2026-07-18,Serah Williams,OTHER,0.5,1,0.5,0.5,GOLD
2026-07-22,Serah Williams,OTHER,0.6,0,-0.6,0.6,GOLD
2026-07-28,Serah Williams,OTHER,0.5,1,0.5,0.5,GOLD
2026-07-31,Serah Williams,OTHER,0.5,0,-0.5,0.5,GOLD
2026-08-02,Serah Williams,OTHER,0.5,1,0.5,0.5,GOLD
2026-08-06,Serah Williams,OTHER,0.5,0,-0.5,0.5,GOLD
2026-08-08,Serah Williams,OTHER,0.4,2,1.6,1.6,GOLD
2026-06-06,Shakira Austin,OTHER,2,4,2,2,GOLD
2026-06-08,Shakira Austin,OTHER,2.5,4,1.5,1.5,GOLD
2026-06-12,Shakira Austin,OTHER,3.1,3,-0.10000000000000009,0.10000000000000009,GOLD
2026-06-14,Shakira Austin,OTHER,2.9,4,1.1,1.1,GOLD
2026-06-19,Shakira Austin,OTHER,3,1,-2,2,GOLD
2026-06-21,Shakira Austin,OTHER,3,2,-1,1,GOLD
2026-06-24,Shakira Austin,OTHER,2.7,3,0.2999999999999998,0.2999999999999998,GOLD
2026-06-26,Shakira Austin,OTHER,2.6,1,-1.6,1.6,GOLD
2026-06-28,Shakira Austin,OTHER,2.3,6,3.7,3.7,GOLD
2026-07-02,Shakira Austin,OTHER,2.6,3,0.3999999999999999,0.3999999999999999,GOLD
2026-07-06,Shakira Austin,OTHER,2.9,0,-2.9,2.9,GOLD
2026-07-12,Shakira Austin,OTHER,2.6,3,0.3999999999999999,0.3999999999999999,GOLD
2026-07-14,Shakira Austin,OTHER,2.6,0,-2.6,2.6,GOLD
2026-07-16,Shakira Austin,OTHER,2.4,4,1.6,1.6,GOLD
2026-07-18,Shakira Austin,OTHER,2.2,1,-1.2000000000000002,1.2000000000000002,GOLD
2026-07-20,Shakira Austin,OTHER,1.9,2,0.10000000000000009,0.10000000000000009,GOLD
2026-07-22,Shakira Austin,OTHER,2.2,3,0.7999999999999998,0.7999999999999998,GOLD
2026-07-28,Shakira Austin,OTHER,2.2,1,-1.2000000000000002,1.2000000000000002,GOLD
2026-07-31,Shakira Austin,OTHER,2.3,4,1.7000000000000002,1.7000000000000002,GOLD
2026-08-05,Shakira Austin,OTHER,2.3,2,-0.2999999999999998,0.2999999999999998,GOLD
2026-08-07,Shakira Austin,OTHER,2.4,3,0.6000000000000001,0.6000000000000001,GOLD
2026-08-09,Shakira Austin,OTHER,2.5,3,0.5,0.5,GOLD
2026-08-11,Shakira Austin,OTHER,2.6,3,0.3999999999999999,0.3999999999999999,GOLD
2026-06-08,Sonia Citron,SECONDARY,4.1,5,0.9000000000000004,0.9000000000000004,GOLD
2026-06-12,Sonia Citron,SECONDARY,4.7,3,-1.7000000000000002,1.7000000000000002,GOLD
2026-06-14,Sonia Citron,SECONDARY,4.7,2,-2.7,2.7,GOLD
2026-06-17,Sonia Citron,SECONDARY,4.5,4,-0.5,0.5,GOLD
2026-06-19,Sonia Citron,SECONDARY,4,8,4,4,GOLD
2026-06-21,Sonia Citron,SECONDARY,4.4,2,-2.4000000000000004,2.4000000000000004,GOLD
2026-06-24,Sonia Citron,SECONDARY,4,3,-1,1,GOLD
2026-06-26,Sonia Citron,SECONDARY,4,3,-1,1,GOLD
2026-06-28,Sonia Citron,SECONDARY,4.1,4,-0.09999999999999964,0.09999999999999964,GOLD
2026-07-12,Sonia Citron,SECONDARY,4.1,1,-3.0999999999999996,3.0999999999999996,GOLD
2026-07-14,Sonia Citron,SECONDARY,3.1,4,0.8999999999999999,0.8999999999999999,GOLD
2026-07-16,Sonia Citron,SECONDARY,3.4,3,-0.3999999999999999,0.3999999999999999,GOLD
2026-07-18,Sonia Citron,SECONDARY,3.4,4,0.6000000000000001,0.6000000000000001,GOLD
2026-07-20,Sonia Citron,SECONDARY,3.5,6,2.5,2.5,GOLD
2026-07-22,Sonia Citron,SECONDARY,3.8,8,4.2,4.2,GOLD
2026-07-25,Sonia Citron,SECONDARY,4.8,2,-2.8,2.8,GOLD
2026-07-28,Sonia Citron,SECONDARY,4.5,4,-0.5,0.5,GOLD
2026-07-31,Sonia Citron,SECONDARY,4.6,5,0.40000000000000036,0.40000000000000036,GOLD
2026-08-05,Sonia Citron,SECONDARY,4.8,3,-1.7999999999999998,1.7999999999999998,GOLD
2026-08-07,Sonia Citron,SECONDARY,4.4,3,-1.4000000000000004,1.4000000000000004,GOLD
2026-08-09,Sonia Citron,SECONDARY,3.7,6,2.3,2.3,GOLD
2026-08-11,Sonia Citron,SECONDARY,4.2,2,-2.2,2.2,GOLD
2026-06-22,Sug Sutton,SECONDARY,3.3,2,-1.2999999999999998,1.2999999999999998,GOLD
2026-06-25,Sug Sutton,SECONDARY,2.8,0,-2.8,2.8,GOLD
2026-06-28,Sug Sutton,OTHER,2.1,1,-1.1,1.1,GOLD
2026-07-02,Sug Sutton,OTHER,1.6,0,-1.6,1.6,GOLD
2026-07-05,Sug Sutton,OTHER,1.2,1,-0.19999999999999996,0.19999999999999996,GOLD
2026-07-12,Sug Sutton,OTHER,1.2,1,-0.19999999999999996,0.19999999999999996,GOLD
2026-07-20,Sug Sutton,OTHER,1,7,6,6,GOLD
2026-07-22,Sug Sutton,OTHER,2.2,1,-1.2000000000000002,1.2000000000000002,GOLD
2026-07-29,Sug Sutton,OTHER,2.2,0,-2.2,2.2,GOLD
2026-07-31,Sug Sutton,OTHER,2.1,1,-1.1,1.1,GOLD
2026-08-02,Sug Sutton,OTHER,2.1,2,-0.10000000000000009,0.10000000000000009,GOLD
2026-08-07,Sug Sutton,OTHER,2.2,0,-2.2,2.2,GOLD
2026-08-09,Sug Sutton,OTHER,1.2,4,2.8,2.8,GOLD
2026-06-01,Alyssa Thomas,PRIMARY,8.3,5,-3.3000000000000007,3.3000000000000007,GOLD
2026-06-03,Alyssa Thomas,PRIMARY,7.7,5,-2.7,2.7,GOLD
2026-06-09,Alyssa Thomas,PRIMARY,7.3,9,1.7000000000000002,1.7000000000000002,GOLD
2026-06-11,Alyssa Thomas,PRIMARY,7.6,10,2.4000000000000004,2.4000000000000004,GOLD
2026-06-13,Alyssa Thomas,PRIMARY,7.9,12,4.1,4.1,GOLD
2026-06-17,Alyssa Thomas,PRIMARY,8.6,11,2.4000000000000004,2.4000000000000004,GOLD
2026-06-20,Alyssa Thomas,PRIMARY,9.5,9,-0.5,0.5,GOLD
2026-06-22,Alyssa Thomas,PRIMARY,10,9,-1,1,GOLD
2026-06-24,Alyssa Thomas,PRIMARY,10,8,-2,2,GOLD
2026-07-02,Alyssa Thomas,PRIMARY,9.8,9,-0.8000000000000007,0.8000000000000007,GOLD
2026-07-07,Alyssa Thomas,PRIMARY,9.4,5,-4.4,4.4,GOLD
2026-07-09,Alyssa Thomas,PRIMARY,8.6,7,-1.5999999999999996,1.5999999999999996,GOLD
2026-07-11,Alyssa Thomas,PRIMARY,8.3,1,-7.300000000000001,7.300000000000001,GOLD
2026-07-13,Alyssa Thomas,PRIMARY,7.1,12,4.9,4.9,GOLD
2026-07-17,Alyssa Thomas,PRIMARY,7.7,6,-1.7000000000000002,1.7000000000000002,GOLD
2026-07-19,Alyssa Thomas,PRIMARY,7.3,11,3.7,3.7,GOLD
2026-07-22,Alyssa Thomas,PRIMARY,8.1,15,6.9,6.9,GOLD
2026-07-29,Alyssa Thomas,PRIMARY,9.2,8,-1.1999999999999993,1.1999999999999993,GOLD
2026-08-01,Alyssa Thomas,PRIMARY,10.1,7,-3.0999999999999996,3.0999999999999996,GOLD
2026-08-03,Alyssa Thomas,PRIMARY,9.5,12,2.5,2.5,GOLD
2026-08-05,Alyssa Thomas,PRIMARY,10.3,7,-3.3000000000000007,3.3000000000000007,GOLD
2026-08-07,Alyssa Thomas,PRIMARY,9.7,5,-4.699999999999999,4.699999999999999,GOLD
2026-08-09,Alyssa Thomas,PRIMARY,8.5,6,-2.5,2.5,GOLD
2026-08-11,Alyssa Thomas,PRIMARY,8.2,9,0.8000000000000007,0.8000000000000007,GOLD
2026-06-01,DeWanna Bonner,OTHER,0.6,0,-0.6,0.6,GOLD
2026-06-03,DeWanna Bonner,OTHER,0.4,1,0.6,0.6,GOLD
2026-06-05,DeWanna Bonner,OTHER,0.5,5,4.5,4.5,GOLD
2026-06-09,DeWanna Bonner,OTHER,1.2,0,-1.2,1.2,GOLD
2026-06-11,DeWanna Bonner,OTHER,1.1,1,-0.10000000000000009,0.10000000000000009,GOLD
2026-06-13,DeWanna Bonner,OTHER,1.2,0,-1.2,1.2,GOLD
2026-06-17,DeWanna Bonner,OTHER,1.2,1,-0.19999999999999996,0.19999999999999996,GOLD
2026-06-20,DeWanna Bonner,OTHER,1.2,1,-0.19999999999999996,0.19999999999999996,GOLD
2026-06-22,DeWanna Bonner,OTHER,0.7,0,-0.7,0.7,GOLD
2026-06-24,DeWanna Bonner,OTHER,0.7,1,0.30000000000000004,0.30000000000000004,GOLD
2026-06-27,DeWanna Bonner,OTHER,0.7,3,2.3,2.3,GOLD
2026-07-02,DeWanna Bonner,OTHER,1.1,2,0.8999999999999999,0.8999999999999999,GOLD
2026-07-07,DeWanna Bonner,OTHER,1.3,0,-1.3,1.3,GOLD
2026-07-09,DeWanna Bonner,OTHER,1.1,2,0.8999999999999999,0.8999999999999999,GOLD
2026-07-11,DeWanna Bonner,OTHER,1.4,3,1.6,1.6,GOLD
2026-07-13,DeWanna Bonner,OTHER,1.6,3,1.4,1.4,GOLD
2026-07-17,DeWanna Bonner,OTHER,1.7,1,-0.7,0.7,GOLD
2026-07-19,DeWanna Bonner,OTHER,1.6,0,-1.6,1.6,GOLD
2026-07-22,DeWanna Bonner,OTHER,1.5,4,2.5,2.5,GOLD
2026-07-29,DeWanna Bonner,OTHER,1.8,3,1.2,1.2,GOLD
2026-08-01,DeWanna Bonner,OTHER,1.8,3,1.2,1.2,GOLD
2026-08-03,DeWanna Bonner,OTHER,1.9,4,2.1,2.1,GOLD
2026-08-05,DeWanna Bonner,OTHER,2.3,1,-1.2999999999999998,1.2999999999999998,GOLD
2026-08-07,DeWanna Bonner,OTHER,2.4,2,-0.3999999999999999,0.3999999999999999,GOLD
2026-08-09,DeWanna Bonner,OTHER,2.1,1,-1.1,1.1,GOLD
2026-08-11,DeWanna Bonner,OTHER,1.9,2,0.10000000000000009,0.10000000000000009,GOLD
2026-06-01,Jovana Nogic,OTHER,1.6,0,-1.6,1.6,GOLD
2026-06-03,Jovana Nogic,OTHER,1.1,2,0.8999999999999999,0.8999999999999999,GOLD
2026-06-05,Jovana Nogic,OTHER,1,6,5,5,GOLD
2026-06-09,Jovana Nogic,OTHER,1.9,1,-0.8999999999999999,0.8999999999999999,GOLD
2026-06-11,Jovana Nogic,OTHER,1.9,1,-0.8999999999999999,0.8999999999999999,GOLD
2026-06-13,Jovana Nogic,OTHER,1.9,1,-0.8999999999999999,0.8999999999999999,GOLD
2026-06-17,Jovana Nogic,OTHER,2,0,-2,2,GOLD
2026-06-01,Kahleah Copper,OTHER,2,1,-1,1,GOLD
2026-06-03,Kahleah Copper,OTHER,1.6,1,-0.6000000000000001,0.6000000000000001,GOLD
2026-06-09,Kahleah Copper,OTHER,1.4,1,-0.3999999999999999,0.3999999999999999,GOLD
2026-06-11,Kahleah Copper,OTHER,1.4,3,1.6,1.6,GOLD
2026-06-13,Kahleah Copper,OTHER,1.5,1,-0.5,0.5,GOLD
2026-06-17,Kahleah Copper,OTHER,1.5,3,1.5,1.5,GOLD
2026-06-20,Kahleah Copper,OTHER,1.8,2,0.19999999999999996,0.19999999999999996,GOLD
2026-06-22,Kahleah Copper,OTHER,1.9,0,-1.9,1.9,GOLD
2026-06-24,Kahleah Copper,OTHER,1.8,1,-0.8,0.8,GOLD
2026-06-27,Kahleah Copper,OTHER,1.5,1,-0.5,0.5,GOLD
2026-07-02,Kahleah Copper,OTHER,1.5,3,1.5,1.5,GOLD
2026-07-07,Kahleah Copper,OTHER,1.5,1,-0.5,0.5,GOLD
2026-07-09,Kahleah Copper,OTHER,1.4,2,0.6000000000000001,0.6000000000000001,GOLD
2026-07-11,Kahleah Copper,OTHER,1.6,0,-1.6,1.6,GOLD
2026-07-13,Kahleah Copper,OTHER,1.5,1,-0.5,0.5,GOLD
2026-07-17,Kahleah Copper,OTHER,1.5,1,-0.5,0.5,GOLD
2026-07-19,Kahleah Copper,OTHER,1.2,4,2.8,2.8,GOLD
2026-07-22,Kahleah Copper,OTHER,1.6,3,1.4,1.4,GOLD
2026-07-25,Kahleah Copper,OTHER,1.8,2,0.19999999999999996,0.19999999999999996,GOLD
2026-07-29,Kahleah Copper,OTHER,2,4,2,2,GOLD
2026-08-01,Kahleah Copper,OTHER,2.4,0,-2.4,2.4,GOLD
2026-08-03,Kahleah Copper,OTHER,2.3,1,-1.2999999999999998,1.2999999999999998,GOLD
2026-08-05,Kahleah Copper,OTHER,1.9,5,3.1,3.1,GOLD
2026-08-07,Kahleah Copper,OTHER,2.2,4,1.7999999999999998,1.7999999999999998,GOLD
2026-08-09,Kahleah Copper,OTHER,2.4,3,0.6000000000000001,0.6000000000000001,GOLD
2026-08-11,Kahleah Copper,OTHER,2.3,1,-1.2999999999999998,1.2999999999999998,GOLD
2026-06-25,Kiana Williams,OTHER,0.6,1,0.4,0.4,GOLD
2026-06-27,Kiana Williams,OTHER,0.7,0,-0.7,0.7,GOLD
2026-07-06,Kiana Williams,OTHER,0.6,3,2.4,2.4,GOLD
2026-07-08,Kiana Williams,OTHER,1,4,3,3,GOLD
2026-07-10,Kiana Williams,OTHER,1.6,5,3.4,3.4,GOLD
2026-07-13,Kiana Williams,OTHER,2.2,1,-1.2000000000000002,1.2000000000000002,GOLD
2026-07-15,Kiana Williams,OTHER,2.2,1,-1.2000000000000002,1.2000000000000002,GOLD
2026-07-22,Kiana Williams,OTHER,2.3,1,-1.2999999999999998,1.2999999999999998,GOLD
2026-07-28,Kiana Williams,OTHER,2.1,1,-1.1,1.1,GOLD
2026-08-09,Kiana Williams,OTHER,1.7,3,1.3,1.3,GOLD
2026-08-11,Kiana Williams,OTHER,1.5,0,-1.5,1.5,GOLD
2026-06-05,Kyara Linskens,OTHER,0.4,0,-0.4,0.4,GOLD
2026-06-17,Kyara Linskens,OTHER,0.4,0,-0.4,0.4,GOLD
2026-06-20,Kyara Linskens,OTHER,0.4,0,-0.4,0.4,GOLD
2026-06-22,Kyara Linskens,OTHER,0.2,0,-0.2,0.2,GOLD
2026-06-27,Kyara Linskens,OTHER,0.1,3,2.9,2.9,GOLD
2026-07-02,Kyara Linskens,OTHER,0.6,1,0.4,0.4,GOLD
2026-07-07,Kyara Linskens,OTHER,0.7,0,-0.7,0.7,GOLD
2026-08-07,Kyara Linskens,OTHER,0.7,1,0.30000000000000004,0.30000000000000004,GOLD
2026-08-09,Kyara Linskens,OTHER,0.8,2,1.2,1.2,GOLD
2026-06-01,Natasha Mack,OTHER,1.4,1,-0.3999999999999999,0.3999999999999999,GOLD
2026-06-03,Natasha Mack,OTHER,1.1,2,0.8999999999999999,0.8999999999999999,GOLD
2026-06-05,Natasha Mack,OTHER,1.2,2,0.8,0.8,GOLD
2026-06-09,Natasha Mack,OTHER,1.3,1,-0.30000000000000004,0.30000000000000004,GOLD
2026-06-11,Natasha Mack,OTHER,1.3,2,0.7,0.7,GOLD
2026-06-13,Natasha Mack,OTHER,1.6,4,2.4,2.4,GOLD
2026-06-17,Natasha Mack,OTHER,2,0,-2,2,GOLD
2026-06-20,Natasha Mack,OTHER,1.7,2,0.30000000000000004,0.30000000000000004,GOLD
2026-06-22,Natasha Mack,OTHER,1.7,1,-0.7,0.7,GOLD
2026-07-19,Natasha Mack,OTHER,1.7,0,-1.7,1.7,GOLD
2026-07-22,Natasha Mack,OTHER,1.4,1,-0.3999999999999999,0.3999999999999999,GOLD
2026-07-29,Natasha Mack,OTHER,1,1,0,0,GOLD
2026-08-01,Natasha Mack,OTHER,1.2,2,0.8,0.8,GOLD
2026-08-03,Natasha Mack,OTHER,1.2,1,-0.19999999999999996,0.19999999999999996,GOLD
2026-08-05,Natasha Mack,OTHER,1.2,0,-1.2,1.2,GOLD
2026-08-07,Natasha Mack,OTHER,1.1,2,0.8999999999999999,0.8999999999999999,GOLD
2026-08-09,Natasha Mack,OTHER,1.3,0,-1.3,1.3,GOLD
2026-08-11,Natasha Mack,OTHER,1.1,1,-0.10000000000000009,0.10000000000000009,GOLD
2026-06-01,Noemie Brochant,OTHER,0.8,0,-0.8,0.8,GOLD
2026-06-03,Noemie Brochant,OTHER,0.7,1,0.30000000000000004,0.30000000000000004,GOLD
2026-06-05,Noemie Brochant,OTHER,0.8,2,1.2,1.2,GOLD
2026-06-09,Noemie Brochant,OTHER,0.8,6,5.2,5.2,GOLD
2026-06-11,Noemie Brochant,OTHER,1.7,1,-0.7,0.7,GOLD
2026-06-13,Noemie Brochant,OTHER,1.8,1,-0.8,0.8,GOLD
2026-06-17,Noemie Brochant,OTHER,1.9,1,-0.8999999999999999,0.8999999999999999,GOLD
2026-06-20,Noemie Brochant,OTHER,1.8,10,8.2,8.2,GOLD
2026-06-22,Noemie Brochant,OTHER,3.1,3,-0.10000000000000009,0.10000000000000009,GOLD
2026-06-24,Noemie Brochant,OTHER,2.7,9,6.3,6.3,GOLD
2026-06-27,Noemie Brochant,OTHER,3.9,2,-1.9,1.9,GOLD
2026-07-07,Noemie Brochant,OTHER,3.9,0,-3.9,3.9,GOLD
2026-07-09,Noemie Brochant,OTHER,3.8,1,-2.8,2.8,GOLD
2026-07-11,Noemie Brochant,OTHER,2.7,1,-1.7000000000000002,1.7000000000000002,GOLD
2026-07-13,Noemie Brochant,OTHER,2.4,2,-0.3999999999999999,0.3999999999999999,GOLD
2026-07-17,Noemie Brochant,OTHER,1.6,1,-0.6000000000000001,0.6000000000000001,GOLD
2026-07-19,Noemie Brochant,OTHER,1.4,2,0.6000000000000001,0.6000000000000001,GOLD
2026-07-22,Noemie Brochant,OTHER,1.7,0,-1.7,1.7,GOLD
2026-07-29,Noemie Brochant,OTHER,1.5,1,-0.5,0.5,GOLD
2026-08-01,Noemie Brochant,OTHER,1.5,1,-0.5,0.5,GOLD
2026-08-03,Noemie Brochant,OTHER,1.4,2,0.6000000000000001,0.6000000000000001,GOLD
2026-08-05,Noemie Brochant,OTHER,1.5,3,1.5,1.5,GOLD
2026-08-07,Noemie Brochant,OTHER,1.6,1,-0.6000000000000001,0.6000000000000001,GOLD
2026-08-09,Noemie Brochant,OTHER,1.7,1,-0.7,0.7,GOLD
2026-08-11,Noemie Brochant,OTHER,1.7,3,1.3,1.3,GOLD
2026-06-03,Valeriane Ayayi,OTHER,1.2,1,-0.19999999999999996,0.19999999999999996,GOLD
2026-06-05,Valeriane Ayayi,OTHER,1.2,0,-1.2,1.2,GOLD
2026-06-17,Valeriane Ayayi,OTHER,1.1,1,-0.10000000000000009,0.10000000000000009,GOLD
2026-06-20,Valeriane Ayayi,OTHER,1.3,0,-1.3,1.3,GOLD
2026-06-22,Valeriane Ayayi,OTHER,1.1,3,1.9,1.9,GOLD
2026-06-24,Valeriane Ayayi,OTHER,1.1,2,0.8999999999999999,0.8999999999999999,GOLD
2026-06-27,Valeriane Ayayi,OTHER,1.2,2,0.8,0.8,GOLD
2026-07-02,Valeriane Ayayi,OTHER,1.5,3,1.5,1.5,GOLD
2026-07-07,Valeriane Ayayi,OTHER,1.8,0,-1.8,1.8,GOLD
2026-07-09,Valeriane Ayayi,OTHER,1.7,3,1.3,1.3,GOLD
2026-07-11,Valeriane Ayayi,OTHER,1.8,1,-0.8,0.8,GOLD
2026-07-13,Valeriane Ayayi,OTHER,1.7,1,-0.7,0.7,GOLD
2026-07-17,Valeriane Ayayi,OTHER,1.5,1,-0.5,0.5,GOLD
2026-07-19,Valeriane Ayayi,OTHER,1.3,1,-0.30000000000000004,0.30000000000000004,GOLD
2026-07-22,Valeriane Ayayi,OTHER,1.4,1,-0.3999999999999999,0.3999999999999999,GOLD
2026-07-29,Valeriane Ayayi,OTHER,1.1,1,-0.10000000000000009,0.10000000000000009,GOLD
2026-08-01,Valeriane Ayayi,OTHER,1.1,2,0.8999999999999999,0.8999999999999999,GOLD
2026-08-03,Valeriane Ayayi,OTHER,1.2,1,-0.19999999999999996,0.19999999999999996,GOLD
2026-08-05,Valeriane Ayayi,OTHER,1.2,0,-1.2,1.2,GOLD
2026-08-07,Valeriane Ayayi,OTHER,1.1,0,-1.1,1.1,GOLD
2026-08-09,Valeriane Ayayi,OTHER,1,1,0,0,GOLD
2026-08-11,Valeriane Ayayi,OTHER,0.9,1,0.09999999999999998,0.09999999999999998,GOLD
2026-06-06,Aliyah Boston,OTHER,2.8,1,-1.7999999999999998,1.7999999999999998,GOLD
2026-06-08,Aliyah Boston,OTHER,2.4,3,0.6000000000000001,0.6000000000000001,GOLD
2026-06-11,Aliyah Boston,OTHER,2.5,3,0.5,0.5,GOLD
2026-06-13,Aliyah Boston,OTHER,2.4,5,2.6,2.6,GOLD
2026-06-16,Aliyah Boston,OTHER,2.8,4,1.2000000000000002,1.2000000000000002,GOLD
2026-06-18,Aliyah Boston,SECONDARY,3.2,3,-0.20000000000000018,0.20000000000000018,GOLD
2026-06-20,Aliyah Boston,SECONDARY,3.5,6,2.5,2.5,GOLD
2026-06-22,Aliyah Boston,SECONDARY,3.9,0,-3.9,3.9,GOLD
2026-06-24,Aliyah Boston,SECONDARY,3.5,5,1.5,1.5,GOLD
2026-06-27,Aliyah Boston,SECONDARY,3.5,3,-0.5,0.5,GOLD
2026-07-05,Aliyah Boston,SECONDARY,3.4,1,-2.4,2.4,GOLD
2026-07-09,Aliyah Boston,SECONDARY,3.1,0,-3.1,3.1,GOLD
2026-07-12,Aliyah Boston,OTHER,2.2,4,1.7999999999999998,1.7999999999999998,GOLD
2026-07-15,Aliyah Boston,OTHER,2.7,1,-1.7000000000000002,1.7000000000000002,GOLD
2026-07-18,Aliyah Boston,OTHER,2.2,4,1.7999999999999998,1.7999999999999998,GOLD
2026-07-22,Aliyah Boston,OTHER,2.3,5,2.7,2.7,GOLD
2026-07-25,Aliyah Boston,OTHER,2.9,0,-2.9,2.9,GOLD
2026-07-28,Aliyah Boston,OTHER,2.9,1,-1.9,1.9,GOLD
2026-07-31,Aliyah Boston,OTHER,2.5,6,3.5,3.5,GOLD
2026-08-02,Aliyah Boston,OTHER,3.2,7,3.8,3.8,GOLD
2026-08-06,Aliyah Boston,SECONDARY,3.7,2,-1.7000000000000002,1.7000000000000002,GOLD
2026-08-08,Aliyah Boston,SECONDARY,3.2,3,-0.20000000000000018,0.20000000000000018,GOLD
2026-08-11,Aliyah Boston,SECONDARY,3.6,4,0.3999999999999999,0.3999999999999999,GOLD
2026-06-26,Ashlon Jackson,OTHER,1,0,-1,1,GOLD
2026-08-02,Ashlon Jackson,OTHER,0.8,1,0.19999999999999996,0.19999999999999996,GOLD
2026-05-30,Carla Leite,SECONDARY,3.9,12,8.1,8.1,GOLD
2026-06-02,Carla Leite,PRIMARY,6,7,1,1,GOLD
2026-06-05,Carla Leite,PRIMARY,5.9,4,-1.9000000000000004,1.9000000000000004,GOLD
2026-06-07,Carla Leite,PRIMARY,6,4,-2,2,GOLD
2026-06-11,Carla Leite,PRIMARY,6.1,8,1.9000000000000004,1.9000000000000004,GOLD
2026-06-13,Carla Leite,PRIMARY,6.7,8,1.2999999999999998,1.2999999999999998,GOLD
2026-06-15,Carla Leite,PRIMARY,6.3,3,-3.3,3.3,GOLD
2026-06-17,Carla Leite,PRIMARY,5.7,10,4.3,4.3,GOLD
2026-06-24,Carla Leite,PRIMARY,6.6,6,-0.5999999999999996,0.5999999999999996,GOLD
2026-06-26,Carla Leite,PRIMARY,6.9,4,-2.9000000000000004,2.9000000000000004,GOLD
2026-06-28,Carla Leite,PRIMARY,6.3,9,2.7,2.7,GOLD
2026-07-04,Carla Leite,PRIMARY,6.6,4,-2.5999999999999996,2.5999999999999996,GOLD
2026-07-09,Carla Leite,PRIMARY,6.7,5,-1.7000000000000002,1.7000000000000002,GOLD
2026-07-11,Carla Leite,PRIMARY,6,10,4,4,GOLD
2026-07-14,Carla Leite,PRIMARY,6.6,6,-0.5999999999999996,0.5999999999999996,GOLD
2026-07-16,Carla Leite,PRIMARY,6.9,5,-1.9000000000000004,1.9000000000000004,GOLD
2026-07-18,Carla Leite,PRIMARY,6.3,7,0.7000000000000002,0.7000000000000002,GOLD
2026-07-22,Carla Leite,PRIMARY,6.7,11,4.3,4.3,GOLD
2026-07-28,Carla Leite,PRIMARY,7.6,3,-4.6,4.6,GOLD
2026-07-31,Carla Leite,PRIMARY,6.6,12,5.4,5.4,GOLD
2026-08-02,Carla Leite,PRIMARY,7.5,8,0.5,0.5,GOLD
2026-08-06,Carla Leite,PRIMARY,7.9,11,3.0999999999999996,3.0999999999999996,GOLD
2026-08-08,Carla Leite,PRIMARY,8.4,2,-6.4,6.4,GOLD
2026-06-05,Skylar Diggins,SECONDARY,4.7,4,-0.7000000000000002,0.7000000000000002,GOLD
2026-06-07,Skylar Diggins,SECONDARY,4.7,3,-1.7000000000000002,1.7000000000000002,GOLD
2026-06-09,Skylar Diggins,SECONDARY,4.2,3,-1.2000000000000002,1.2000000000000002,GOLD
2026-06-11,Skylar Diggins,SECONDARY,3.4,1,-2.4,2.4,GOLD
2026-06-17,Skylar Diggins,SECONDARY,3,8,5,5,GOLD
2026-06-20,Skylar Diggins,SECONDARY,4.1,6,1.9000000000000004,1.9000000000000004,GOLD
2026-06-22,Skylar Diggins,SECONDARY,4.4,4,-0.40000000000000036,0.40000000000000036,GOLD
2026-06-24,Skylar Diggins,SECONDARY,4.5,6,1.5,1.5,GOLD
2026-06-26,Skylar Diggins,SECONDARY,4.9,9,4.1,4.1,GOLD
2026-06-28,Skylar Diggins,SECONDARY,6.1,5,-1.0999999999999996,1.0999999999999996,GOLD
2026-07-03,Skylar Diggins,SECONDARY,5.8,4,-1.7999999999999998,1.7999999999999998,GOLD
2026-06-25,Taylor Thierry,OTHER,0,0,0,0,GOLD
2026-06-27,Taylor Thierry,OTHER,0,0,0,0,GOLD
2026-07-02,Taylor Thierry,OTHER,0,0,0,0,GOLD
2026-07-06,Taylor Thierry,OTHER,0,0,0,0,GOLD
2026-08-10,Taylor Thierry,OTHER,0,3,3,3,GOLD
2026-06-05,Ariel Atkins,OTHER,2,3,1,1,GOLD
2026-06-07,Ariel Atkins,OTHER,2.2,2,-0.20000000000000018,0.20000000000000018,GOLD
2026-06-10,Ariel Atkins,OTHER,2.1,3,0.8999999999999999,0.8999999999999999,GOLD
2026-06-13,Ariel Atkins,OTHER,2.2,3,0.7999999999999998,0.7999999999999998,GOLD
2026-06-15,Ariel Atkins,OTHER,2.5,2,-0.5,0.5,GOLD
2026-06-17,Ariel Atkins,OTHER,2.5,3,0.5,0.5,GOLD
2026-06-21,Ariel Atkins,OTHER,2.5,4,1.5,1.5,GOLD
2026-06-25,Ariel Atkins,OTHER,2.8,1,-1.7999999999999998,1.7999999999999998,GOLD
2026-06-27,Ariel Atkins,OTHER,2.5,3,0.5,0.5,GOLD
2026-07-06,Ariel Atkins,OTHER,2.5,0,-2.5,2.5,GOLD
2026-07-08,Ariel Atkins,OTHER,2.2,1,-1.2000000000000002,1.2000000000000002,GOLD
2026-07-10,Ariel Atkins,OTHER,2,6,4,4,GOLD
2026-07-13,Ariel Atkins,OTHER,2.3,2,-0.2999999999999998,0.2999999999999998,GOLD
2026-07-15,Ariel Atkins,OTHER,2.4,6,3.6,3.6,GOLD
2026-07-17,Ariel Atkins,OTHER,2.8,3,0.20000000000000018,0.20000000000000018,GOLD
2026-07-19,Ariel Atkins,OTHER,3.2,3,-0.20000000000000018,0.20000000000000018,GOLD
2026-07-22,Ariel Atkins,OTHER,3.4,3,-0.3999999999999999,0.3999999999999999,GOLD
2026-07-28,Ariel Atkins,OTHER,3.1,5,1.9,1.9,GOLD
2026-08-02,Ariel Atkins,OTHER,3.5,6,2.5,2.5,GOLD
2026-08-05,Ariel Atkins,OTHER,3.5,3,-0.5,0.5,GOLD
2026-08-06,Ariel Atkins,OTHER,3.5,6,2.5,2.5,GOLD
2026-08-09,Ariel Atkins,SECONDARY,4.1,4,-0.09999999999999964,0.09999999999999964,GOLD
2026-08-11,Ariel Atkins,SECONDARY,4.2,2,-2.2,2.2,GOLD
2026-06-03,Breanna Stewart,OTHER,2.2,4,1.7999999999999998,1.7999999999999998,GOLD
2026-06-06,Breanna Stewart,OTHER,2.6,2,-0.6000000000000001,0.6000000000000001,GOLD
2026-06-08,Breanna Stewart,OTHER,2.4,3,0.6000000000000001,0.6000000000000001,GOLD
2026-06-11,Breanna Stewart,OTHER,2.8,5,2.2,2.2,GOLD
2026-06-14,Breanna Stewart,OTHER,3.3,1,-2.3,2.3,GOLD
2026-06-17,Breanna Stewart,OTHER,2.8,3,0.20000000000000018,0.20000000000000018,GOLD
2026-06-19,Breanna Stewart,OTHER,2.7,6,3.3,3.3,GOLD
2026-06-21,Breanna Stewart,OTHER,3.3,4,0.7000000000000002,0.7000000000000002,GOLD
2026-06-23,Breanna Stewart,SECONDARY,3.6,4,0.3999999999999999,0.3999999999999999,GOLD
2026-06-28,Breanna Stewart,SECONDARY,3.5,0,-3.5,3.5,GOLD
2026-06-30,Breanna Stewart,OTHER,3.2,4,0.7999999999999998,0.7999999999999998,GOLD
2026-07-03,Breanna Stewart,OTHER,3.3,0,-3.3,3.3,GOLD
2026-07-07,Breanna Stewart,OTHER,2.5,4,1.5,1.5,GOLD
2026-07-11,Breanna Stewart,OTHER,2.6,3,0.3999999999999999,0.3999999999999999,GOLD
2026-07-12,Breanna Stewart,OTHER,2.5,2,-0.5,0.5,GOLD
2026-07-18,Breanna Stewart,OTHER,2.7,3,0.2999999999999998,0.2999999999999998,GOLD
2026-07-20,Breanna Stewart,OTHER,2.6,8,5.4,5.4,GOLD
2026-07-22,Breanna Stewart,SECONDARY,3.7,4,0.2999999999999998,0.2999999999999998,GOLD
2026-07-25,Breanna Stewart,SECONDARY,3.7,7,3.3,3.3,GOLD
2026-07-28,Breanna Stewart,SECONDARY,4.3,7,2.7,2.7,GOLD
2026-07-30,Breanna Stewart,SECONDARY,5,1,-4,4,GOLD
2026-08-01,Breanna Stewart,SECONDARY,4.7,2,-2.7,2.7,GOLD
2026-08-03,Breanna Stewart,SECONDARY,3.9,6,2.1,2.1,GOLD
2026-08-05,Breanna Stewart,SECONDARY,4.2,2,-2.2,2.2,GOLD
2026-08-09,Breanna Stewart,SECONDARY,3.6,4,0.3999999999999999,0.3999999999999999,GOLD
2026-08-11,Breanna Stewart,SECONDARY,3.2,5,1.7999999999999998,1.7999999999999998,GOLD
2026-06-02,Gabby Williams,OTHER,2.6,2,-0.6000000000000001,0.6000000000000001,GOLD
2026-06-04,Gabby Williams,OTHER,2.6,3,0.3999999999999999,0.3999999999999999,GOLD
2026-06-06,Gabby Williams,OTHER,2.6,1,-1.6,1.6,GOLD
2026-06-09,Gabby Williams,OTHER,2.5,1,-1.5,1.5,GOLD
2026-06-12,Gabby Williams,OTHER,1.9,4,2.1,2.1,GOLD
2026-06-15,Gabby Williams,OTHER,2.3,1,-1.2999999999999998,1.2999999999999998,GOLD
2026-06-17,Gabby Williams,OTHER,2.1,4,1.9,1.9,GOLD
2026-06-19,Gabby Williams,OTHER,2.3,1,-1.2999999999999998,1.2999999999999998,GOLD
2026-06-21,Gabby Williams,OTHER,2.3,0,-2.3,2.3,GOLD
2026-06-24,Gabby Williams,OTHER,2.1,5,2.9,2.9,GOLD
2026-06-26,Gabby Williams,OTHER,2.3,2,-0.2999999999999998,0.2999999999999998,GOLD
2026-06-28,Gabby Williams,OTHER,2.4,1,-1.4,1.4,GOLD
2026-07-04,Gabby Williams,OTHER,2,2,0,0,GOLD
2026-07-06,Gabby Williams,OTHER,2.1,0,-2.1,2.1,GOLD
2026-07-08,Gabby Williams,OTHER,2,2,0,0,GOLD
2026-07-15,Gabby Williams,OTHER,1.7,1,-0.7,0.7,GOLD
2026-07-18,Gabby Williams,OTHER,1.5,5,3.5,3.5,GOLD
2026-07-20,Gabby Williams,OTHER,2.1,2,-0.10000000000000009,0.10000000000000009,GOLD
2026-07-25,Gabby Williams,OTHER,2.1,6,3.9,3.9,GOLD
2026-08-02,Gabby Williams,OTHER,2.9,1,-1.9,1.9,GOLD
2026-08-04,Gabby Williams,OTHER,2.7,0,-2.7,2.7,GOLD
2026-08-07,Gabby Williams,OTHER,2.6,4,1.4,1.4,GOLD
2026-08-09,Gabby Williams,OTHER,2.5,1,-1.5,1.5,GOLD
2026-06-03,Han Xu,OTHER,0.6,1,0.4,0.4,GOLD
2026-06-06,Han Xu,OTHER,0.7,1,0.30000000000000004,0.30000000000000004,GOLD
2026-06-08,Han Xu,OTHER,0.9,2,1.1,1.1,GOLD
2026-06-11,Han Xu,OTHER,0.9,2,1.1,1.1,GOLD
2026-06-14,Han Xu,OTHER,1.2,0,-1.2,1.2,GOLD
2026-06-17,Han Xu,OTHER,1.1,2,0.8999999999999999,0.8999999999999999,GOLD
2026-06-19,Han Xu,OTHER,1.2,1,-0.19999999999999996,0.19999999999999996,GOLD
2026-06-21,Han Xu,OTHER,1.2,0,-1.2,1.2,GOLD
2026-06-23,Han Xu,OTHER,1,0,-1,1,GOLD
2026-06-25,Han Xu,OTHER,0.7,2,1.3,1.3,GOLD
2026-06-28,Han Xu,OTHER,1,0,-1,1,GOLD
2026-07-03,Han Xu,OTHER,0.7,0,-0.7,0.7,GOLD
2026-07-07,Han Xu,OTHER,0.6,0,-0.6,0.6,GOLD
2026-07-11,Han Xu,OTHER,0.5,1,0.5,0.5,GOLD
2026-07-12,Han Xu,OTHER,0.7,1,0.30000000000000004,0.30000000000000004,GOLD
2026-07-18,Han Xu,OTHER,0.6,0,-0.6,0.6,GOLD
2026-07-20,Han Xu,OTHER,0.6,1,0.4,0.4,GOLD
2026-07-22,Han Xu,OTHER,0.7,0,-0.7,0.7,GOLD
2026-07-28,Han Xu,OTHER,0.7,0,-0.7,0.7,GOLD
2026-07-30,Han Xu,OTHER,0.5,1,0.5,0.5,GOLD
2026-08-01,Han Xu,OTHER,0.5,1,0.5,0.5,GOLD
2026-08-03,Han Xu,OTHER,0.7,0,-0.7,0.7,GOLD
2026-08-05,Han Xu,OTHER,0.6,2,1.4,1.4,GOLD
2026-08-09,Han Xu,OTHER,0.8,0,-0.8,0.8,GOLD
2026-08-11,Han Xu,OTHER,0.8,1,0.19999999999999996,0.19999999999999996,GOLD
2026-06-02,Janelle Salaun,OTHER,1.4,1,-0.3999999999999999,0.3999999999999999,GOLD
2026-06-04,Janelle Salaun,OTHER,1.4,3,1.6,1.6,GOLD
2026-06-06,Janelle Salaun,OTHER,1.8,2,0.19999999999999996,0.19999999999999996,GOLD
2026-06-09,Janelle Salaun,OTHER,1.9,0,-1.9,1.9,GOLD
2026-06-12,Janelle Salaun,OTHER,1.4,1,-0.3999999999999999,0.3999999999999999,GOLD
2026-06-15,Janelle Salaun,OTHER,1.4,2,0.6000000000000001,0.6000000000000001,GOLD
2026-06-17,Janelle Salaun,OTHER,1.5,1,-0.5,0.5,GOLD
2026-06-19,Janelle Salaun,OTHER,1.3,0,-1.3,1.3,GOLD
2026-06-21,Janelle Salaun,OTHER,1,1,0,0,GOLD
2026-06-24,Janelle Salaun,OTHER,1.1,1,-0.10000000000000009,0.10000000000000009,GOLD
2026-06-26,Janelle Salaun,OTHER,1.1,0,-1.1,1.1,GOLD
2026-06-28,Janelle Salaun,OTHER,0.8,1,0.19999999999999996,0.19999999999999996,GOLD
2026-07-04,Janelle Salaun,OTHER,0.8,0,-0.8,0.8,GOLD
2026-07-06,Janelle Salaun,OTHER,0.8,0,-0.8,0.8,GOLD
2026-07-08,Janelle Salaun,OTHER,0.6,1,0.4,0.4,GOLD
2026-07-10,Janelle Salaun,OTHER,0.6,1,0.4,0.4,GOLD
2026-07-15,Janelle Salaun,OTHER,0.8,2,1.2,1.2,GOLD
2026-07-18,Janelle Salaun,OTHER,0.9,0,-0.9,0.9,GOLD
2026-07-20,Janelle Salaun,OTHER,0.9,2,1.1,1.1,GOLD
2026-07-29,Janelle Salaun,OTHER,1.2,3,1.8,1.8,GOLD
2026-08-02,Janelle Salaun,OTHER,1.4,2,0.6000000000000001,0.6000000000000001,GOLD
2026-08-04,Janelle Salaun,OTHER,1.6,0,-1.6,1.6,GOLD
2026-08-07,Janelle Salaun,OTHER,1.3,1,-0.30000000000000004,0.30000000000000004,GOLD
2026-08-09,Janelle Salaun,OTHER,1.4,0,-1.4,1.4,GOLD
2026-06-03,Jonquel Jones,SECONDARY,3.1,2,-1.1,1.1,GOLD
2026-06-06,Jonquel Jones,OTHER,2.8,4,1.2000000000000002,1.2000000000000002,GOLD
2026-06-11,Jonquel Jones,SECONDARY,3.2,5,1.7999999999999998,1.7999999999999998,GOLD
2026-06-14,Jonquel Jones,SECONDARY,3.4,1,-2.4,2.4,GOLD
2026-06-17,Jonquel Jones,SECONDARY,3,3,0,0,GOLD
2026-06-19,Jonquel Jones,SECONDARY,3.1,2,-1.1,1.1,GOLD
2026-06-21,Jonquel Jones,OTHER,3,3,0,0,GOLD
2026-06-23,Jonquel Jones,OTHER,2.8,3,0.20000000000000018,0.20000000000000018,GOLD
2026-06-25,Jonquel Jones,OTHER,2.6,1,-1.6,1.6,GOLD
2026-06-28,Jonquel Jones,OTHER,2.6,2,-0.6000000000000001,0.6000000000000001,GOLD
2026-06-30,Jonquel Jones,OTHER,2.4,3,0.6000000000000001,0.6000000000000001,GOLD
2026-07-03,Jonquel Jones,OTHER,2.5,5,2.5,2.5,GOLD
2026-07-07,Jonquel Jones,OTHER,2.8,2,-0.7999999999999998,0.7999999999999998,GOLD
2026-07-11,Jonquel Jones,OTHER,2.7,2,-0.7000000000000002,0.7000000000000002,GOLD
2026-07-12,Jonquel Jones,OTHER,2.8,0,-2.8,2.8,GOLD
2026-07-18,Jonquel Jones,OTHER,2.5,2,-0.5,0.5,GOLD
2026-07-20,Jonquel Jones,OTHER,2.4,2,-0.3999999999999999,0.3999999999999999,GOLD
2026-07-22,Jonquel Jones,OTHER,2,2,0,0,GOLD
2026-07-25,Jonquel Jones,OTHER,2,8,6,6,GOLD
2026-07-28,Jonquel Jones,OTHER,2.8,6,3.2,3.2,GOLD
2026-07-30,Jonquel Jones,OTHER,3.6,5,1.4,1.4,GOLD
2026-08-01,Jonquel Jones,SECONDARY,4.1,5,0.9000000000000004,0.9000000000000004,GOLD
2026-08-03,Jonquel Jones,SECONDARY,4.6,2,-2.5999999999999996,2.5999999999999996,GOLD
2026-08-05,Jonquel Jones,SECONDARY,4.5,7,2.5,2.5,GOLD
2026-08-09,Jonquel Jones,SECONDARY,4.4,2,-2.4000000000000004,2.4000000000000004,GOLD
2026-08-11,Jonquel Jones,SECONDARY,3.9,2,-1.9,1.9,GOLD
2026-06-02,Kaila Charles,OTHER,0.8,1,0.19999999999999996,0.19999999999999996,GOLD
2026-06-04,Kaila Charles,OTHER,0.8,0,-0.8,0.8,GOLD
2026-06-06,Kaila Charles,OTHER,0.6,3,2.4,2.4,GOLD
2026-06-09,Kaila Charles,OTHER,1.1,0,-1.1,1.1,GOLD
2026-06-12,Kaila Charles,OTHER,1,0,-1,1,GOLD
2026-06-15,Kaila Charles,OTHER,0.8,5,4.2,4.2,GOLD
2026-06-17,Kaila Charles,OTHER,1.4,2,0.6000000000000001,0.6000000000000001,GOLD
2026-06-19,Kaila Charles,OTHER,1.7,2,0.30000000000000004,0.30000000000000004,GOLD
2026-06-21,Kaila Charles,OTHER,1.6,1,-0.6000000000000001,0.6000000000000001,GOLD
2026-06-24,Kaila Charles,OTHER,1.7,0,-1.7,1.7,GOLD
2026-06-26,Kaila Charles,OTHER,1.7,0,-1.7,1.7,GOLD
2026-06-28,Kaila Charles,OTHER,1.1,1,-0.10000000000000009,0.10000000000000009,GOLD
2026-07-04,Kaila Charles,OTHER,0.9,5,4.1,4.1,GOLD
2026-07-06,Kaila Charles,OTHER,1.4,1,-0.3999999999999999,0.3999999999999999,GOLD
2026-07-08,Kaila Charles,OTHER,1.4,1,-0.3999999999999999,0.3999999999999999,GOLD
2026-07-10,Kaila Charles,OTHER,1.5,1,-0.5,0.5,GOLD
2026-07-15,Kaila Charles,OTHER,1.6,1,-0.6000000000000001,0.6000000000000001,GOLD
2026-07-18,Kaila Charles,OTHER,1.6,0,-1.6,1.6,GOLD
2026-07-20,Kaila Charles,OTHER,1,0,-1,1,GOLD
2026-07-29,Kaila Charles,OTHER,0.8,2,1.2,1.2,GOLD
2026-08-02,Kaila Charles,OTHER,1,2,1,1,GOLD
2026-08-04,Kaila Charles,OTHER,1.1,3,1.9,1.9,GOLD
2026-08-07,Kaila Charles,OTHER,1.4,0,-1.4,1.4,GOLD
2026-08-09,Kaila Charles,OTHER,1.3,3,1.7,1.7,GOLD
2026-06-02,Kaitlyn Chen,OTHER,1.8,2,0.19999999999999996,0.19999999999999996,GOLD
2026-06-04,Kaitlyn Chen,OTHER,1.9,5,3.1,3.1,GOLD
2026-06-06,Kaitlyn Chen,OTHER,2.7,0,-2.7,2.7,GOLD
2026-06-09,Kaitlyn Chen,OTHER,2.4,0,-2.4,2.4,GOLD
2026-06-12,Kaitlyn Chen,OTHER,2,0,-2,2,GOLD
2026-06-15,Kaitlyn Chen,OTHER,1.5,1,-0.5,0.5,GOLD
2026-06-17,Kaitlyn Chen,OTHER,1.4,2,0.6000000000000001,0.6000000000000001,GOLD
2026-06-19,Kaitlyn Chen,OTHER,1,2,1,1,GOLD
2026-06-21,Kaitlyn Chen,OTHER,1.2,2,0.8,0.8,GOLD
2026-06-24,Kaitlyn Chen,OTHER,1.5,0,-1.5,1.5,GOLD
2026-06-26,Kaitlyn Chen,OTHER,1.5,1,-0.5,0.5,GOLD
2026-06-28,Kaitlyn Chen,OTHER,1.5,2,0.5,0.5,GOLD
2026-07-04,Kaitlyn Chen,OTHER,1.5,2,0.5,0.5,GOLD
2026-07-06,Kaitlyn Chen,OTHER,1.5,4,2.5,2.5,GOLD
2026-07-08,Kaitlyn Chen,OTHER,1.8,3,1.2,1.2,GOLD
2026-07-10,Kaitlyn Chen,OTHER,2.1,1,-1.1,1.1,GOLD
2026-07-15,Kaitlyn Chen,OTHER,2.1,3,0.8999999999999999,0.8999999999999999,GOLD
2026-07-18,Kaitlyn Chen,OTHER,2.3,1,-1.2999999999999998,1.2999999999999998,GOLD
2026-07-20,Kaitlyn Chen,OTHER,2.1,6,3.9,3.9,GOLD
2026-07-29,Kaitlyn Chen,OTHER,2.4,4,1.6,1.6,GOLD
2026-08-02,Kaitlyn Chen,OTHER,2.6,4,1.4,1.4,GOLD
2026-08-04,Kaitlyn Chen,OTHER,3,2,-1,1,GOLD
2026-08-07,Kaitlyn Chen,OTHER,2.9,5,2.1,2.1,GOLD
2026-08-09,Kaitlyn Chen,OTHER,3.4,2,-1.4,1.4,GOLD
2026-06-02,Kayla Thornton,OTHER,0.6,0,-0.6,0.6,GOLD
2026-06-04,Kayla Thornton,OTHER,0.4,0,-0.4,0.4,GOLD
2026-06-06,Kayla Thornton,OTHER,0.4,1,0.6,0.6,GOLD
2026-06-09,Kayla Thornton,OTHER,0.3,2,1.7,1.7,GOLD
2026-06-12,Kayla Thornton,OTHER,0.6,1,0.4,0.4,GOLD
2026-06-15,Kayla Thornton,OTHER,0.8,1,0.19999999999999996,0.19999999999999996,GOLD
2026-06-17,Kayla Thornton,OTHER,0.9,2,1.1,1.1,GOLD
2026-06-19,Kayla Thornton,OTHER,1.2,2,0.8,0.8,GOLD
2026-06-21,Kayla Thornton,OTHER,1.3,0,-1.3,1.3,GOLD
2026-06-24,Kayla Thornton,OTHER,1.1,1,-0.10000000000000009,0.10000000000000009,GOLD
2026-06-26,Kayla Thornton,OTHER,1.1,0,-1.1,1.1,GOLD
2026-06-28,Kayla Thornton,OTHER,0.9,0,-0.9,0.9,GOLD
2026-07-04,Kayla Thornton,OTHER,0.7,1,0.30000000000000004,0.30000000000000004,GOLD
2026-07-06,Kayla Thornton,OTHER,0.5,1,0.5,0.5,GOLD
2026-07-08,Kayla Thornton,OTHER,0.7,0,-0.7,0.7,GOLD
2026-07-10,Kayla Thornton,OTHER,0.5,0,-0.5,0.5,GOLD
2026-07-15,Kayla Thornton,OTHER,0.5,1,0.5,0.5,GOLD
2026-07-18,Kayla Thornton,OTHER,0.7,1,0.30000000000000004,0.30000000000000004,GOLD
2026-07-20,Kayla Thornton,OTHER,0.7,0,-0.7,0.7,GOLD
2026-07-29,Kayla Thornton,OTHER,0.5,2,1.5,1.5,GOLD
2026-08-02,Kayla Thornton,OTHER,0.8,0,-0.8,0.8,GOLD
2026-08-04,Kayla Thornton,OTHER,0.8,1,0.19999999999999996,0.19999999999999996,GOLD
2026-08-07,Kayla Thornton,OTHER,0.8,3,2.2,2.2,GOLD
2026-08-09,Kayla Thornton,OTHER,1,1,0,0,GOLD
2026-06-02,Kiah Stokes,OTHER,1.4,1,-0.3999999999999999,0.3999999999999999,GOLD
2026-06-04,Kiah Stokes,OTHER,1.1,1,-0.10000000000000009,0.10000000000000009,GOLD
2026-06-06,Kiah Stokes,OTHER,1.1,1,-0.10000000000000009,0.10000000000000009,GOLD
2026-06-09,Kiah Stokes,OTHER,1.1,3,1.9,1.9,GOLD
2026-06-12,Kiah Stokes,OTHER,1.3,1,-0.30000000000000004,0.30000000000000004,GOLD
2026-06-15,Kiah Stokes,OTHER,1.4,1,-0.3999999999999999,0.3999999999999999,GOLD
2026-06-17,Kiah Stokes,OTHER,1.4,0,-1.4,1.4,GOLD
2026-06-19,Kiah Stokes,OTHER,1.2,0,-1.2,1.2,GOLD
2026-06-21,Kiah Stokes,OTHER,1.1,3,1.9,1.9,GOLD
2026-06-24,Kiah Stokes,OTHER,1.1,2,0.8999999999999999,0.8999999999999999,GOLD
2026-06-26,Kiah Stokes,OTHER,1.3,0,-1.3,1.3,GOLD
2026-06-28,Kiah Stokes,OTHER,1.1,1,-0.10000000000000009,0.10000000000000009,GOLD
2026-07-04,Kiah Stokes,OTHER,1.2,1,-0.19999999999999996,0.19999999999999996,GOLD
2026-07-06,Kiah Stokes,OTHER,1.3,2,0.7,0.7,GOLD
2026-07-08,Kiah Stokes,OTHER,1.2,0,-1.2,1.2,GOLD
2026-07-10,Kiah Stokes,OTHER,1,2,1,1,GOLD
2026-07-15,Kiah Stokes,OTHER,1.2,1,-0.19999999999999996,0.19999999999999996,GOLD
2026-07-18,Kiah Stokes,OTHER,1.2,0,-1.2,1.2,GOLD
2026-07-20,Kiah Stokes,OTHER,1.1,0,-1.1,1.1,GOLD
2026-07-29,Kiah Stokes,OTHER,0.8,0,-0.8,0.8,GOLD
2026-08-02,Kiah Stokes,OTHER,0.8,1,0.19999999999999996,0.19999999999999996,GOLD
2026-08-04,Kiah Stokes,OTHER,0.7,1,0.30000000000000004,0.30000000000000004,GOLD
2026-08-07,Kiah Stokes,OTHER,0.7,3,2.3,2.3,GOLD
2026-08-09,Kiah Stokes,OTHER,1.1,3,1.9,1.9,GOLD
2026-06-02,Laeticia Amihere,OTHER,1.4,0,-1.4,1.4,GOLD
2026-06-15,Laeticia Amihere,OTHER,1.3,0,-1.3,1.3,GOLD
2026-06-17,Laeticia Amihere,OTHER,1.1,1,-0.10000000000000009,0.10000000000000009,GOLD
2026-06-19,Laeticia Amihere,OTHER,0.9,0,-0.9,0.9,GOLD
2026-06-21,Laeticia Amihere,OTHER,0.7,0,-0.7,0.7,GOLD
2026-06-24,Laeticia Amihere,OTHER,0.4,1,0.6,0.6,GOLD
2026-06-26,Laeticia Amihere,OTHER,0.6,1,0.4,0.4,GOLD
2026-06-28,Laeticia Amihere,OTHER,0.7,3,2.3,2.3,GOLD
2026-07-04,Laeticia Amihere,OTHER,1,2,1,1,GOLD
2026-07-06,Laeticia Amihere,OTHER,1.3,0,-1.3,1.3,GOLD
2026-07-08,Laeticia Amihere,OTHER,1.2,0,-1.2,1.2,GOLD
2026-07-10,Laeticia Amihere,OTHER,1.1,3,1.9,1.9,GOLD
2026-07-15,Laeticia Amihere,OTHER,1.4,1,-0.3999999999999999,0.3999999999999999,GOLD
2026-07-18,Laeticia Amihere,OTHER,1.1,1,-0.10000000000000009,0.10000000000000009,GOLD
2026-07-20,Laeticia Amihere,OTHER,1,1,0,0,GOLD
2026-07-29,Laeticia Amihere,OTHER,1.1,0,-1.1,1.1,GOLD
2026-08-02,Laeticia Amihere,OTHER,1.1,1,-0.10000000000000009,0.10000000000000009,GOLD
2026-08-04,Laeticia Amihere,OTHER,0.9,0,-0.9,0.9,GOLD
2026-08-07,Laeticia Amihere,OTHER,0.7,0,-0.7,0.7,GOLD
2026-08-09,Laeticia Amihere,OTHER,0.6,1,0.4,0.4,GOLD
2026-06-28,Liatu King,OTHER,0,0,0,0,GOLD
2026-07-03,Liatu King,OTHER,0,0,0,0,GOLD
2026-07-15,Liatu King,OTHER,0,0,0,0,GOLD
2026-06-03,Marine Johannes,SECONDARY,3.7,2,-1.7000000000000002,1.7000000000000002,GOLD
2026-06-06,Marine Johannes,SECONDARY,3.7,0,-3.7,3.7,GOLD
2026-06-08,Marine Johannes,OTHER,2.8,3,0.20000000000000018,0.20000000000000018,GOLD
2026-06-11,Marine Johannes,OTHER,2.5,0,-2.5,2.5,GOLD
2026-06-14,Marine Johannes,OTHER,1.7,2,0.30000000000000004,0.30000000000000004,GOLD
2026-06-17,Marine Johannes,OTHER,1.8,1,-0.8,0.8,GOLD
2026-06-19,Marine Johannes,OTHER,1.6,4,2.4,2.4,GOLD
2026-06-21,Marine Johannes,OTHER,2.2,1,-1.2000000000000002,1.2000000000000002,GOLD
2026-06-23,Marine Johannes,OTHER,1.9,3,1.1,1.1,GOLD
2026-06-25,Marine Johannes,OTHER,2.3,2,-0.2999999999999998,0.2999999999999998,GOLD
2026-06-28,Marine Johannes,OTHER,2.3,3,0.7000000000000002,0.7000000000000002,GOLD
2026-06-30,Marine Johannes,OTHER,2.5,0,-2.5,2.5,GOLD
2026-07-03,Marine Johannes,OTHER,2,5,3,3,GOLD
2026-07-07,Marine Johannes,OTHER,2.6,1,-1.6,1.6,GOLD
2026-07-11,Marine Johannes,OTHER,2.3,1,-1.2999999999999998,1.2999999999999998,GOLD
2026-07-12,Marine Johannes,OTHER,2.1,2,-0.10000000000000009,0.10000000000000009,GOLD
2026-07-18,Marine Johannes,OTHER,2,1,-1,1,GOLD
2026-07-30,Marine Johannes,OTHER,2.1,0,-2.1,2.1,GOLD
2026-08-01,Marine Johannes,OTHER,1.4,1,-0.3999999999999999,0.3999999999999999,GOLD
2026-08-03,Marine Johannes,OTHER,1.4,1,-0.3999999999999999,0.3999999999999999,GOLD
2026-08-05,Marine Johannes,OTHER,1.4,1,-0.3999999999999999,0.3999999999999999,GOLD
2026-08-09,Marine Johannes,OTHER,1.2,3,1.8,1.8,GOLD
2026-08-11,Marine Johannes,OTHER,1.5,1,-0.5,0.5,GOLD
2026-07-02,Marta Suarez,OTHER,0.2,0,-0.2,0.2,GOLD
2026-07-07,Marta Suarez,OTHER,0.2,0,-0.2,0.2,GOLD
2026-07-09,Marta Suarez,OTHER,0.2,0,-0.2,0.2,GOLD
2026-07-11,Marta Suarez,OTHER,0.1,2,1.9,1.9,GOLD
2026-07-13,Marta Suarez,OTHER,0.4,0,-0.4,0.4,GOLD
2026-07-17,Marta Suarez,OTHER,0.4,0,-0.4,0.4,GOLD
2026-08-09,Marta Suarez,OTHER,0.4,2,1.6,1.6,GOLD
2026-08-11,Marta Suarez,OTHER,0.7,1,0.30000000000000004,0.30000000000000004,GOLD
2026-06-03,Pauline Astier,SECONDARY,3.3,5,1.7000000000000002,1.7000000000000002,GOLD
2026-06-06,Pauline Astier,SECONDARY,3.8,3,-0.7999999999999998,0.7999999999999998,GOLD
2026-06-08,Pauline Astier,SECONDARY,4,4,0,0,GOLD
2026-06-11,Pauline Astier,SECONDARY,4.2,5,0.7999999999999998,0.7999999999999998,GOLD
2026-06-14,Pauline Astier,SECONDARY,4.4,6,1.5999999999999996,1.5999999999999996,GOLD
2026-06-17,Pauline Astier,SECONDARY,4.5,4,-0.5,0.5,GOLD
2026-06-19,Pauline Astier,SECONDARY,4.3,1,-3.3,3.3,GOLD
2026-06-21,Pauline Astier,SECONDARY,4,5,1,1,GOLD
2026-06-23,Pauline Astier,SECONDARY,4.2,2,-2.2,2.2,GOLD
2026-06-25,Pauline Astier,SECONDARY,3.8,5,1.2000000000000002,1.2000000000000002,GOLD
2026-06-28,Pauline Astier,SECONDARY,3.7,4,0.2999999999999998,0.2999999999999998,GOLD
2026-06-30,Pauline Astier,SECONDARY,3.7,4,0.2999999999999998,0.2999999999999998,GOLD
2026-07-03,Pauline Astier,SECONDARY,4,6,2,2,GOLD
2026-07-07,Pauline Astier,SECONDARY,4.2,1,-3.2,3.2,GOLD
2026-07-11,Pauline Astier,SECONDARY,4,2,-2,2,GOLD
2026-07-12,Pauline Astier,SECONDARY,3.6,2,-1.6,1.6,GOLD
2026-07-18,Pauline Astier,SECONDARY,3.3,5,1.7000000000000002,1.7000000000000002,GOLD
2026-07-20,Pauline Astier,SECONDARY,3.5,1,-2.5,2.5,GOLD
2026-07-22,Pauline Astier,SECONDARY,2.8,5,2.2,2.2,GOLD
2026-07-28,Pauline Astier,SECONDARY,3.3,2,-1.2999999999999998,1.2999999999999998,GOLD
2026-07-30,Pauline Astier,SECONDARY,3.3,4,0.7000000000000002,0.7000000000000002,GOLD
2026-08-01,Pauline Astier,SECONDARY,3.6,2,-1.6,1.6,GOLD
2026-08-03,Pauline Astier,SECONDARY,3.2,2,-1.2000000000000002,1.2000000000000002,GOLD
2026-08-05,Pauline Astier,SECONDARY,3.3,5,1.7000000000000002,1.7000000000000002,GOLD
2026-08-09,Pauline Astier,SECONDARY,3.3,1,-2.3,2.3,GOLD
2026-08-11,Pauline Astier,SECONDARY,3.1,3,-0.10000000000000009,0.10000000000000009,GOLD
2026-06-28,Rebecca Allen,OTHER,0.6,0,-0.6,0.6,GOLD
2026-07-07,Rebecca Allen,OTHER,0.3,0,-0.3,0.3,GOLD
2026-07-11,Rebecca Allen,OTHER,0.1,2,1.9,1.9,GOLD
2026-07-18,Rebecca Allen,OTHER,0.5,0,-0.5,0.5,GOLD
2026-07-20,Rebecca Allen,OTHER,0.5,1,0.5,0.5,GOLD
2026-07-22,Rebecca Allen,OTHER,0.6,0,-0.6,0.6,GOLD
2026-07-28,Rebecca Allen,OTHER,0.6,1,0.4,0.4,GOLD
2026-07-30,Rebecca Allen,OTHER,0.7,0,-0.7,0.7,GOLD
2026-08-01,Rebecca Allen,OTHER,0.5,1,0.5,0.5,GOLD
2026-08-03,Rebecca Allen,OTHER,0.6,1,0.4,0.4,GOLD
2026-08-05,Rebecca Allen,OTHER,0.6,0,-0.6,0.6,GOLD
2026-08-09,Rebecca Allen,OTHER,0.6,2,1.4,1.4,GOLD
2026-08-11,Rebecca Allen,OTHER,0.7,1,0.30000000000000004,0.30000000000000004,GOLD
2026-06-03,Rebekah Gardner,OTHER,0.4,3,2.6,2.6,GOLD
2026-06-06,Rebekah Gardner,OTHER,0.9,1,0.09999999999999998,0.09999999999999998,GOLD
2026-06-08,Rebekah Gardner,OTHER,1.1,0,-1.1,1.1,GOLD
2026-06-11,Rebekah Gardner,OTHER,0.9,2,1.1,1.1,GOLD
2026-06-14,Rebekah Gardner,OTHER,1.1,0,-1.1,1.1,GOLD
2026-06-17,Rebekah Gardner,OTHER,1.1,1,-0.10000000000000009,0.10000000000000009,GOLD
2026-06-19,Rebekah Gardner,OTHER,0.8,0,-0.8,0.8,GOLD
2026-06-21,Rebekah Gardner,OTHER,0.7,0,-0.7,0.7,GOLD
2026-06-25,Rebekah Gardner,OTHER,0.6,4,3.4,3.4,GOLD
2026-06-28,Rebekah Gardner,OTHER,1,1,0,0,GOLD
2026-06-30,Rebekah Gardner,OTHER,1.1,0,-1.1,1.1,GOLD
2026-07-03,Rebekah Gardner,OTHER,1,0,-1,1,GOLD
2026-07-07,Rebekah Gardner,OTHER,1,1,0,0,GOLD
2026-07-11,Rebekah Gardner,OTHER,1.1,2,0.8999999999999999,0.8999999999999999,GOLD
2026-07-12,Rebekah Gardner,OTHER,0.8,0,-0.8,0.8,GOLD
2026-07-20,Rebekah Gardner,OTHER,0.7,0,-0.7,0.7,GOLD
2026-07-22,Rebekah Gardner,OTHER,0.7,0,-0.7,0.7,GOLD
2026-07-28,Rebekah Gardner,OTHER,0.7,4,3.3,3.3,GOLD
2026-07-30,Rebekah Gardner,OTHER,1.1,3,1.9,1.9,GOLD
2026-08-01,Rebekah Gardner,OTHER,1.2,1,-0.19999999999999996,0.19999999999999996,GOLD
2026-08-03,Rebekah Gardner,OTHER,1.3,1,-0.30000000000000004,0.30000000000000004,GOLD
2026-08-05,Rebekah Gardner,OTHER,1.5,1,-0.5,0.5,GOLD
2026-08-09,Rebekah Gardner,OTHER,1.6,0,-1.6,1.6,GOLD
2026-08-11,Rebekah Gardner,OTHER,1.1,2,0.8999999999999999,0.8999999999999999,GOLD
2026-06-06,Satou Sabally,OTHER,1,1,0,0,GOLD
2026-06-08,Satou Sabally,OTHER,0.9,2,1.1,1.1,GOLD
2026-06-11,Satou Sabally,OTHER,0.9,0,-0.9,0.9,GOLD
2026-06-14,Satou Sabally,OTHER,0.9,6,5.1,5.1,GOLD
2026-06-17,Satou Sabally,OTHER,1.7,2,0.30000000000000004,0.30000000000000004,GOLD
2026-06-19,Satou Sabally,OTHER,1.9,1,-0.8999999999999999,0.8999999999999999,GOLD
2026-06-21,Satou Sabally,OTHER,1.9,7,5.1,5.1,GOLD
2026-06-23,Satou Sabally,OTHER,2.7,1,-1.7000000000000002,1.7000000000000002,GOLD
2026-06-02,Tiffany Hayes,OTHER,1.6,4,2.4,2.4,GOLD
2026-06-04,Tiffany Hayes,OTHER,2,3,1,1,GOLD
2026-06-06,Tiffany Hayes,OTHER,2.2,3,0.7999999999999998,0.7999999999999998,GOLD
2026-06-09,Tiffany Hayes,OTHER,2.2,3,0.7999999999999998,0.7999999999999998,GOLD
2026-06-12,Tiffany Hayes,OTHER,2.6,3,0.3999999999999999,0.3999999999999999,GOLD
2026-06-15,Tiffany Hayes,OTHER,2.9,2,-0.8999999999999999,0.8999999999999999,GOLD
2026-06-17,Tiffany Hayes,OTHER,2.6,1,-1.6,1.6,GOLD
2026-06-19,Tiffany Hayes,OTHER,2.3,3,0.7000000000000002,0.7000000000000002,GOLD
2026-06-21,Tiffany Hayes,OTHER,2.4,1,-1.4,1.4,GOLD
2026-06-24,Tiffany Hayes,OTHER,2.1,0,-2.1,2.1,GOLD
2026-06-26,Tiffany Hayes,OTHER,1.6,5,3.4,3.4,GOLD
2026-06-28,Tiffany Hayes,OTHER,2.1,2,-0.10000000000000009,0.10000000000000009,GOLD
2026-07-04,Tiffany Hayes,OTHER,2.2,1,-1.2000000000000002,1.2000000000000002,GOLD
2026-07-06,Tiffany Hayes,OTHER,2,2,0,0,GOLD
2026-07-08,Tiffany Hayes,OTHER,2.1,3,0.8999999999999999,0.8999999999999999,GOLD
2026-07-10,Tiffany Hayes,OTHER,2.4,5,2.6,2.6,GOLD
2026-07-15,Tiffany Hayes,OTHER,2.5,2,-0.5,0.5,GOLD
2026-07-18,Tiffany Hayes,OTHER,2.5,1,-1.5,1.5,GOLD
2026-07-20,Tiffany Hayes,OTHER,2.5,2,-0.5,0.5,GOLD
2026-07-29,Tiffany Hayes,OTHER,2.5,5,2.5,2.5,GOLD
2026-08-02,Tiffany Hayes,OTHER,2.7,4,1.2999999999999998,1.2999999999999998,GOLD
2026-08-04,Tiffany Hayes,OTHER,2.6,4,1.4,1.4,GOLD
2026-08-07,Tiffany Hayes,OTHER,2.9,2,-0.8999999999999999,0.8999999999999999,GOLD
2026-08-09,Tiffany Hayes,OTHER,3,2,-1,1,GOLD
2026-06-02,Veronica Burton,SECONDARY,4.9,9,4.1,4.1,GOLD
2026-06-04,Veronica Burton,PRIMARY,5.6,3,-2.5999999999999996,2.5999999999999996,GOLD
2026-06-06,Veronica Burton,PRIMARY,5.5,3,-2.5,2.5,GOLD
2026-06-09,Veronica Burton,SECONDARY,4.9,8,3.0999999999999996,3.0999999999999996,GOLD
2026-06-12,Veronica Burton,PRIMARY,5.8,8,2.2,2.2,GOLD
2026-06-15,Veronica Burton,PRIMARY,6.3,3,-3.3,3.3,GOLD
2026-06-17,Veronica Burton,PRIMARY,5.4,5,-0.40000000000000036,0.40000000000000036,GOLD
2026-06-19,Veronica Burton,PRIMARY,5.7,5,-0.7000000000000002,0.7000000000000002,GOLD
2026-06-21,Veronica Burton,PRIMARY,5.9,1,-4.9,4.9,GOLD
2026-06-24,Veronica Burton,SECONDARY,4.7,7,2.3,2.3,GOLD
2026-06-26,Veronica Burton,PRIMARY,4.8,2,-2.8,2.8,GOLD
2026-06-28,Veronica Burton,SECONDARY,4.5,8,3.5,3.5,GOLD
2026-07-04,Veronica Burton,PRIMARY,5.1,4,-1.0999999999999996,1.0999999999999996,GOLD
2026-07-06,Veronica Burton,PRIMARY,4.9,3,-1.9000000000000004,1.9000000000000004,GOLD
2026-07-08,Veronica Burton,SECONDARY,5,6,1,1,GOLD
2026-07-10,Veronica Burton,SECONDARY,4.9,6,1.0999999999999996,1.0999999999999996,GOLD
2026-07-15,Veronica Burton,PRIMARY,5.6,4,-1.5999999999999996,1.5999999999999996,GOLD
2026-07-18,Veronica Burton,SECONDARY,4.9,11,6.1,6.1,GOLD
2026-07-20,Veronica Burton,PRIMARY,6,7,1,1,GOLD
2026-07-29,Veronica Burton,PRIMARY,6.6,5,-1.5999999999999996,1.5999999999999996,GOLD
2026-08-02,Veronica Burton,PRIMARY,6.4,6,-0.40000000000000036,0.40000000000000036,GOLD
2026-08-04,Veronica Burton,PRIMARY,6.4,7,0.5999999999999996,0.5999999999999996,GOLD
2026-08-07,Veronica Burton,PRIMARY,6.8,7,0.20000000000000018,0.20000000000000018,GOLD
2026-08-09,Veronica Burton,PRIMARY,6.4,7,0.5999999999999996,0.5999999999999996,GOLD
2026-06-04,Rhyne Howard,SECONDARY,3.7,0,-3.7,3.7,GOLD
2026-06-06,Rhyne Howard,SECONDARY,2.5,3,0.5,0.5,GOLD
2026-06-09,Rhyne Howard,SECONDARY,2.8,5,2.2,2.2,GOLD
2026-06-11,Rhyne Howard,SECONDARY,3.1,3,-0.10000000000000009,0.10000000000000009,GOLD
2026-06-14,Rhyne Howard,SECONDARY,2.9,2,-0.8999999999999999,0.8999999999999999,GOLD
2026-06-18,Rhyne Howard,SECONDARY,2.9,6,3.1,3.1,GOLD
2026-06-20,Rhyne Howard,SECONDARY,3.7,3,-0.7000000000000002,0.7000000000000002,GOLD
2026-06-22,Rhyne Howard,SECONDARY,3.7,1,-2.7,2.7,GOLD
2026-06-24,Rhyne Howard,SECONDARY,3.2,3,-0.20000000000000018,0.20000000000000018,GOLD
2026-06-26,Rhyne Howard,SECONDARY,3.2,2,-1.2000000000000002,1.2000000000000002,GOLD
2026-06-27,Rhyne Howard,SECONDARY,3.1,3,-0.10000000000000009,0.10000000000000009,GOLD
2026-07-02,Rhyne Howard,SECONDARY,2.7,3,0.2999999999999998,0.2999999999999998,GOLD
2026-07-04,Rhyne Howard,SECONDARY,2.7,3,0.2999999999999998,0.2999999999999998,GOLD
2026-07-09,Rhyne Howard,SECONDARY,3,2,-1,1,GOLD
2026-07-11,Rhyne Howard,SECONDARY,2.9,4,1.1,1.1,GOLD
2026-07-13,Rhyne Howard,SECONDARY,3.1,3,-0.10000000000000009,0.10000000000000009,GOLD
2026-07-17,Rhyne Howard,SECONDARY,3.1,5,1.9,1.9,GOLD
2026-07-19,Rhyne Howard,SECONDARY,3.4,6,2.6,2.6,GOLD
2026-07-25,Rhyne Howard,SECONDARY,3.8,3,-0.7999999999999998,0.7999999999999998,GOLD
2026-07-29,Rhyne Howard,SECONDARY,4,5,1,1,GOLD
2026-07-31,Rhyne Howard,SECONDARY,4.1,5,0.9000000000000004,0.9000000000000004,GOLD
2026-08-03,Rhyne Howard,SECONDARY,4.4,2,-2.4000000000000004,2.4000000000000004,GOLD
2026-08-05,Rhyne Howard,SECONDARY,4,8,4,4,GOLD
2026-08-07,Rhyne Howard,SECONDARY,4.3,1,-3.3,3.3,GOLD
2026-08-10,Rhyne Howard,SECONDARY,4,7,3,3,GOLD
2026-06-07,Azura Stevens,OTHER,2,0,-2,2,GOLD
2026-06-09,Azura Stevens,OTHER,1.7,0,-1.7,1.7,GOLD
2026-06-11,Azura Stevens,OTHER,1.3,6,4.7,4.7,GOLD
2026-06-17,Azura Stevens,OTHER,2,0,-2,2,GOLD
2026-06-20,Azura Stevens,OTHER,1.6,4,2.4,2.4,GOLD
2026-06-22,Azura Stevens,OTHER,2,1,-1,1,GOLD
2026-06-24,Azura Stevens,OTHER,2.1,5,2.9,2.9,GOLD
2026-06-26,Azura Stevens,OTHER,2.8,6,3.2,3.2,GOLD
2026-06-28,Azura Stevens,OTHER,2.9,3,0.10000000000000009,0.10000000000000009,GOLD
2026-07-03,Azura Stevens,OTHER,3.2,0,-3.2,3.2,GOLD
2026-07-07,Azura Stevens,OTHER,2.7,2,-0.7000000000000002,0.7000000000000002,GOLD
2026-07-10,Azura Stevens,OTHER,2.8,2,-0.7999999999999998,0.7999999999999998,GOLD
2026-07-12,Azura Stevens,OTHER,2.5,3,0.5,0.5,GOLD
2026-07-15,Azura Stevens,OTHER,2.2,4,1.7999999999999998,1.7999999999999998,GOLD
2026-07-17,Azura Stevens,OTHER,2.3,5,2.7,2.7,GOLD
2026-07-19,Azura Stevens,OTHER,2.9,1,-1.9,1.9,GOLD
2026-07-22,Azura Stevens,OTHER,2.8,3,0.20000000000000018,0.20000000000000018,GOLD
2026-08-08,Azura Stevens,OTHER,2.9,0,-2.9,2.9,GOLD
2026-08-10,Azura Stevens,OTHER,2.5,2,-0.5,0.5,GOLD
2026-07-08,Emma Cannon,OTHER,1,0,-1,1,GOLD
2026-07-10,Emma Cannon,OTHER,0.9,0,-0.9,0.9,GOLD
2026-07-13,Emma Cannon,OTHER,0.8,0,-0.8,0.8,GOLD
2026-07-17,Emma Cannon,OTHER,0.7,0,-0.7,0.7,GOLD
2026-07-19,Emma Cannon,OTHER,0.6,0,-0.6,0.6,GOLD
2026-08-05,Emma Cannon,OTHER,0.2,0,-0.2,0.2,GOLD
2026-06-05,Frieda Buhner,OTHER,0.4,0,-0.4,0.4,GOLD
2026-06-07,Frieda Buhner,OTHER,0.3,1,0.7,0.7,GOLD
2026-06-11,Frieda Buhner,OTHER,0.4,0,-0.4,0.4,GOLD
2026-06-13,Frieda Buhner,OTHER,0.4,0,-0.4,0.4,GOLD
2026-06-15,Frieda Buhner,OTHER,0.4,1,0.6,0.6,GOLD
2026-06-17,Frieda Buhner,OTHER,0.4,1,0.6,0.6,GOLD
2026-06-24,Frieda Buhner,OTHER,0.5,2,1.5,1.5,GOLD
2026-06-26,Frieda Buhner,OTHER,0.7,2,1.3,1.3,GOLD
2026-06-28,Frieda Buhner,OTHER,1,1,0,0,GOLD
2026-07-04,Frieda Buhner,OTHER,1.1,2,0.8999999999999999,0.8999999999999999,GOLD
2026-07-09,Frieda Buhner,OTHER,1.3,0,-1.3,1.3,GOLD
2026-07-11,Frieda Buhner,OTHER,1.1,0,-1.1,1.1,GOLD
2026-07-14,Frieda Buhner,OTHER,0.9,1,0.09999999999999998,0.09999999999999998,GOLD
2026-07-16,Frieda Buhner,OTHER,0.8,1,0.19999999999999996,0.19999999999999996,GOLD
2026-07-18,Frieda Buhner,OTHER,0.8,1,0.19999999999999996,0.19999999999999996,GOLD
2026-07-22,Frieda Buhner,OTHER,0.7,1,0.30000000000000004,0.30000000000000004,GOLD
2026-07-28,Frieda Buhner,OTHER,0.8,2,1.2,1.2,GOLD
2026-07-31,Frieda Buhner,OTHER,1,2,1,1,GOLD
2026-08-02,Frieda Buhner,OTHER,1.2,0,-1.2,1.2,GOLD
2026-08-06,Frieda Buhner,OTHER,1,0,-1,1,GOLD
2026-08-08,Frieda Buhner,OTHER,0.9,2,1.1,1.1,GOLD
2026-06-05,Teja Oblak,SECONDARY,3.5,4,0.5,0.5,GOLD
2026-06-07,Teja Oblak,SECONDARY,2.9,5,2.1,2.1,GOLD
2026-06-11,Teja Oblak,SECONDARY,3.1,6,2.9,2.9,GOLD
2026-06-13,Teja Oblak,SECONDARY,3.7,2,-1.7000000000000002,1.7000000000000002,GOLD
2026-06-15,Teja Oblak,SECONDARY,3.9,5,1.1,1.1,GOLD
2026-06-17,Teja Oblak,SECONDARY,4.3,2,-2.3,2.3,GOLD
2026-06-24,Teja Oblak,SECONDARY,4,0,-4,4,GOLD
2026-06-26,Teja Oblak,SECONDARY,3.3,0,-3.3,3.3,GOLD
2026-06-28,Teja Oblak,SECONDARY,2.4,3,0.6000000000000001,0.6000000000000001,GOLD
2026-07-04,Teja Oblak,SECONDARY,2.5,1,-1.5,1.5,GOLD
2026-07-09,Teja Oblak,SECONDARY,1.9,2,0.10000000000000009,0.10000000000000009,GOLD
2026-07-11,Teja Oblak,OTHER,1.8,7,5.2,5.2,GOLD
2026-07-14,Teja Oblak,SECONDARY,2.9,0,-2.9,2.9,GOLD
2026-07-16,Teja Oblak,SECONDARY,2.8,2,-0.7999999999999998,0.7999999999999998,GOLD
2026-07-18,Teja Oblak,OTHER,2.6,1,-1.6,1.6,GOLD
2026-07-22,Teja Oblak,OTHER,2.6,1,-1.6,1.6,GOLD
2026-07-28,Teja Oblak,OTHER,2.4,2,-0.3999999999999999,0.3999999999999999,GOLD
2026-07-31,Teja Oblak,OTHER,1.8,3,1.2,1.2,GOLD
2026-08-02,Teja Oblak,OTHER,2.2,3,0.7999999999999998,0.7999999999999998,GOLD
2026-06-06,Awa Fam,OTHER,0.6,4,3.4,3.4,GOLD
2026-06-08,Awa Fam,OTHER,1.3,1,-0.30000000000000004,0.30000000000000004,GOLD
2026-06-10,Awa Fam,OTHER,1.4,4,2.6,2.6,GOLD
2026-06-12,Awa Fam,OTHER,2,1,-1,1,GOLD
2026-06-17,Awa Fam,OTHER,2,1,-1,1,GOLD
2026-06-20,Awa Fam,OTHER,1.9,3,1.1,1.1,GOLD
2026-06-22,Awa Fam,OTHER,1.8,4,2.2,2.2,GOLD
2026-06-25,Awa Fam,OTHER,2.2,2,-0.20000000000000018,0.20000000000000018,GOLD
2026-06-27,Awa Fam,OTHER,2,1,-1,1,GOLD
2026-07-02,Awa Fam,OTHER,2,3,1,1,GOLD
2026-07-04,Awa Fam,OTHER,2.3,1,-1.2999999999999998,1.2999999999999998,GOLD
2026-07-06,Awa Fam,OTHER,2,2,0,0,GOLD
2026-07-09,Awa Fam,OTHER,1.8,4,2.2,2.2,GOLD
2026-07-12,Awa Fam,OTHER,2.1,2,-0.10000000000000009,0.10000000000000009,GOLD
2026-07-15,Awa Fam,OTHER,2.2,3,0.7999999999999998,0.7999999999999998,GOLD
2026-07-17,Awa Fam,OTHER,2.2,4,1.7999999999999998,1.7999999999999998,GOLD
2026-07-20,Awa Fam,OTHER,2.6,4,1.4,1.4,GOLD
2026-07-22,Awa Fam,OTHER,2.9,1,-1.9,1.9,GOLD
2026-07-28,Awa Fam,OTHER,2.5,2,-0.5,0.5,GOLD
2026-07-31,Awa Fam,OTHER,2.5,1,-1.5,1.5,GOLD
2026-08-03,Awa Fam,OTHER,2.3,1,-1.2999999999999998,1.2999999999999998,GOLD
2026-08-05,Awa Fam,OTHER,1.9,3,1.1,1.1,GOLD
2026-08-08,Awa Fam,OTHER,1.8,0,-1.8,1.8,GOLD
2026-08-10,Awa Fam,OTHER,1.6,2,0.3999999999999999,0.3999999999999999,GOLD
2026-06-06,Katie Lou Samuelson,OTHER,1.4,0,-1.4,1.4,GOLD
2026-06-08,Katie Lou Samuelson,OTHER,1.1,0,-1.1,1.1,GOLD
2026-06-10,Katie Lou Samuelson,OTHER,1,0,-1,1,GOLD
2026-06-12,Katie Lou Samuelson,OTHER,0.7,0,-0.7,0.7,GOLD
2026-06-17,Katie Lou Samuelson,OTHER,0.4,1,0.6,0.6,GOLD
2026-06-20,Katie Lou Samuelson,OTHER,0.4,3,2.6,2.6,GOLD
2026-06-22,Katie Lou Samuelson,OTHER,0.9,1,0.09999999999999998,0.09999999999999998,GOLD
2026-06-25,Katie Lou Samuelson,OTHER,1,2,1,1,GOLD
2026-06-27,Katie Lou Samuelson,OTHER,1.3,3,1.7,1.7,GOLD
2026-07-02,Katie Lou Samuelson,OTHER,1.7,0,-1.7,1.7,GOLD
2026-07-04,Katie Lou Samuelson,OTHER,1.5,0,-1.5,1.5,GOLD
2026-07-06,Katie Lou Samuelson,OTHER,1.1,0,-1.1,1.1,GOLD
2026-07-09,Katie Lou Samuelson,OTHER,1,0,-1,1,GOLD
2026-07-12,Katie Lou Samuelson,OTHER,0.7,0,-0.7,0.7,GOLD
2026-07-15,Katie Lou Samuelson,OTHER,0.3,0,-0.3,0.3,GOLD
2026-07-17,Katie Lou Samuelson,OTHER,0.3,0,-0.3,0.3,GOLD
2026-07-20,Katie Lou Samuelson,OTHER,0.3,0,-0.3,0.3,GOLD
2026-07-22,Katie Lou Samuelson,OTHER,0.3,1,0.7,0.7,GOLD
2026-07-28,Katie Lou Samuelson,OTHER,0.4,1,0.6,0.6,GOLD
2026-07-31,Katie Lou Samuelson,OTHER,0.6,0,-0.6,0.6,GOLD
2026-08-03,Katie Lou Samuelson,OTHER,0.5,1,0.5,0.5,GOLD
2026-08-05,Katie Lou Samuelson,OTHER,0.7,0,-0.7,0.7,GOLD
2026-06-08,Michaela Onyenwere,OTHER,1.4,1,-0.3999999999999999,0.3999999999999999,GOLD
2026-06-12,Michaela Onyenwere,OTHER,1.5,1,-0.5,0.5,GOLD
2026-06-14,Michaela Onyenwere,OTHER,1.4,1,-0.3999999999999999,0.3999999999999999,GOLD
2026-06-17,Michaela Onyenwere,OTHER,1.1,0,-1.1,1.1,GOLD
2026-06-19,Michaela Onyenwere,OTHER,0.8,0,-0.8,0.8,GOLD
2026-06-21,Michaela Onyenwere,OTHER,0.8,1,0.19999999999999996,0.19999999999999996,GOLD
2026-06-24,Michaela Onyenwere,OTHER,0.8,1,0.19999999999999996,0.19999999999999996,GOLD
2026-06-26,Michaela Onyenwere,OTHER,0.8,1,0.19999999999999996,0.19999999999999996,GOLD
2026-06-28,Michaela Onyenwere,OTHER,0.8,5,4.2,4.2,GOLD
2026-07-02,Michaela Onyenwere,OTHER,1.5,3,1.5,1.5,GOLD
2026-07-06,Michaela Onyenwere,OTHER,1.9,1,-0.8999999999999999,0.8999999999999999,GOLD
2026-07-12,Michaela Onyenwere,OTHER,1.8,2,0.19999999999999996,0.19999999999999996,GOLD
2026-07-14,Michaela Onyenwere,OTHER,2,3,1,1,GOLD
2026-07-16,Michaela Onyenwere,OTHER,2.2,1,-1.2000000000000002,1.2000000000000002,GOLD
2026-07-18,Michaela Onyenwere,OTHER,1.8,5,3.2,3.2,GOLD
2026-07-20,Michaela Onyenwere,OTHER,2.1,1,-1.1,1.1,GOLD
2026-07-22,Michaela Onyenwere,OTHER,2.1,3,0.8999999999999999,0.8999999999999999,GOLD
2026-07-28,Michaela Onyenwere,OTHER,2.2,4,1.7999999999999998,1.7999999999999998,GOLD
2026-07-31,Michaela Onyenwere,OTHER,2.4,2,-0.3999999999999999,0.3999999999999999,GOLD
2026-08-05,Michaela Onyenwere,OTHER,2.5,1,-1.5,1.5,GOLD
2026-08-07,Michaela Onyenwere,OTHER,2,0,-2,2,GOLD
2026-08-09,Michaela Onyenwere,OTHER,1.9,1,-0.8999999999999999,0.8999999999999999,GOLD
2026-08-11,Michaela Onyenwere,OTHER,1.6,2,0.3999999999999999,0.3999999999999999,GOLD
2026-06-21,Raquel Carrera,OTHER,0.4,0,-0.4,0.4,GOLD
2026-06-25,Raquel Carrera,OTHER,0.3,0,-0.3,0.3,GOLD
2026-06-28,Raquel Carrera,OTHER,0.2,0,-0.2,0.2,GOLD
2026-06-30,Raquel Carrera,OTHER,0.1,0,-0.1,0.1,GOLD
2026-07-03,Raquel Carrera,OTHER,0.1,0,-0.1,0.1,GOLD
2026-07-07,Raquel Carrera,OTHER,0.1,1,0.9,0.9,GOLD
2026-07-11,Raquel Carrera,OTHER,0.2,0,-0.2,0.2,GOLD
2026-07-12,Raquel Carrera,OTHER,0.2,0,-0.2,0.2,GOLD
2026-07-18,Raquel Carrera,OTHER,0.2,0,-0.2,0.2,GOLD
2026-07-20,Raquel Carrera,OTHER,0.2,0,-0.2,0.2,GOLD
2026-07-22,Raquel Carrera,OTHER,0.2,1,0.8,0.8,GOLD
2026-07-28,Raquel Carrera,OTHER,0.2,0,-0.2,0.2,GOLD
2026-08-01,Raquel Carrera,OTHER,0.2,1,0.8,0.8,GOLD
2026-08-09,Raquel Carrera,OTHER,0.4,2,1.6,1.6,GOLD
2026-08-11,Raquel Carrera,OTHER,0.6,0,-0.6,0.6,GOLD
2026-06-23,Sabrina Ionescu,SECONDARY,3.3,4,0.7000000000000002,0.7000000000000002,GOLD
2026-06-25,Sabrina Ionescu,SECONDARY,3,5,2,2,GOLD
2026-06-28,Sabrina Ionescu,SECONDARY,3.3,2,-1.2999999999999998,1.2999999999999998,GOLD
2026-06-30,Sabrina Ionescu,SECONDARY,3.4,5,1.6,1.6,GOLD
2026-07-03,Sabrina Ionescu,SECONDARY,3.7,6,2.3,2.3,GOLD
2026-07-07,Sabrina Ionescu,SECONDARY,4.3,5,0.7000000000000002,0.7000000000000002,GOLD
2026-07-11,Sabrina Ionescu,SECONDARY,4.5,5,0.5,0.5,GOLD
2026-07-12,Sabrina Ionescu,SECONDARY,4.5,8,3.5,3.5,GOLD
2026-07-18,Sabrina Ionescu,SECONDARY,5.3,4,-1.2999999999999998,1.2999999999999998,GOLD
2026-07-20,Sabrina Ionescu,SECONDARY,5.2,2,-3.2,3.2,GOLD
2026-07-22,Sabrina Ionescu,SECONDARY,4.7,4,-0.7000000000000002,0.7000000000000002,GOLD
2026-07-28,Sabrina Ionescu,SECONDARY,4.5,6,1.5,1.5,GOLD
2026-07-30,Sabrina Ionescu,SECONDARY,4.7,5,0.2999999999999998,0.2999999999999998,GOLD
2026-08-01,Sabrina Ionescu,SECONDARY,4.4,10,5.6,5.6,GOLD
2026-08-03,Sabrina Ionescu,SECONDARY,5.2,5,-0.20000000000000018,0.20000000000000018,GOLD
2026-08-05,Sabrina Ionescu,SECONDARY,5.6,6,0.40000000000000036,0.40000000000000036,GOLD
2026-08-09,Sabrina Ionescu,SECONDARY,5.9,2,-3.9000000000000004,3.9000000000000004,GOLD
2026-08-11,Sabrina Ionescu,SECONDARY,5.4,5,-0.40000000000000036,0.40000000000000036,GOLD
2026-06-06,Cecilia Zandalasini,OTHER,2.2,0,-2.2,2.2,GOLD
2026-06-09,Cecilia Zandalasini,OTHER,1.9,1,-0.8999999999999999,0.8999999999999999,GOLD
2026-06-12,Cecilia Zandalasini,OTHER,1.7,0,-1.7,1.7,GOLD
2026-06-15,Cecilia Zandalasini,OTHER,1.4,3,1.6,1.6,GOLD
2026-06-17,Cecilia Zandalasini,OTHER,1.5,2,0.5,0.5,GOLD
2026-06-19,Cecilia Zandalasini,OTHER,1.4,2,0.6000000000000001,0.6000000000000001,GOLD
2026-06-21,Cecilia Zandalasini,OTHER,1.6,0,-1.6,1.6,GOLD
2026-06-24,Cecilia Zandalasini,OTHER,1.5,3,1.5,1.5,GOLD
2026-06-26,Cecilia Zandalasini,OTHER,1.9,3,1.1,1.1,GOLD
2026-06-28,Cecilia Zandalasini,OTHER,1.9,1,-0.8999999999999999,0.8999999999999999,GOLD
2026-07-04,Cecilia Zandalasini,OTHER,1.8,1,-0.8,0.8,GOLD
2026-07-06,Cecilia Zandalasini,OTHER,1.6,1,-0.6000000000000001,0.6000000000000001,GOLD
2026-07-08,Cecilia Zandalasini,OTHER,1.7,2,0.30000000000000004,0.30000000000000004,GOLD
2026-07-10,Cecilia Zandalasini,OTHER,1.6,0,-1.6,1.6,GOLD
2026-07-15,Cecilia Zandalasini,OTHER,1.2,0,-1.2,1.2,GOLD
2026-07-18,Cecilia Zandalasini,OTHER,1.1,1,-0.10000000000000009,0.10000000000000009,GOLD
2026-07-20,Cecilia Zandalasini,OTHER,1.1,1,-0.10000000000000009,0.10000000000000009,GOLD
2026-07-29,Cecilia Zandalasini,OTHER,1.1,3,1.9,1.9,GOLD
2026-08-02,Cecilia Zandalasini,OTHER,1.2,5,3.8,3.8,GOLD
2026-08-04,Cecilia Zandalasini,OTHER,1.9,3,1.1,1.1,GOLD
2026-08-07,Cecilia Zandalasini,OTHER,2.2,2,-0.20000000000000018,0.20000000000000018,GOLD
2026-08-09,Cecilia Zandalasini,OTHER,2.4,2,-0.3999999999999999,0.3999999999999999,GOLD
2026-06-15,Juste Jocyte,OTHER,1.2,0,-1.2,1.2,GOLD
2026-06-21,Juste Jocyte,OTHER,0.9,1,0.09999999999999998,0.09999999999999998,GOLD
2026-06-28,Juste Jocyte,OTHER,0.7,0,-0.7,0.7,GOLD
2026-07-10,Juste Jocyte,OTHER,0.6,0,-0.6,0.6,GOLD
2026-06-07,Karlie Samuelson,OTHER,1,0,-1,1,GOLD
2026-06-11,Karlie Samuelson,OTHER,0.8,2,1.2,1.2,GOLD
2026-06-13,Karlie Samuelson,OTHER,1,3,2,2,GOLD
2026-06-17,Karlie Samuelson,OTHER,1.3,0,-1.3,1.3,GOLD
2026-06-24,Karlie Samuelson,OTHER,1.2,0,-1.2,1.2,GOLD
2026-07-09,Karlie Samuelson,OTHER,1,0,-1,1,GOLD
2026-07-11,Karlie Samuelson,OTHER,1,0,-1,1,GOLD
2026-07-14,Karlie Samuelson,OTHER,0.7,0,-0.7,0.7,GOLD
2026-07-16,Karlie Samuelson,OTHER,0.3,1,0.7,0.7,GOLD
2026-07-22,Karlie Samuelson,OTHER,0.4,1,0.6,0.6,GOLD
2026-07-28,Karlie Samuelson,OTHER,0.6,2,1.4,1.4,GOLD
2026-07-31,Karlie Samuelson,OTHER,0.8,2,1.2,1.2,GOLD
2026-08-02,Karlie Samuelson,OTHER,1.1,1,-0.10000000000000009,0.10000000000000009,GOLD
2026-08-06,Karlie Samuelson,OTHER,1.2,1,-0.19999999999999996,0.19999999999999996,GOLD
2026-08-08,Karlie Samuelson,OTHER,1.2,0,-1.2,1.2,GOLD
2026-06-08,Olivia Nelson-Ododa,OTHER,2,1,-1,1,GOLD
2026-06-10,Olivia Nelson-Ododa,OTHER,1.5,1,-0.5,0.5,GOLD
2026-06-13,Olivia Nelson-Ododa,OTHER,1.1,1,-0.10000000000000009,0.10000000000000009,GOLD
2026-06-17,Olivia Nelson-Ododa,OTHER,1,1,0,0,GOLD
2026-06-19,Olivia Nelson-Ododa,OTHER,1.1,0,-1.1,1.1,GOLD
2026-06-22,Olivia Nelson-Ododa,OTHER,1.1,3,1.9,1.9,GOLD
2026-06-26,Olivia Nelson-Ododa,OTHER,1.4,3,1.6,1.6,GOLD
2026-07-02,Olivia Nelson-Ododa,OTHER,1.6,1,-0.6000000000000001,0.6000000000000001,GOLD
2026-07-06,Olivia Nelson-Ododa,OTHER,1.6,3,1.4,1.4,GOLD
2026-07-08,Olivia Nelson-Ododa,OTHER,1.9,2,0.10000000000000009,0.10000000000000009,GOLD
2026-07-10,Olivia Nelson-Ododa,OTHER,2.1,4,1.9,1.9,GOLD
2026-07-14,Olivia Nelson-Ododa,OTHER,2.3,1,-1.2999999999999998,1.2999999999999998,GOLD
2026-07-17,Olivia Nelson-Ododa,OTHER,2.1,3,0.8999999999999999,0.8999999999999999,GOLD
2026-07-19,Olivia Nelson-Ododa,OTHER,2.3,3,0.7000000000000002,0.7000000000000002,GOLD
2026-07-22,Olivia Nelson-Ododa,OTHER,2.3,2,-0.2999999999999998,0.2999999999999998,GOLD
2026-07-28,Olivia Nelson-Ododa,OTHER,2.3,1,-1.2999999999999998,1.2999999999999998,GOLD
2026-07-30,Olivia Nelson-Ododa,OTHER,2,1,-1,1,GOLD
2026-08-02,Olivia Nelson-Ododa,OTHER,1.9,2,0.10000000000000009,0.10000000000000009,GOLD
2026-08-07,Olivia Nelson-Ododa,OTHER,1.8,0,-1.8,1.8,GOLD
2026-06-12,Alicia Florez,OTHER,2.8,4,1.2000000000000002,1.2000000000000002,GOLD
2026-06-14,Alicia Florez,SECONDARY,3.1,6,2.9,2.9,GOLD
2026-06-24,Alicia Florez,SECONDARY,3.1,0,-3.1,3.1,GOLD
2026-06-28,Alicia Florez,SECONDARY,2.6,4,1.4,1.4,GOLD
2026-07-02,Alicia Florez,SECONDARY,3.1,7,3.9,3.9,GOLD
2026-07-06,Alicia Florez,SECONDARY,4,3,-1,1,GOLD
2026-07-12,Alicia Florez,SECONDARY,3.9,4,0.10000000000000009,0.10000000000000009,GOLD
2026-07-14,Alicia Florez,SECONDARY,3.7,5,1.2999999999999998,1.2999999999999998,GOLD
2026-07-16,Alicia Florez,SECONDARY,4.3,1,-3.3,3.3,GOLD
2026-07-18,Alicia Florez,SECONDARY,3.9,0,-3.9,3.9,GOLD
2026-07-20,Alicia Florez,SECONDARY,2.9,1,-1.9,1.9,GOLD
2026-07-22,Alicia Florez,SECONDARY,2.6,2,-0.6000000000000001,0.6000000000000001,GOLD
2026-07-28,Alicia Florez,SECONDARY,2.3,0,-2.3,2.3,GOLD
2026-07-31,Alicia Florez,OTHER,1.5,0,-1.5,1.5,GOLD
2026-08-05,Alicia Florez,OTHER,1.3,1,-0.30000000000000004,0.30000000000000004,GOLD
2026-08-07,Alicia Florez,OTHER,1.5,0,-1.5,1.5,GOLD
2026-08-09,Alicia Florez,OTHER,1.2,2,0.8,0.8,GOLD
2026-08-11,Alicia Florez,OTHER,1.2,2,0.8,0.8,GOLD
2026-06-11,Betnijah Laney-Hamilton,OTHER,1.4,3,1.6,1.6,GOLD
2026-06-14,Betnijah Laney-Hamilton,OTHER,1.6,1,-0.6000000000000001,0.6000000000000001,GOLD
2026-06-23,Betnijah Laney-Hamilton,OTHER,1.5,1,-0.5,0.5,GOLD
2026-06-25,Betnijah Laney-Hamilton,OTHER,1.2,0,-1.2,1.2,GOLD
2026-06-28,Betnijah Laney-Hamilton,OTHER,1.1,1,-0.10000000000000009,0.10000000000000009,GOLD
2026-07-07,Betnijah Laney-Hamilton,OTHER,1.2,1,-0.19999999999999996,0.19999999999999996,GOLD
2026-07-11,Betnijah Laney-Hamilton,OTHER,1,2,1,1,GOLD
2026-07-12,Betnijah Laney-Hamilton,OTHER,1.1,1,-0.10000000000000009,0.10000000000000009,GOLD
2026-08-11,Betnijah Laney-Hamilton,OTHER,1.1,2,0.8999999999999999,0.8999999999999999,GOLD
2026-06-11,Leonie Fiebich,OTHER,1.8,1,-0.8,0.8,GOLD
2026-06-14,Leonie Fiebich,OTHER,1.7,2,0.30000000000000004,0.30000000000000004,GOLD
2026-06-17,Leonie Fiebich,OTHER,1.9,3,1.1,1.1,GOLD
2026-06-19,Leonie Fiebich,OTHER,1.8,2,0.19999999999999996,0.19999999999999996,GOLD
2026-06-21,Leonie Fiebich,OTHER,1.8,1,-0.8,0.8,GOLD
2026-06-23,Leonie Fiebich,OTHER,1.8,1,-0.8,0.8,GOLD
2026-06-25,Leonie Fiebich,OTHER,1.8,2,0.19999999999999996,0.19999999999999996,GOLD
2026-06-28,Leonie Fiebich,OTHER,1.8,1,-0.8,0.8,GOLD
2026-06-30,Leonie Fiebich,OTHER,1.5,2,0.5,0.5,GOLD
2026-07-03,Leonie Fiebich,OTHER,1.5,4,2.5,2.5,GOLD
2026-06-09,Monique Akoa Makani,SECONDARY,3.3,3,-0.2999999999999998,0.2999999999999998,GOLD
2026-06-11,Monique Akoa Makani,SECONDARY,3.2,1,-2.2,2.2,GOLD
2026-06-13,Monique Akoa Makani,OTHER,2.7,5,2.3,2.3,GOLD
2026-06-17,Monique Akoa Makani,SECONDARY,2.9,1,-1.9,1.9,GOLD
2026-07-02,Monique Akoa Makani,OTHER,2.6,2,-0.6000000000000001,0.6000000000000001,GOLD
2026-07-07,Monique Akoa Makani,OTHER,2.6,1,-1.6,1.6,GOLD
2026-07-09,Monique Akoa Makani,OTHER,2.2,3,0.7999999999999998,0.7999999999999998,GOLD
2026-07-11,Monique Akoa Makani,OTHER,2.5,1,-1.5,1.5,GOLD
2026-07-13,Monique Akoa Makani,OTHER,1.9,4,2.1,2.1,GOLD
2026-07-17,Monique Akoa Makani,OTHER,2.4,4,1.6,1.6,GOLD
2026-07-19,Monique Akoa Makani,OTHER,2.7,1,-1.7000000000000002,1.7000000000000002,GOLD
2026-07-22,Monique Akoa Makani,OTHER,2.6,2,-0.6000000000000001,0.6000000000000001,GOLD
2026-07-29,Monique Akoa Makani,OTHER,2.5,1,-1.5,1.5,GOLD
2026-08-01,Monique Akoa Makani,OTHER,2.4,3,0.6000000000000001,0.6000000000000001,GOLD
2026-08-05,Monique Akoa Makani,OTHER,2.3,2,-0.2999999999999998,0.2999999999999998,GOLD
2026-08-06,Monique Akoa Makani,OTHER,2.1,1,-1.1,1.1,GOLD
2026-06-13,Kierstan Bell,OTHER,0.6,0,-0.6,0.6,GOLD
2026-06-15,Kierstan Bell,OTHER,0.4,2,1.6,1.6,GOLD
2026-06-17,Kierstan Bell,OTHER,0.5,0,-0.5,0.5,GOLD
2026-06-21,Kierstan Bell,OTHER,0.5,1,0.5,0.5,GOLD
2026-06-23,Kierstan Bell,OTHER,0.6,3,2.4,2.4,GOLD
2026-06-25,Kierstan Bell,OTHER,1.1,0,-1.1,1.1,GOLD
2026-06-28,Kierstan Bell,OTHER,1,0,-1,1,GOLD
2026-06-30,Kierstan Bell,OTHER,0.8,0,-0.8,0.8,GOLD
2026-07-03,Kierstan Bell,OTHER,0.8,0,-0.8,0.8,GOLD
2026-07-05,Kierstan Bell,OTHER,0.6,0,-0.6,0.6,GOLD
2026-07-09,Kierstan Bell,OTHER,0.2,1,0.8,0.8,GOLD
2026-07-11,Kierstan Bell,OTHER,0.4,4,3.6,3.6,GOLD
2026-08-01,Kierstan Bell,OTHER,0.9,0,-0.9,0.9,GOLD
2026-08-03,Kierstan Bell,OTHER,0.9,0,-0.9,0.9,GOLD
2026-08-06,Kierstan Bell,OTHER,0.9,0,-0.9,0.9,GOLD
2026-08-09,Kierstan Bell,OTHER,0.9,0,-0.9,0.9,GOLD
2026-06-25,Ta'Niya Latson,OTHER,0.6,0,-0.6,0.6,GOLD
2026-06-27,Ta'Niya Latson,OTHER,0.6,0,-0.6,0.6,GOLD
2026-07-28,Ta'Niya Latson,OTHER,0.5,0,-0.5,0.5,GOLD
2026-08-03,Ta'Niya Latson,OTHER,0.4,0,-0.4,0.4,GOLD
2026-08-09,Ta'Niya Latson,OTHER,0.4,2,1.6,1.6,GOLD
2026-08-11,Ta'Niya Latson,OTHER,0.4,2,1.6,1.6,GOLD
2026-06-13,Teaira McCowan,OTHER,0.4,0,-0.4,0.4,GOLD
2026-06-15,Teaira McCowan,OTHER,0.3,1,0.7,0.7,GOLD
2026-06-17,Teaira McCowan,OTHER,0.4,0,-0.4,0.4,GOLD
2026-06-21,Teaira McCowan,OTHER,0.4,0,-0.4,0.4,GOLD
2026-06-24,Teaira McCowan,OTHER,0.2,0,-0.2,0.2,GOLD
2026-06-14,Julie Allemand,SECONDARY,3.3,6,2.7,2.7,GOLD
2026-06-16,Julie Allemand,SECONDARY,3.7,1,-2.7,2.7,GOLD
2026-06-19,Julie Allemand,SECONDARY,3.5,9,5.5,5.5,GOLD
2026-06-22,Julie Allemand,SECONDARY,4.5,3,-1.5,1.5,GOLD
2026-06-25,Julie Allemand,SECONDARY,4.3,14,9.7,9.7,GOLD
2026-06-27,Julie Allemand,SECONDARY,6.1,10,3.9000000000000004,3.9000000000000004,GOLD
2026-07-08,Julie Allemand,PRIMARY,7,7,0,0,GOLD
2026-07-10,Julie Allemand,PRIMARY,7.7,8,0.2999999999999998,0.2999999999999998,GOLD
2026-07-12,Julie Allemand,PRIMARY,7.7,10,2.3,2.3,GOLD
2026-07-14,Julie Allemand,PRIMARY,8.7,2,-6.699999999999999,6.699999999999999,GOLD
2026-07-17,Julie Allemand,PRIMARY,7.1,6,-1.0999999999999996,1.0999999999999996,GOLD
2026-07-20,Julie Allemand,PRIMARY,6.6,4,-2.5999999999999996,2.5999999999999996,GOLD
2026-07-28,Julie Allemand,PRIMARY,6.2,7,0.7999999999999998,0.7999999999999998,GOLD
2026-07-30,Julie Allemand,PRIMARY,6.1,6,-0.09999999999999964,0.09999999999999964,GOLD
2026-08-02,Julie Allemand,PRIMARY,5.6,6,0.40000000000000036,0.40000000000000036,GOLD
2026-08-04,Julie Allemand,PRIMARY,6.1,8,1.9000000000000004,1.9000000000000004,GOLD
2026-08-06,Julie Allemand,PRIMARY,6.4,12,5.6,5.6,GOLD
2026-08-10,Julie Allemand,PRIMARY,7.5,2,-5.5,5.5,GOLD
2026-06-13,Leila Lacan,SECONDARY,4.9,7,2.0999999999999996,2.0999999999999996,GOLD
2026-06-17,Leila Lacan,PRIMARY,5.8,4,-1.7999999999999998,1.7999999999999998,GOLD
2026-06-19,Leila Lacan,PRIMARY,5.6,3,-2.5999999999999996,2.5999999999999996,GOLD
2026-06-22,Leila Lacan,SECONDARY,5.4,2,-3.4000000000000004,3.4000000000000004,GOLD
2026-06-26,Leila Lacan,SECONDARY,4.7,5,0.2999999999999998,0.2999999999999998,GOLD
2026-07-02,Leila Lacan,SECONDARY,4.4,5,0.5999999999999996,0.5999999999999996,GOLD
2026-07-06,Leila Lacan,SECONDARY,4.2,3,-1.2000000000000002,1.2000000000000002,GOLD
2026-07-08,Leila Lacan,SECONDARY,4,6,2,2,GOLD
2026-07-10,Leila Lacan,SECONDARY,4.5,6,1.5,1.5,GOLD
2026-07-14,Leila Lacan,SECONDARY,5,3,-2,2,GOLD
2026-07-17,Leila Lacan,SECONDARY,4.7,5,0.2999999999999998,0.2999999999999998,GOLD
2026-07-19,Leila Lacan,SECONDARY,4.7,4,-0.7000000000000002,0.7000000000000002,GOLD
2026-07-22,Leila Lacan,SECONDARY,4.8,2,-2.8,2.8,GOLD
2026-07-28,Leila Lacan,SECONDARY,4.3,6,1.7000000000000002,1.7000000000000002,GOLD
2026-07-30,Leila Lacan,SECONDARY,4.3,6,1.7000000000000002,1.7000000000000002,GOLD
2026-08-02,Leila Lacan,SECONDARY,4.7,2,-2.7,2.7,GOLD
2026-08-07,Leila Lacan,SECONDARY,4.3,4,-0.2999999999999998,0.2999999999999998,GOLD
2026-06-14,Tima Pouye,OTHER,1.2,0,-1.2,1.2,GOLD
2026-06-16,Tima Pouye,OTHER,1.1,2,0.8999999999999999,0.8999999999999999,GOLD
2026-06-19,Tima Pouye,OTHER,1.4,0,-1.4,1.4,GOLD
2026-06-22,Tima Pouye,OTHER,1.2,1,-0.19999999999999996,0.19999999999999996,GOLD
2026-06-25,Tima Pouye,OTHER,1.1,3,1.9,1.9,GOLD
2026-06-27,Tima Pouye,OTHER,1.2,4,2.8,2.8,GOLD
2026-07-05,Tima Pouye,OTHER,1.8,1,-0.8,0.8,GOLD
2026-07-08,Tima Pouye,OTHER,1.7,1,-0.7,0.7,GOLD
2026-07-10,Tima Pouye,OTHER,1.8,1,-0.8,0.8,GOLD
2026-07-12,Tima Pouye,OTHER,1.7,0,-1.7,1.7,GOLD
2026-07-14,Tima Pouye,OTHER,1.4,1,-0.3999999999999999,0.3999999999999999,GOLD
2026-07-17,Tima Pouye,OTHER,1,1,0,0,GOLD
2026-07-20,Tima Pouye,OTHER,1,1,0,0,GOLD
2026-07-30,Tima Pouye,OTHER,1,0,-1,1,GOLD
2026-06-20,Quionche Carter,OTHER,0.6,0,-0.6,0.6,GOLD
2026-06-22,Quionche Carter,OTHER,0.3,0,-0.3,0.3,GOLD
2026-06-24,Quionche Carter,OTHER,0.3,0,-0.3,0.3,GOLD
2026-06-27,Quionche Carter,OTHER,0.3,2,1.7,1.7,GOLD
2026-07-02,Quionche Carter,OTHER,0.5,1,0.5,0.5,GOLD
2026-06-20,Dominique Malonga,OTHER,1.4,2,0.6000000000000001,0.6000000000000001,GOLD
2026-06-22,Dominique Malonga,OTHER,1.7,1,-0.7,0.7,GOLD
2026-06-25,Dominique Malonga,OTHER,1.8,2,0.19999999999999996,0.19999999999999996,GOLD
2026-06-27,Dominique Malonga,OTHER,1.8,3,1.2,1.2,GOLD
2026-07-02,Dominique Malonga,OTHER,2,1,-1,1,GOLD
2026-07-04,Dominique Malonga,OTHER,1.7,1,-0.7,0.7,GOLD
2026-07-06,Dominique Malonga,OTHER,1.6,2,0.3999999999999999,0.3999999999999999,GOLD
2026-07-09,Dominique Malonga,OTHER,1.7,2,0.30000000000000004,0.30000000000000004,GOLD
2026-07-12,Dominique Malonga,OTHER,1.7,2,0.30000000000000004,0.30000000000000004,GOLD
2026-07-15,Dominique Malonga,OTHER,1.6,4,2.4,2.4,GOLD
2026-07-17,Dominique Malonga,OTHER,2,2,0,0,GOLD
2026-07-20,Dominique Malonga,OTHER,2.2,1,-1.2000000000000002,1.2000000000000002,GOLD
2026-07-22,Dominique Malonga,OTHER,2,2,0,0,GOLD
2026-07-25,Dominique Malonga,OTHER,2,1,-1,1,GOLD
2026-07-31,Dominique Malonga,OTHER,1.9,1,-0.8999999999999999,0.8999999999999999,GOLD
2026-08-03,Dominique Malonga,OTHER,1.5,1,-0.5,0.5,GOLD
2026-08-05,Dominique Malonga,OTHER,1.4,3,1.6,1.6,GOLD
2026-08-08,Dominique Malonga,OTHER,1.6,2,0.3999999999999999,0.3999999999999999,GOLD
2026-08-10,Dominique Malonga,OTHER,1.7,1,-0.7,0.7,GOLD
2026-07-22,Marine Fauthoux,OTHER,1.6,1,-0.6000000000000001,0.6000000000000001,GOLD
2026-07-28,Marine Fauthoux,OTHER,1.7,1,-0.7,0.7,GOLD
2026-07-30,Marine Fauthoux,OTHER,1.6,1,-0.6000000000000001,0.6000000000000001,GOLD
2026-08-01,Marine Fauthoux,OTHER,1.6,2,0.3999999999999999,0.3999999999999999,GOLD
2026-08-03,Marine Fauthoux,OTHER,1.5,5,3.5,3.5,GOLD
2026-08-05,Marine Fauthoux,OTHER,1.9,1,-0.8999999999999999,0.8999999999999999,GOLD
2026-08-09,Marine Fauthoux,OTHER,1.9,9,7.1,7.1,GOLD
2026-08-11,Marine Fauthoux,OTHER,3.1,3,-0.10000000000000009,0.10000000000000009,GOLD
2026-06-19,Isabelle Harrison,OTHER,1.8,5,3.2,3.2,GOLD
2026-06-22,Isabelle Harrison,OTHER,2.4,2,-0.3999999999999999,0.3999999999999999,GOLD
2026-06-25,Isabelle Harrison,OTHER,2.4,2,-0.3999999999999999,0.3999999999999999,GOLD
2026-06-27,Isabelle Harrison,OTHER,2.2,0,-2.2,2.2,GOLD
2026-07-05,Isabelle Harrison,OTHER,2.1,1,-1.1,1.1,GOLD
2026-07-08,Isabelle Harrison,OTHER,2,2,0,0,GOLD
2026-07-10,Isabelle Harrison,OTHER,1.6,1,-0.6000000000000001,0.6000000000000001,GOLD
2026-07-12,Isabelle Harrison,OTHER,1.5,0,-1.5,1.5,GOLD
2026-07-14,Isabelle Harrison,OTHER,1.2,1,-0.19999999999999996,0.19999999999999996,GOLD
2026-07-17,Isabelle Harrison,OTHER,1.3,0,-1.3,1.3,GOLD
2026-07-20,Isabelle Harrison,OTHER,1.1,2,0.8999999999999999,0.8999999999999999,GOLD
2026-08-02,Isabelle Harrison,OTHER,1.1,1,-0.10000000000000009,0.10000000000000009,GOLD
2026-08-04,Isabelle Harrison,OTHER,1.1,0,-1.1,1.1,GOLD
2026-08-06,Isabelle Harrison,OTHER,1,1,0,0,GOLD
2026-08-10,Isabelle Harrison,OTHER,1,2,1,1,GOLD
2026-06-25,Temi Fagbenle,OTHER,1.4,3,1.6,1.6,GOLD
2026-06-27,Temi Fagbenle,OTHER,1.7,3,1.3,1.3,GOLD
2026-07-17,Temi Fagbenle,OTHER,1.9,1,-0.8999999999999999,0.8999999999999999,GOLD
2026-07-20,Temi Fagbenle,OTHER,1.9,0,-1.9,1.9,GOLD
2026-07-28,Temi Fagbenle,OTHER,1.6,0,-1.6,1.6,GOLD
2026-07-30,Temi Fagbenle,OTHER,1.4,0,-1.4,1.4,GOLD
2026-08-02,Temi Fagbenle,OTHER,1,0,-1,1,GOLD
2026-08-06,Temi Fagbenle,OTHER,0.6,0,-0.6,0.6,GOLD
2026-08-10,Temi Fagbenle,OTHER,0.4,0,-0.4,0.4,GOLD
2026-07-12,Courtney Vandersloot,SECONDARY,4.7,3,-1.7000000000000002,1.7000000000000002,GOLD
2026-07-15,Courtney Vandersloot,SECONDARY,4.1,6,1.9000000000000004,1.9000000000000004,GOLD
2026-07-17,Courtney Vandersloot,SECONDARY,4,1,-3,3,GOLD
2026-07-19,Courtney Vandersloot,SECONDARY,3.6,6,2.4,2.4,GOLD
2026-07-22,Courtney Vandersloot,SECONDARY,4.3,4,-0.2999999999999998,0.2999999999999998,GOLD
2026-07-30,Courtney Vandersloot,SECONDARY,4.2,6,1.7999999999999998,1.7999999999999998,GOLD
2026-08-01,Courtney Vandersloot,SECONDARY,4.7,5,0.2999999999999998,0.2999999999999998,GOLD
2026-08-03,Courtney Vandersloot,SECONDARY,4.6,10,5.4,5.4,GOLD
2026-08-05,Courtney Vandersloot,SECONDARY,5.8,5,-0.7999999999999998,0.7999999999999998,GOLD
2026-08-08,Courtney Vandersloot,SECONDARY,5.7,6,0.2999999999999998,0.2999999999999998,GOLD
2026-08-10,Courtney Vandersloot,PRIMARY,6.2,3,-3.2,3.2,GOLD
2026-08-03,Ezi Magbegor,OTHER,1,2,1,1,GOLD
2026-08-05,Ezi Magbegor,OTHER,0.9,0,-0.9,0.9,GOLD
2026-08-08,Ezi Magbegor,OTHER,0.8,6,5.2,5.2,GOLD
2026-08-10,Ezi Magbegor,OTHER,1.7,3,1.3,1.3,GOLD
2026-07-22,Dorka Juhasz,OTHER,2.6,0,-2.6,2.6,GOLD
2026-07-28,Dorka Juhasz,OTHER,2.1,2,-0.10000000000000009,0.10000000000000009,GOLD
2026-07-30,Dorka Juhasz,OTHER,2.2,2,-0.20000000000000018,0.20000000000000018,GOLD
2026-08-02,Dorka Juhasz,OTHER,2.3,1,-1.2999999999999998,1.2999999999999998,GOLD
2026-08-06,Dorka Juhasz,OTHER,1.7,1,-0.7,0.7,GOLD
2026-08-08,Dorka Juhasz,OTHER,1.5,1,-0.5,0.5,GOLD
2026-08-09,Dorka Juhasz,OTHER,1.6,0,-1.6,1.6,GOLD
2026-07-29,Sami Whitcomb,OTHER,1.4,0,-1.4,1.4,GOLD
2026-08-01,Sami Whitcomb,OTHER,1.2,3,1.8,1.8,GOLD
2026-08-03,Sami Whitcomb,OTHER,1.3,1,-0.30000000000000004,0.30000000000000004,GOLD
2026-08-05,Sami Whitcomb,OTHER,1.2,2,0.8,0.8,GOLD
2026-08-07,Sami Whitcomb,OTHER,1.4,1,-0.3999999999999999,0.3999999999999999,GOLD
2026-08-09,Sami Whitcomb,OTHER,1.4,3,1.6,1.6,GOLD
2026-08-11,Sami Whitcomb,OTHER,1.8,3,1.2,1.2,GOLD
2026-08-09,Justine Pissott,OTHER,0.6,1,0.4,0.4,GOLD
2026-08-01,Dana Evans,OTHER,2,2,0,0,GOLD
2026-08-03,Dana Evans,OTHER,2.1,1,-1.1,1.1,GOLD
2026-08-06,Dana Evans,OTHER,2,2,0,0,GOLD
2026-08-08,Dana Evans,OTHER,2,3,1,1,GOLD
2026-08-09,Dana Evans,OTHER,2,2,0,0,GOLD
2026-08-05,Brionna Jones,OTHER,1.2,6,4.8,4.8,GOLD
2026-08-07,Brionna Jones,OTHER,1.8,3,1.2,1.2,GOLD
2026-08-10,Brionna Jones,OTHER,2.1,2,-0.10000000000000009,0.10000000000000009,GOLD
2026-08-05,Jaylyn Sherrod,OTHER,1.4,1,-0.3999999999999999,0.3999999999999999,GOLD
2026-08-07,Jaylyn Sherrod,OTHER,1.3,0,-1.3,1.3,GOLD
2026-08-10,Jaylyn Sherrod,OTHER,0.9,0,-0.9,0.9,GOLD
2026-08-08,Napheesa Collier,SECONDARY,3.9,3,-0.8999999999999999,0.8999999999999999,GOLD
2026-08-09,Napheesa Collier,SECONDARY,4.1,3,-1.0999999999999996,1.0999999999999996,GOLD
2026-08-10,DiJonai Carrington,OTHER,0.4,1,0.6,0.6,GOLD