date,player,starter,minutesBand,projection,actual,error,absError,quality
2026-06-04,Aaliyah Nye,BENCH,0-12,0,0,0,0,GOLD
2026-06-06,Aaliyah Nye,BENCH,0-12,0,0,0,0,GOLD
2026-06-09,Aaliyah Nye,BENCH,0-12,0,0,0,0,GOLD
2026-06-11,Aaliyah Nye,BENCH,0-12,0,0,0,0,GOLD
2026-06-14,Aaliyah Nye,BENCH,0-12,0,0,0,0,GOLD
2026-07-11,Aaliyah Nye,BENCH,0-12,0,0,0,0,GOLD
2026-07-17,Aaliyah Nye,BENCH,0-12,0,0,0,0,GOLD
2026-08-03,Aaliyah Nye,BENCH,0-12,0,0,0,0,GOLD
2026-08-05,Aaliyah Nye,BENCH,0-12,0,0,0,0,GOLD
2026-06-17,Aicha Coulibaly,BENCH,12-18,3,2,-1,1,GOLD
2026-06-24,Aicha Coulibaly,BENCH,12-18,3.1,3,-0.10000000000000009,0.10000000000000009,GOLD
2026-06-28,Aicha Coulibaly,BENCH,12-18,3.2,0,-3.2,3.2,GOLD
2026-07-03,Aicha Coulibaly,BENCH,12-18,2.7,5,2.3,2.3,GOLD
2026-07-07,Aicha Coulibaly,BENCH,12-18,3.1,7,3.9,3.9,GOLD
2026-07-10,Aicha Coulibaly,BENCH,12-18,3.3,1,-2.3,2.3,GOLD
2026-07-17,Aicha Coulibaly,BENCH,12-18,3.1,2,-1.1,1.1,GOLD
2026-07-19,Aicha Coulibaly,BENCH,0-12,3,1,-2,2,GOLD
2026-07-22,Aicha Coulibaly,BENCH,0-12,3.1,4,0.8999999999999999,0.8999999999999999,GOLD
2026-07-30,Aicha Coulibaly,STARTER,0-12,3,3,0,0,GOLD
2026-08-01,Aicha Coulibaly,STARTER,0-12,2.5,3,0.5,0.5,GOLD
2026-08-03,Aicha Coulibaly,STARTER,0-12,2.7,1,-1.7000000000000002,1.7000000000000002,GOLD
2026-08-05,Aicha Coulibaly,STARTER,12-18,2.5,3,0.5,0.5,GOLD
2026-08-08,Aicha Coulibaly,BENCH,12-18,2.8,2,-0.7999999999999998,0.7999999999999998,GOLD
2026-08-10,Aicha Coulibaly,BENCH,12-18,2.6,3,0.3999999999999999,0.3999999999999999,GOLD
2026-06-06,A'ja Wilson,STARTER,30-36,12.1,14,1.9000000000000004,1.9000000000000004,GOLD
2026-06-08,A'ja Wilson,STARTER,30-36,13.2,12,-1.1999999999999993,1.1999999999999993,GOLD
2026-06-11,A'ja Wilson,STARTER,30-36,12.8,5,-7.800000000000001,7.800000000000001,GOLD
2026-06-13,A'ja Wilson,STARTER,30-36,12.2,10,-2.1999999999999993,2.1999999999999993,GOLD
2026-06-15,A'ja Wilson,STARTER,30-36,11.6,5,-6.6,6.6,GOLD
2026-06-17,A'ja Wilson,STARTER,30-36,10.1,10,-0.09999999999999964,0.09999999999999964,GOLD
2026-06-21,A'ja Wilson,STARTER,30-36,9.5,9,-0.5,0.5,GOLD
2026-06-23,A'ja Wilson,STARTER,30-36,9.1,9,-0.09999999999999964,0.09999999999999964,GOLD
2026-06-25,A'ja Wilson,STARTER,30-36,9.6,9,-0.5999999999999996,0.5999999999999996,GOLD
2026-06-28,A'ja Wilson,STARTER,30-36,9.4,15,5.6,5.6,GOLD
2026-07-09,A'ja Wilson,STARTER,30-36,10.8,10,-0.8000000000000007,0.8000000000000007,GOLD
2026-07-11,A'ja Wilson,STARTER,30-36,10.8,15,4.199999999999999,4.199999999999999,GOLD
2026-07-12,A'ja Wilson,STARTER,30-36,11.7,12,0.3000000000000007,0.3000000000000007,GOLD
2026-07-20,A'ja Wilson,STARTER,30-36,12.1,6,-6.1,6.1,GOLD
2026-07-22,A'ja Wilson,STARTER,30-36,11.6,7,-4.6,4.6,GOLD
2026-07-25,A'ja Wilson,STARTER,30-36,10.5,3,-7.5,7.5,GOLD
2026-07-28,A'ja Wilson,STARTER,24-30,9.5,14,4.5,4.5,GOLD
2026-07-30,A'ja Wilson,STARTER,24-30,9.5,10,0.5,0.5,GOLD
2026-08-01,A'ja Wilson,STARTER,24-30,9.2,12,2.8000000000000007,2.8000000000000007,GOLD
2026-08-03,A'ja Wilson,STARTER,30-36,10,6,-4,4,GOLD
2026-08-06,A'ja Wilson,STARTER,30-36,9.8,13,3.1999999999999993,3.1999999999999993,GOLD
2026-08-08,A'ja Wilson,STARTER,30-36,11.1,8,-3.0999999999999996,3.0999999999999996,GOLD
2026-08-11,A'ja Wilson,STARTER,30-36,10.3,13,2.6999999999999993,2.6999999999999993,GOLD
2026-06-02,Allisha Gray,STARTER,30-36,3.4,7,3.6,3.6,GOLD
2026-06-04,Allisha Gray,STARTER,30-36,3.4,1,-2.4,2.4,GOLD
2026-06-06,Allisha Gray,STARTER,30-36,2.9,1,-1.9,1.9,GOLD
2026-06-09,Allisha Gray,STARTER,30-36,2.7,4,1.2999999999999998,1.2999999999999998,GOLD
2026-06-11,Allisha Gray,STARTER,30-36,3.3,3,-0.2999999999999998,0.2999999999999998,GOLD
2026-06-14,Allisha Gray,STARTER,30-36,3.2,3,-0.20000000000000018,0.20000000000000018,GOLD
2026-06-18,Allisha Gray,STARTER,30-36,2.7,0,-2.7,2.7,GOLD
2026-06-20,Allisha Gray,STARTER,30-36,2.5,5,2.5,2.5,GOLD
2026-06-22,Allisha Gray,STARTER,30-36,3.1,1,-2.1,2.1,GOLD
2026-06-24,Allisha Gray,STARTER,30-36,2.6,1,-1.6,1.6,GOLD
2026-06-26,Allisha Gray,STARTER,30-36,2.2,2,-0.20000000000000018,0.20000000000000018,GOLD
2026-06-27,Allisha Gray,STARTER,30-36,2.1,3,0.8999999999999999,0.8999999999999999,GOLD
2026-07-02,Allisha Gray,STARTER,30-36,2.5,4,1.5,1.5,GOLD
2026-07-04,Allisha Gray,STARTER,30-36,2.4,4,1.6,1.6,GOLD
2026-07-09,Allisha Gray,STARTER,30-36,2.7,3,0.2999999999999998,0.2999999999999998,GOLD
2026-07-11,Allisha Gray,STARTER,30-36,3,3,0,0,GOLD
2026-07-13,Allisha Gray,STARTER,30-36,3.1,1,-2.1,2.1,GOLD
2026-07-17,Allisha Gray,STARTER,30-36,2.8,3,0.20000000000000018,0.20000000000000018,GOLD
2026-07-19,Allisha Gray,STARTER,30-36,2.7,6,3.3,3.3,GOLD
2026-07-25,Allisha Gray,BENCH,30-36,3.1,2,-1.1,1.1,GOLD
2026-07-29,Allisha Gray,STARTER,30-36,2.9,0,-2.9,2.9,GOLD
2026-07-31,Allisha Gray,STARTER,30-36,2.5,3,0.5,0.5,GOLD
2026-08-03,Allisha Gray,STARTER,30-36,2.7,1,-1.7000000000000002,1.7000000000000002,GOLD
2026-08-05,Allisha Gray,STARTER,30-36,2.4,3,0.6000000000000001,0.6000000000000001,GOLD
2026-08-07,Allisha Gray,STARTER,30-36,2.1,6,3.9,3.9,GOLD
2026-08-10,Allisha Gray,STARTER,30-36,2.6,3,0.3999999999999999,0.3999999999999999,GOLD
2026-06-04,Anastasiia Olairi Kosu,BENCH,0-12,2.4,4,1.6,1.6,GOLD
2026-06-06,Anastasiia Olairi Kosu,BENCH,0-12,3,1,-2,2,GOLD
2026-06-09,Anastasiia Olairi Kosu,BENCH,0-12,2.5,5,2.5,2.5,GOLD
2026-06-13,Anastasiia Olairi Kosu,BENCH,12-18,3.3,2,-1.2999999999999998,1.2999999999999998,GOLD
2026-06-15,Anastasiia Olairi Kosu,BENCH,12-18,3.2,5,1.7999999999999998,1.7999999999999998,GOLD
2026-06-17,Anastasiia Olairi Kosu,BENCH,12-18,3.2,2,-1.2000000000000002,1.2000000000000002,GOLD
2026-06-19,Anastasiia Olairi Kosu,BENCH,12-18,2.9,6,3.1,3.1,GOLD
2026-06-21,Anastasiia Olairi Kosu,BENCH,12-18,3.6,0,-3.6,3.6,GOLD
2026-06-24,Anastasiia Olairi Kosu,BENCH,12-18,2.9,2,-0.8999999999999999,0.8999999999999999,GOLD
2026-06-28,Anastasiia Olairi Kosu,BENCH,12-18,2.9,0,-2.9,2.9,GOLD
2026-07-03,Anastasiia Olairi Kosu,BENCH,0-12,2.2,3,0.7999999999999998,0.7999999999999998,GOLD
2026-07-06,Anastasiia Olairi Kosu,BENCH,12-18,2.4,0,-2.4,2.4,GOLD
2026-07-08,Anastasiia Olairi Kosu,BENCH,0-12,1.5,4,2.5,2.5,GOLD
2026-07-11,Anastasiia Olairi Kosu,BENCH,0-12,2.1,0,-2.1,2.1,GOLD
2026-07-13,Anastasiia Olairi Kosu,BENCH,0-12,1.8,0,-1.8,1.8,GOLD
2026-07-15,Anastasiia Olairi Kosu,BENCH,0-12,1.7,3,1.3,1.3,GOLD
2026-07-18,Anastasiia Olairi Kosu,BENCH,0-12,1.7,5,3.3,3.3,GOLD
2026-07-20,Anastasiia Olairi Kosu,BENCH,0-12,2.4,2,-0.3999999999999999,0.3999999999999999,GOLD
2026-07-30,Anastasiia Olairi Kosu,BENCH,0-12,2.2,0,-2.2,2.2,GOLD
2026-06-02,Angel Reese,STARTER,30-36,9.8,13,3.1999999999999993,3.1999999999999993,GOLD
2026-06-04,Angel Reese,STARTER,30-36,10.6,10,-0.5999999999999996,0.5999999999999996,GOLD
2026-06-06,Angel Reese,STARTER,30-36,10.8,17,6.199999999999999,6.199999999999999,GOLD
2026-06-09,Angel Reese,STARTER,24-30,12,17,5,5,GOLD
2026-06-11,Angel Reese,STARTER,30-36,13.4,9,-4.4,4.4,GOLD
2026-06-14,Angel Reese,STARTER,30-36,13,17,4,4,GOLD
2026-06-18,Angel Reese,STARTER,30-36,13.7,11,-2.6999999999999993,2.6999999999999993,GOLD
2026-06-20,Angel Reese,STARTER,24-30,13.7,8,-5.699999999999999,5.699999999999999,GOLD
2026-06-22,Angel Reese,STARTER,30-36,12.5,9,-3.5,3.5,GOLD
2026-06-24,Angel Reese,STARTER,24-30,11.4,12,0.5999999999999996,0.5999999999999996,GOLD
2026-06-26,Angel Reese,STARTER,24-30,11.8,12,0.1999999999999993,0.1999999999999993,GOLD
2026-06-27,Angel Reese,STARTER,24-30,11.2,9,-2.1999999999999993,2.1999999999999993,GOLD
2026-07-02,Angel Reese,STARTER,24-30,10.9,13,2.0999999999999996,2.0999999999999996,GOLD
2026-07-04,Angel Reese,STARTER,30-36,11.6,13,1.4000000000000004,1.4000000000000004,GOLD
2026-07-09,Angel Reese,STARTER,30-36,12.1,11,-1.0999999999999996,1.0999999999999996,GOLD
2026-07-13,Angel Reese,STARTER,30-36,12,13,1,1,GOLD
2026-07-17,Angel Reese,STARTER,30-36,12.2,12,-0.1999999999999993,0.1999999999999993,GOLD
2026-07-19,Angel Reese,STARTER,30-36,12.5,5,-7.5,7.5,GOLD
2026-07-25,Angel Reese,BENCH,30-36,11.4,5,-6.4,6.4,GOLD
2026-07-29,Angel Reese,STARTER,24-30,10.3,12,1.6999999999999993,1.6999999999999993,GOLD
2026-07-31,Angel Reese,STARTER,24-30,10.4,13,2.5999999999999996,2.5999999999999996,GOLD
2026-08-03,Angel Reese,STARTER,24-30,10.5,16,5.5,5.5,GOLD
2026-08-05,Angel Reese,STARTER,24-30,11.1,10,-1.0999999999999996,1.0999999999999996,GOLD
2026-08-07,Angel Reese,STARTER,24-30,11.7,16,4.300000000000001,4.300000000000001,GOLD
2026-08-10,Angel Reese,STARTER,30-36,13.1,14,0.9000000000000004,0.9000000000000004,GOLD
2026-06-01,Antonia Delaere,BENCH,0-12,0.4,2,1.6,1.6,GOLD
2026-06-04,Antonia Delaere,BENCH,12-18,0.7,0,-0.7,0.7,GOLD
2026-06-06,Antonia Delaere,BENCH,12-18,0.6,3,2.4,2.4,GOLD
2026-06-09,Antonia Delaere,BENCH,12-18,0.9,1,0.09999999999999998,0.09999999999999998,GOLD
2026-06-13,Antonia Delaere,BENCH,12-18,1.1,2,0.8999999999999999,0.8999999999999999,GOLD
2026-06-15,Antonia Delaere,BENCH,12-18,1.3,1,-0.30000000000000004,0.30000000000000004,GOLD
2026-06-17,Antonia Delaere,BENCH,12-18,1.2,0,-1.2,1.2,GOLD
2026-06-19,Antonia Delaere,BENCH,12-18,1.2,0,-1.2,1.2,GOLD
2026-06-21,Antonia Delaere,BENCH,12-18,0.8,0,-0.8,0.8,GOLD
2026-06-24,Antonia Delaere,BENCH,12-18,0.7,0,-0.7,0.7,GOLD
2026-06-28,Antonia Delaere,BENCH,12-18,0.4,0,-0.4,0.4,GOLD
2026-07-03,Antonia Delaere,BENCH,0-12,0.2,2,1.8,1.8,GOLD
2026-07-06,Antonia Delaere,BENCH,0-12,0.5,2,1.5,1.5,GOLD
2026-07-08,Antonia Delaere,BENCH,12-18,0.8,0,-0.8,0.8,GOLD
2026-07-11,Antonia Delaere,BENCH,12-18,0.8,1,0.19999999999999996,0.19999999999999996,GOLD
2026-07-13,Antonia Delaere,BENCH,12-18,0.9,0,-0.9,0.9,GOLD
2026-07-15,Antonia Delaere,BENCH,12-18,0.9,0,-0.9,0.9,GOLD
2026-07-18,Antonia Delaere,BENCH,12-18,0.7,3,2.3,2.3,GOLD
2026-07-20,Antonia Delaere,BENCH,12-18,0.8,1,0.19999999999999996,0.19999999999999996,GOLD
2026-07-22,Antonia Delaere,BENCH,0-12,1,0,-1,1,GOLD
2026-07-28,Antonia Delaere,BENCH,0-12,0.8,1,0.19999999999999996,0.19999999999999996,GOLD
2026-07-30,Antonia Delaere,BENCH,0-12,1,2,1,1,GOLD
2026-08-02,Antonia Delaere,BENCH,0-12,1.3,0,-1.3,1.3,GOLD
2026-08-06,Antonia Delaere,BENCH,0-12,0.8,0,-0.8,0.8,GOLD
2026-08-08,Antonia Delaere,BENCH,0-12,0.7,1,0.30000000000000004,0.30000000000000004,GOLD
2026-08-09,Antonia Delaere,BENCH,0-12,0.8,0,-0.8,0.8,GOLD
2026-06-08,Brianna Turner,BENCH,0-12,1.8,0,-1.8,1.8,GOLD
2026-06-11,Brianna Turner,BENCH,0-12,1.6,0,-1.6,1.6,GOLD
2026-06-13,Brianna Turner,BENCH,0-12,1.4,0,-1.4,1.4,GOLD
2026-06-15,Brianna Turner,BENCH,0-12,0.9,0,-0.9,0.9,GOLD
2026-06-17,Brianna Turner,BENCH,0-12,0.3,3,2.7,2.7,GOLD
2026-06-21,Brianna Turner,BENCH,0-12,0.8,3,2.2,2.2,GOLD
2026-06-25,Brianna Turner,BENCH,0-12,1.3,0,-1.3,1.3,GOLD
2026-06-28,Brianna Turner,BENCH,0-12,1.2,1,-0.19999999999999996,0.19999999999999996,GOLD
2026-06-30,Brianna Turner,BENCH,0-12,1.3,1,-0.30000000000000004,0.30000000000000004,GOLD
2026-07-05,Brianna Turner,BENCH,0-12,1.4,5,3.6,3.6,GOLD
2026-07-09,Brianna Turner,BENCH,0-12,1.8,3,1.2,1.2,GOLD
2026-07-11,Brianna Turner,BENCH,0-12,1.8,6,4.2,4.2,GOLD
2026-07-12,Brianna Turner,BENCH,0-12,2.6,1,-1.6,1.6,GOLD
2026-07-20,Brianna Turner,BENCH,12-18,2.6,2,-0.6000000000000001,0.6000000000000001,GOLD
2026-07-22,Brianna Turner,BENCH,12-18,2.7,2,-0.7000000000000002,0.7000000000000002,GOLD
2026-07-28,Brianna Turner,STARTER,0-12,2.4,4,1.6,1.6,GOLD
2026-07-30,Brianna Turner,BENCH,12-18,2.5,3,0.5,0.5,GOLD
2026-08-01,Brianna Turner,BENCH,12-18,2.3,2,-0.2999999999999998,0.2999999999999998,GOLD
2026-08-03,Brianna Turner,BENCH,12-18,2.4,3,0.6000000000000001,0.6000000000000001,GOLD
2026-08-06,Brianna Turner,BENCH,12-18,2.5,3,0.5,0.5,GOLD
2026-08-08,Brianna Turner,BENCH,12-18,2.6,2,-0.6000000000000001,0.6000000000000001,GOLD
2026-08-09,Brianna Turner,STARTER,12-18,2.4,3,0.6000000000000001,0.6000000000000001,GOLD
2026-08-11,Brianna Turner,BENCH,12-18,2.4,1,-1.4,1.4,GOLD
2026-05-30,Brittney Sykes,STARTER,30-36,3.4,3,-0.3999999999999999,0.3999999999999999,GOLD
2026-06-03,Brittney Sykes,STARTER,30-36,3.6,5,1.4,1.4,GOLD
2026-06-07,Brittney Sykes,STARTER,30-36,3.5,7,3.5,3.5,GOLD
2026-06-10,Brittney Sykes,STARTER,30-36,4.1,4,-0.09999999999999964,0.09999999999999964,GOLD
2026-06-12,Brittney Sykes,STARTER,30-36,4.6,2,-2.5999999999999996,2.5999999999999996,GOLD
2026-06-14,Brittney Sykes,STARTER,30-36,4,2,-2,2,GOLD
2026-06-16,Brittney Sykes,STARTER,30-36,3.9,2,-1.9,1.9,GOLD
2026-06-06,Caitlin Clark,STARTER,24-30,4.4,7,2.5999999999999996,2.5999999999999996,GOLD
2026-06-08,Caitlin Clark,STARTER,24-30,4.6,3,-1.5999999999999996,1.5999999999999996,GOLD
2026-06-11,Caitlin Clark,STARTER,24-30,4.6,7,2.4000000000000004,2.4000000000000004,GOLD
2026-06-13,Caitlin Clark,STARTER,30-36,5.1,3,-2.0999999999999996,2.0999999999999996,GOLD
2026-06-16,Caitlin Clark,STARTER,30-36,5.1,5,-0.09999999999999964,0.09999999999999964,GOLD
2026-06-18,Caitlin Clark,STARTER,30-36,4.9,2,-2.9000000000000004,2.9000000000000004,GOLD
2026-06-20,Caitlin Clark,STARTER,30-36,4.2,3,-1.2000000000000002,1.2000000000000002,GOLD
2026-06-22,Caitlin Clark,STARTER,30-36,4.2,3,-1.2000000000000002,1.2000000000000002,GOLD
2026-06-24,Caitlin Clark,STARTER,30-36,3.6,0,-3.6,3.6,GOLD
2026-07-08,Caitlin Clark,STARTER,24-30,3.1,4,0.8999999999999999,0.8999999999999999,GOLD
2026-07-12,Caitlin Clark,STARTER,24-30,3,7,4,4,GOLD
2026-07-15,Caitlin Clark,STARTER,24-30,3.7,3,-0.7000000000000002,0.7000000000000002,GOLD
2026-07-17,Caitlin Clark,STARTER,24-30,3.7,2,-1.7000000000000002,1.7000000000000002,GOLD
2026-07-18,Caitlin Clark,STARTER,24-30,3.5,2,-1.5,1.5,GOLD
2026-07-22,Caitlin Clark,STARTER,24-30,3.7,2,-1.7000000000000002,1.7000000000000002,GOLD
2026-07-25,Caitlin Clark,STARTER,24-30,3.4,4,0.6000000000000001,0.6000000000000001,GOLD
2026-07-28,Caitlin Clark,STARTER,24-30,3,4,1,1,GOLD
2026-07-31,Caitlin Clark,STARTER,24-30,3.2,10,6.8,6.8,GOLD
2026-08-02,Caitlin Clark,STARTER,24-30,4.3,1,-3.3,3.3,GOLD
2026-08-06,Caitlin Clark,STARTER,24-30,4.1,3,-1.0999999999999996,1.0999999999999996,GOLD
2026-08-08,Caitlin Clark,STARTER,30-36,4.2,4,-0.20000000000000018,0.20000000000000018,GOLD
2026-08-11,Caitlin Clark,STARTER,30-36,4.2,4,-0.20000000000000018,0.20000000000000018,GOLD
2026-06-02,Cameron Brink,BENCH,18-24,4.2,8,3.8,3.8,GOLD
2026-06-05,Cameron Brink,BENCH,18-24,5.2,5,-0.20000000000000018,0.20000000000000018,GOLD
2026-06-07,Cameron Brink,BENCH,18-24,5.2,0,-5.2,5.2,GOLD
2026-06-10,Cameron Brink,BENCH,12-18,4,6,2,2,GOLD
2026-06-13,Cameron Brink,BENCH,12-18,4.5,9,4.5,4.5,GOLD
2026-06-15,Cameron Brink,BENCH,18-24,5.3,2,-3.3,3.3,GOLD
2026-07-15,Cameron Brink,BENCH,12-18,4.5,1,-3.5,3.5,GOLD
2026-07-17,Cameron Brink,BENCH,12-18,3.9,6,2.1,2.1,GOLD
2026-07-19,Cameron Brink,BENCH,12-18,4.7,6,1.2999999999999998,1.2999999999999998,GOLD
2026-07-22,Cameron Brink,BENCH,18-24,4.7,4,-0.7000000000000002,0.7000000000000002,GOLD
2026-07-28,Cameron Brink,BENCH,18-24,4.1,6,1.9000000000000004,1.9000000000000004,GOLD
2026-08-02,Cameron Brink,BENCH,18-24,4.6,5,0.40000000000000036,0.40000000000000036,GOLD
2026-08-05,Cameron Brink,BENCH,18-24,5.1,6,0.9000000000000004,0.9000000000000004,GOLD
2026-08-06,Cameron Brink,BENCH,18-24,5.1,8,2.9000000000000004,2.9000000000000004,GOLD
2026-08-09,Cameron Brink,BENCH,18-24,5.4,7,1.5999999999999996,1.5999999999999996,GOLD
2026-08-11,Cameron Brink,BENCH,18-24,5.8,5,-0.7999999999999998,0.7999999999999998,GOLD
2026-06-05,Chance Gray,BENCH,0-12,1.6,0,-1.6,1.6,GOLD
2026-06-07,Chance Gray,BENCH,0-12,1.4,1,-0.3999999999999999,0.3999999999999999,GOLD
2026-06-10,Chance Gray,BENCH,12-18,1.5,3,1.5,1.5,GOLD
2026-06-13,Chance Gray,BENCH,0-12,1.6,0,-1.6,1.6,GOLD
2026-06-15,Chance Gray,BENCH,0-12,1.3,2,0.7,0.7,GOLD
2026-06-17,Chance Gray,BENCH,0-12,1.3,2,0.7,0.7,GOLD
2026-06-25,Chance Gray,BENCH,0-12,1.5,4,2.5,2.5,GOLD
2026-06-27,Chance Gray,BENCH,0-12,2,0,-2,2,GOLD
2026-07-06,Chance Gray,BENCH,0-12,1.6,3,1.4,1.4,GOLD
2026-07-10,Chance Gray,BENCH,0-12,2,0,-2,2,GOLD
2026-07-13,Chance Gray,BENCH,0-12,1.7,0,-1.7,1.7,GOLD
2026-07-15,Chance Gray,BENCH,0-12,1.4,0,-1.4,1.4,GOLD
2026-07-17,Chance Gray,BENCH,0-12,0.9,0,-0.9,0.9,GOLD
2026-07-19,Chance Gray,BENCH,0-12,0.8,1,0.19999999999999996,0.19999999999999996,GOLD
2026-07-22,Chance Gray,BENCH,0-12,0.6,1,0.4,0.4,GOLD
2026-07-28,Chance Gray,BENCH,0-12,0.7,0,-0.7,0.7,GOLD
2026-08-02,Chance Gray,BENCH,0-12,0.7,0,-0.7,0.7,GOLD
2026-08-05,Chance Gray,BENCH,12-18,0.7,1,0.30000000000000004,0.30000000000000004,GOLD
2026-08-06,Chance Gray,BENCH,0-12,0.8,2,1.2,1.2,GOLD
2026-08-09,Chance Gray,BENCH,0-12,1,2,1,1,GOLD
2026-08-11,Chance Gray,BENCH,0-12,1.1,2,0.8999999999999999,0.8999999999999999,GOLD
2026-06-06,Chelsea Gray,STARTER,30-36,3.2,6,2.8,2.8,GOLD
2026-06-08,Chelsea Gray,STARTER,30-36,3.5,5,1.5,1.5,GOLD
2026-06-11,Chelsea Gray,STARTER,30-36,3.9,5,1.1,1.1,GOLD
2026-06-13,Chelsea Gray,STARTER,30-36,4.2,4,-0.20000000000000018,0.20000000000000018,GOLD
2026-06-15,Chelsea Gray,STARTER,30-36,4.5,4,-0.5,0.5,GOLD
2026-06-17,Chelsea Gray,STARTER,30-36,4.5,4,-0.5,0.5,GOLD
2026-06-21,Chelsea Gray,STARTER,30-36,4.2,2,-2.2,2.2,GOLD
2026-06-23,Chelsea Gray,STARTER,30-36,3.8,5,1.2000000000000002,1.2000000000000002,GOLD
2026-06-25,Chelsea Gray,STARTER,30-36,3.9,1,-2.9,2.9,GOLD
2026-06-28,Chelsea Gray,STARTER,30-36,3.4,6,2.6,2.6,GOLD
2026-06-30,Chelsea Gray,STARTER,30-36,3.7,3,-0.7000000000000002,0.7000000000000002,GOLD
2026-07-03,Chelsea Gray,STARTER,30-36,3.6,4,0.3999999999999999,0.3999999999999999,GOLD
2026-07-05,Chelsea Gray,STARTER,30-36,3.8,4,0.20000000000000018,0.20000000000000018,GOLD
2026-07-09,Chelsea Gray,STARTER,30-36,3.7,1,-2.7,2.7,GOLD
2026-07-11,Chelsea Gray,STARTER,30-36,3.6,1,-2.6,2.6,GOLD
2026-07-12,Chelsea Gray,STARTER,30-36,3,2,-1,1,GOLD
2026-07-20,Chelsea Gray,STARTER,30-36,2.8,4,1.2000000000000002,1.2000000000000002,GOLD
2026-07-22,Chelsea Gray,STARTER,30-36,2.8,1,-1.7999999999999998,1.7999999999999998,GOLD
2026-07-28,Chelsea Gray,STARTER,30-36,2.4,1,-1.4,1.4,GOLD
2026-07-30,Chelsea Gray,STARTER,30-36,2.4,3,0.6000000000000001,0.6000000000000001,GOLD
2026-08-01,Chelsea Gray,STARTER,30-36,2.6,1,-1.6,1.6,GOLD
2026-08-03,Chelsea Gray,STARTER,30-36,2.5,3,0.5,0.5,GOLD
2026-08-06,Chelsea Gray,STARTER,30-36,2.4,2,-0.3999999999999999,0.3999999999999999,GOLD
2026-08-08,Chelsea Gray,STARTER,30-36,2.5,2,-0.5,0.5,GOLD
2026-08-11,Chelsea Gray,STARTER,30-36,2.6,2,-0.6000000000000001,0.6000000000000001,GOLD
2026-06-13,Chennedy Carter,BENCH,12-18,1.4,1,-0.3999999999999999,0.3999999999999999,GOLD
2026-06-28,Chennedy Carter,BENCH,12-18,1.3,1,-0.30000000000000004,0.30000000000000004,GOLD
2026-06-30,Chennedy Carter,BENCH,12-18,1,3,2,2,GOLD
2026-07-03,Chennedy Carter,BENCH,12-18,1.3,0,-1.3,1.3,GOLD
2026-07-05,Chennedy Carter,BENCH,12-18,1.1,2,0.8999999999999999,0.8999999999999999,GOLD
2026-06-13,Cheyenne Parker-Tyus,BENCH,0-12,2,2,0,0,GOLD
2026-06-15,Cheyenne Parker-Tyus,BENCH,0-12,2.1,5,2.9,2.9,GOLD
2026-06-17,Cheyenne Parker-Tyus,BENCH,0-12,2.7,1,-1.7000000000000002,1.7000000000000002,GOLD
2026-06-21,Cheyenne Parker-Tyus,BENCH,0-12,2.2,2,-0.20000000000000018,0.20000000000000018,GOLD
2026-06-23,Cheyenne Parker-Tyus,BENCH,0-12,2.3,6,3.7,3.7,GOLD
2026-06-25,Cheyenne Parker-Tyus,BENCH,0-12,2.9,2,-0.8999999999999999,0.8999999999999999,GOLD
2026-06-28,Cheyenne Parker-Tyus,BENCH,0-12,2.9,1,-1.9,1.9,GOLD
2026-06-30,Cheyenne Parker-Tyus,BENCH,0-12,2.4,8,5.6,5.6,GOLD
2026-07-03,Cheyenne Parker-Tyus,BENCH,0-12,3.4,3,-0.3999999999999999,0.3999999999999999,GOLD
2026-07-05,Cheyenne Parker-Tyus,STARTER,12-18,3.5,0,-3.5,3.5,GOLD
2026-07-09,Cheyenne Parker-Tyus,BENCH,12-18,2.8,0,-2.8,2.8,GOLD
2026-07-11,Cheyenne Parker-Tyus,BENCH,0-12,2.4,7,4.6,4.6,GOLD
2026-07-12,Cheyenne Parker-Tyus,BENCH,12-18,3.3,0,-3.3,3.3,GOLD
2026-07-20,Cheyenne Parker-Tyus,BENCH,0-12,2.2,6,3.8,3.8,GOLD
2026-07-22,Cheyenne Parker-Tyus,BENCH,0-12,2.7,1,-1.7000000000000002,1.7000000000000002,GOLD
2026-06-01,Courtney Williams,STARTER,30-36,5.6,5,-0.5999999999999996,0.5999999999999996,GOLD
2026-06-04,Courtney Williams,STARTER,30-36,5.6,7,1.4000000000000004,1.4000000000000004,GOLD
2026-06-06,Courtney Williams,STARTER,30-36,5.5,5,-0.5,0.5,GOLD
2026-06-09,Courtney Williams,STARTER,30-36,5.1,8,2.9000000000000004,2.9000000000000004,GOLD
2026-06-13,Courtney Williams,STARTER,30-36,5.8,5,-0.7999999999999998,0.7999999999999998,GOLD
2026-06-15,Courtney Williams,STARTER,30-36,5.9,5,-0.9000000000000004,0.9000000000000004,GOLD
2026-06-17,Courtney Williams,STARTER,30-36,5.9,1,-4.9,4.9,GOLD
2026-06-19,Courtney Williams,STARTER,24-30,5,12,7,7,GOLD
2026-06-21,Courtney Williams,STARTER,30-36,6.1,4,-2.0999999999999996,2.0999999999999996,GOLD
2026-06-24,Courtney Williams,STARTER,30-36,5.5,2,-3.5,3.5,GOLD
2026-06-28,Courtney Williams,STARTER,24-30,5.1,5,-0.09999999999999964,0.09999999999999964,GOLD
2026-07-03,Courtney Williams,STARTER,30-36,5.1,5,-0.09999999999999964,0.09999999999999964,GOLD
2026-07-06,Courtney Williams,STARTER,30-36,5.5,9,3.5,3.5,GOLD
2026-07-08,Courtney Williams,STARTER,30-36,5.3,4,-1.2999999999999998,1.2999999999999998,GOLD
2026-07-11,Courtney Williams,STARTER,30-36,5.2,12,6.8,6.8,GOLD
2026-07-13,Courtney Williams,STARTER,30-36,6.5,7,0.5,0.5,GOLD
2026-07-15,Courtney Williams,STARTER,30-36,6.8,2,-4.8,4.8,GOLD
2026-07-18,Courtney Williams,STARTER,30-36,6.4,2,-4.4,4.4,GOLD
2026-07-20,Courtney Williams,STARTER,30-36,5.5,4,-1.5,1.5,GOLD
2026-07-22,Courtney Williams,STARTER,30-36,5.5,5,-0.5,0.5,GOLD
2026-07-25,Courtney Williams,BENCH,30-36,4.6,1,-3.5999999999999996,3.5999999999999996,GOLD
2026-07-28,Courtney Williams,STARTER,24-30,3.8,4,0.20000000000000018,0.20000000000000018,GOLD
2026-07-30,Courtney Williams,STARTER,24-30,4,3,-1,1,GOLD
2026-08-02,Courtney Williams,STARTER,24-30,4.1,4,-0.09999999999999964,0.09999999999999964,GOLD
2026-08-06,Courtney Williams,STARTER,24-30,4,8,4,4,GOLD
2026-08-08,Courtney Williams,STARTER,24-30,4.5,7,2.5,2.5,GOLD
2026-08-09,Courtney Williams,STARTER,30-36,5.2,3,-2.2,2.2,GOLD
2026-06-27,Damiris Dantas,BENCH,0-12,1.2,1,-0.19999999999999996,0.19999999999999996,GOLD
2026-07-08,Damiris Dantas,BENCH,0-12,1.3,4,2.7,2.7,GOLD
2026-07-12,Damiris Dantas,BENCH,0-12,1.8,1,-0.8,0.8,GOLD
2026-07-17,Damiris Dantas,BENCH,0-12,1.8,2,0.19999999999999996,0.19999999999999996,GOLD
2026-06-02,Dearica Hamby,STARTER,30-36,8.9,6,-2.9000000000000004,2.9000000000000004,GOLD
2026-06-05,Dearica Hamby,STARTER,30-36,8.4,5,-3.4000000000000004,3.4000000000000004,GOLD
2026-06-07,Dearica Hamby,STARTER,30-36,7,12,5,5,GOLD
2026-06-10,Dearica Hamby,STARTER,24-30,8,10,2,2,GOLD
2026-06-13,Dearica Hamby,STARTER,24-30,8.5,6,-2.5,2.5,GOLD
2026-06-15,Dearica Hamby,STARTER,24-30,8.3,10,1.6999999999999993,1.6999999999999993,GOLD
2026-06-17,Dearica Hamby,STARTER,24-30,8.8,9,0.1999999999999993,0.1999999999999993,GOLD
2026-06-21,Dearica Hamby,STARTER,24-30,9.4,8,-1.4000000000000004,1.4000000000000004,GOLD
2026-06-25,Dearica Hamby,STARTER,24-30,8.9,9,0.09999999999999964,0.09999999999999964,GOLD
2026-06-27,Dearica Hamby,STARTER,24-30,8.8,4,-4.800000000000001,4.800000000000001,GOLD
2026-07-06,Dearica Hamby,STARTER,24-30,8.4,4,-4.4,4.4,GOLD
2026-07-08,Dearica Hamby,STARTER,24-30,7.5,9,1.5,1.5,GOLD
2026-07-10,Dearica Hamby,STARTER,24-30,7.6,7,-0.5999999999999996,0.5999999999999996,GOLD
2026-07-13,Dearica Hamby,STARTER,24-30,7.4,5,-2.4000000000000004,2.4000000000000004,GOLD
2026-07-15,Dearica Hamby,STARTER,30-36,6.9,8,1.0999999999999996,1.0999999999999996,GOLD
2026-07-17,Dearica Hamby,STARTER,30-36,7.4,6,-1.4000000000000004,1.4000000000000004,GOLD
2026-07-19,Dearica Hamby,STARTER,30-36,7.6,5,-2.5999999999999996,2.5999999999999996,GOLD
2026-07-22,Dearica Hamby,STARTER,24-30,7,10,3,3,GOLD
2026-07-28,Dearica Hamby,STARTER,24-30,7.4,2,-5.4,5.4,GOLD
2026-08-02,Dearica Hamby,STARTER,24-30,7,10,3,3,GOLD
2026-08-05,Dearica Hamby,STARTER,24-30,7.2,14,6.8,6.8,GOLD
2026-08-06,Dearica Hamby,STARTER,30-36,8.3,9,0.6999999999999993,0.6999999999999993,GOLD
2026-08-09,Dearica Hamby,STARTER,30-36,8.9,3,-5.9,5.9,GOLD
2026-08-11,Dearica Hamby,STARTER,24-30,7.9,4,-3.9000000000000004,3.9000000000000004,GOLD
2026-07-08,Eliska Joklova,BENCH,0-12,1.6,2,0.3999999999999999,0.3999999999999999,GOLD
2026-07-11,Eliska Joklova,BENCH,0-12,1.9,0,-1.9,1.9,GOLD
2026-07-13,Eliska Joklova,BENCH,0-12,1.1,1,-0.10000000000000009,0.10000000000000009,GOLD
2026-07-15,Eliska Joklova,BENCH,0-12,1.2,0,-1.2,1.2,GOLD
2026-07-18,Eliska Joklova,BENCH,0-12,1.1,1,-0.10000000000000009,0.10000000000000009,GOLD
2026-07-22,Eliska Joklova,BENCH,0-12,1,0,-1,1,GOLD
2026-07-28,Eliska Joklova,BENCH,0-12,0.6,0,-0.6,0.6,GOLD
2026-07-30,Eliska Joklova,BENCH,0-12,0.6,5,4.4,4.4,GOLD
2026-08-06,Eliska Joklova,BENCH,0-12,1.2,1,-0.19999999999999996,0.19999999999999996,GOLD
2026-08-09,Eliska Joklova,BENCH,0-12,1.4,1,-0.3999999999999999,0.3999999999999999,GOLD
2026-06-02,Elizabeth Williams,BENCH,18-24,5.6,6,0.40000000000000036,0.40000000000000036,GOLD
2026-06-05,Elizabeth Williams,BENCH,18-24,5.4,3,-2.4000000000000004,2.4000000000000004,GOLD
2026-06-07,Elizabeth Williams,BENCH,18-24,5.3,3,-2.3,2.3,GOLD
2026-06-09,Elizabeth Williams,BENCH,18-24,5.1,3,-2.0999999999999996,2.0999999999999996,GOLD
2026-06-11,Elizabeth Williams,BENCH,18-24,4.3,3,-1.2999999999999998,1.2999999999999998,GOLD
2026-06-17,Elizabeth Williams,BENCH,18-24,4,3,-1,1,GOLD
2026-06-20,Elizabeth Williams,BENCH,18-24,3.6,4,0.3999999999999999,0.3999999999999999,GOLD
2026-06-22,Elizabeth Williams,BENCH,18-24,3.7,3,-0.7000000000000002,0.7000000000000002,GOLD
2026-06-24,Elizabeth Williams,BENCH,12-18,3.6,2,-1.6,1.6,GOLD
2026-06-26,Elizabeth Williams,BENCH,12-18,3.4,5,1.6,1.6,GOLD
2026-06-28,Elizabeth Williams,BENCH,12-18,3.7,3,-0.7000000000000002,0.7000000000000002,GOLD
2026-07-03,Elizabeth Williams,BENCH,12-18,3.7,4,0.2999999999999998,0.2999999999999998,GOLD
2026-07-07,Elizabeth Williams,BENCH,12-18,3.7,2,-1.7000000000000002,1.7000000000000002,GOLD
2026-07-10,Elizabeth Williams,BENCH,12-18,3.5,5,1.5,1.5,GOLD
2026-07-12,Elizabeth Williams,BENCH,12-18,3.9,2,-1.9,1.9,GOLD
2026-07-15,Elizabeth Williams,STARTER,12-18,3.5,7,3.5,3.5,GOLD
2026-07-17,Elizabeth Williams,BENCH,12-18,4,1,-3,3,GOLD
2026-07-19,Elizabeth Williams,BENCH,12-18,3.6,2,-1.6,1.6,GOLD
2026-07-22,Elizabeth Williams,BENCH,12-18,3.6,3,-0.6000000000000001,0.6000000000000001,GOLD
2026-07-30,Elizabeth Williams,BENCH,12-18,3.3,4,0.7000000000000002,0.7000000000000002,GOLD
2026-08-01,Elizabeth Williams,BENCH,18-24,3.6,3,-0.6000000000000001,0.6000000000000001,GOLD
2026-08-03,Elizabeth Williams,BENCH,12-18,3.1,6,2.9,2.9,GOLD
2026-08-05,Elizabeth Williams,BENCH,12-18,3.7,2,-1.7000000000000002,1.7000000000000002,GOLD
2026-08-08,Elizabeth Williams,BENCH,18-24,3.7,4,0.2999999999999998,0.2999999999999998,GOLD
2026-08-10,Elizabeth Williams,BENCH,18-24,3.8,1,-2.8,2.8,GOLD
2026-06-02,Erica Wheeler,STARTER,30-36,3,0,-3,3,GOLD
2026-06-05,Erica Wheeler,STARTER,30-36,2.5,1,-1.5,1.5,GOLD
2026-06-07,Erica Wheeler,STARTER,30-36,2.4,1,-1.4,1.4,GOLD
2026-06-10,Erica Wheeler,STARTER,30-36,1.6,1,-0.6000000000000001,0.6000000000000001,GOLD
2026-06-13,Erica Wheeler,STARTER,24-30,1.5,0,-1.5,1.5,GOLD
2026-06-15,Erica Wheeler,STARTER,24-30,1,4,3,3,GOLD
2026-06-17,Erica Wheeler,STARTER,24-30,1.6,1,-0.6000000000000001,0.6000000000000001,GOLD
2026-06-21,Erica Wheeler,STARTER,24-30,1.5,2,0.5,0.5,GOLD
2026-06-25,Erica Wheeler,STARTER,24-30,1.7,1,-0.7,0.7,GOLD
2026-06-27,Erica Wheeler,STARTER,24-30,1.6,0,-1.6,1.6,GOLD
2026-07-06,Erica Wheeler,STARTER,24-30,1.6,1,-0.6000000000000001,0.6000000000000001,GOLD
2026-07-08,Erica Wheeler,STARTER,24-30,1.2,4,2.8,2.8,GOLD
2026-07-10,Erica Wheeler,STARTER,24-30,1.6,2,0.3999999999999999,0.3999999999999999,GOLD
2026-07-13,Erica Wheeler,STARTER,24-30,1.6,3,1.4,1.4,GOLD
2026-07-15,Erica Wheeler,STARTER,24-30,1.9,2,0.10000000000000009,0.10000000000000009,GOLD
2026-07-17,Erica Wheeler,STARTER,24-30,2.1,4,1.9,1.9,GOLD
2026-07-19,Erica Wheeler,STARTER,24-30,2.5,3,0.5,0.5,GOLD
2026-07-22,Erica Wheeler,STARTER,30-36,2.4,2,-0.3999999999999999,0.3999999999999999,GOLD
2026-07-28,Erica Wheeler,STARTER,30-36,2.4,1,-1.4,1.4,GOLD
2026-08-02,Erica Wheeler,STARTER,24-30,2.1,0,-2.1,2.1,GOLD
2026-08-05,Erica Wheeler,STARTER,24-30,1.9,2,0.10000000000000009,0.10000000000000009,GOLD
2026-08-06,Erica Wheeler,STARTER,24-30,1.7,4,2.3,2.3,GOLD
2026-08-09,Erica Wheeler,STARTER,24-30,1.8,2,0.19999999999999996,0.19999999999999996,GOLD
2026-08-11,Erica Wheeler,STARTER,24-30,1.8,3,1.2,1.2,GOLD
2026-05-30,Flau'jae Johnson,STARTER,24-30,4.8,3,-1.7999999999999998,1.7999999999999998,GOLD
2026-06-01,Flau'jae Johnson,STARTER,24-30,4.3,10,5.7,5.7,GOLD
2026-06-03,Flau'jae Johnson,STARTER,24-30,5.5,4,-1.5,1.5,GOLD
2026-06-06,Flau'jae Johnson,STARTER,24-30,5.1,6,0.9000000000000004,0.9000000000000004,GOLD
2026-06-08,Flau'jae Johnson,STARTER,24-30,5.1,2,-3.0999999999999996,3.0999999999999996,GOLD
2026-06-10,Flau'jae Johnson,STARTER,24-30,5,12,7,7,GOLD
2026-06-12,Flau'jae Johnson,STARTER,24-30,6.3,5,-1.2999999999999998,1.2999999999999998,GOLD
2026-06-17,Flau'jae Johnson,STARTER,24-30,5.7,2,-3.7,3.7,GOLD
2026-06-20,Flau'jae Johnson,STARTER,24-30,5.3,2,-3.3,3.3,GOLD
2026-06-22,Flau'jae Johnson,STARTER,24-30,4.8,5,0.20000000000000018,0.20000000000000018,GOLD
2026-06-25,Flau'jae Johnson,STARTER,24-30,5.1,9,3.9000000000000004,3.9000000000000004,GOLD
2026-06-27,Flau'jae Johnson,STARTER,30-36,4.9,11,6.1,6.1,GOLD
2026-07-02,Flau'jae Johnson,STARTER,30-36,5.7,3,-2.7,2.7,GOLD
2026-07-04,Flau'jae Johnson,STARTER,30-36,5.8,8,2.2,2.2,GOLD
2026-07-06,Flau'jae Johnson,STARTER,30-36,6.5,5,-1.5,1.5,GOLD
2026-07-09,Flau'jae Johnson,STARTER,24-30,6.5,2,-4.5,4.5,GOLD
2026-07-12,Flau'jae Johnson,STARTER,24-30,5.6,7,1.4000000000000004,1.4000000000000004,GOLD
2026-07-15,Flau'jae Johnson,STARTER,24-30,5.2,6,0.7999999999999998,0.7999999999999998,GOLD
2026-07-17,Flau'jae Johnson,STARTER,24-30,5.6,6,0.40000000000000036,0.40000000000000036,GOLD
2026-07-20,Flau'jae Johnson,STARTER,24-30,5.3,1,-4.3,4.3,GOLD
2026-07-22,Flau'jae Johnson,STARTER,24-30,4.8,6,1.2000000000000002,1.2000000000000002,GOLD
2026-07-28,Flau'jae Johnson,STARTER,24-30,5.3,3,-2.3,2.3,GOLD
2026-07-31,Flau'jae Johnson,STARTER,24-30,4.8,0,-4.8,4.8,GOLD
2026-08-03,Flau'jae Johnson,STARTER,24-30,3.9,3,-0.8999999999999999,0.8999999999999999,GOLD
2026-08-05,Flau'jae Johnson,STARTER,24-30,3.5,4,0.5,0.5,GOLD
2026-08-08,Flau'jae Johnson,STARTER,24-30,3.9,4,0.10000000000000009,0.10000000000000009,GOLD
2026-06-11,Gabriela Jaquez,STARTER,24-30,4.8,2,-2.8,2.8,GOLD
2026-06-17,Gabriela Jaquez,STARTER,18-24,3.9,3,-0.8999999999999999,0.8999999999999999,GOLD
2026-06-20,Gabriela Jaquez,STARTER,18-24,3.6,7,3.4,3.4,GOLD
2026-06-22,Gabriela Jaquez,STARTER,18-24,4.1,4,-0.09999999999999964,0.09999999999999964,GOLD
2026-06-24,Gabriela Jaquez,STARTER,18-24,4.2,5,0.7999999999999998,0.7999999999999998,GOLD
2026-06-26,Gabriela Jaquez,STARTER,24-30,4.3,1,-3.3,3.3,GOLD
2026-06-28,Gabriela Jaquez,STARTER,24-30,4.1,3,-1.0999999999999996,1.0999999999999996,GOLD
2026-07-03,Gabriela Jaquez,STARTER,18-24,4,2,-2,2,GOLD
2026-07-07,Gabriela Jaquez,BENCH,18-24,3.4,1,-2.4,2.4,GOLD
2026-07-10,Gabriela Jaquez,BENCH,18-24,2.9,5,2.1,2.1,GOLD
2026-07-12,Gabriela Jaquez,BENCH,18-24,2.9,2,-0.8999999999999999,0.8999999999999999,GOLD
2026-07-15,Gabriela Jaquez,BENCH,18-24,3,2,-1,1,GOLD
2026-07-17,Gabriela Jaquez,BENCH,18-24,2.9,4,1.1,1.1,GOLD
2026-07-19,Gabriela Jaquez,BENCH,18-24,3.1,3,-0.10000000000000009,0.10000000000000009,GOLD
2026-07-22,Gabriela Jaquez,BENCH,18-24,3.4,3,-0.3999999999999999,0.3999999999999999,GOLD
2026-07-30,Gabriela Jaquez,BENCH,18-24,3.1,2,-1.1,1.1,GOLD
2026-08-01,Gabriela Jaquez,BENCH,12-18,3.1,0,-3.1,3.1,GOLD
2026-08-03,Gabriela Jaquez,BENCH,12-18,2.8,1,-1.7999999999999998,1.7999999999999998,GOLD
2026-08-05,Gabriela Jaquez,BENCH,12-18,2.3,1,-1.2999999999999998,1.2999999999999998,GOLD
2026-08-08,Gabriela Jaquez,BENCH,12-18,2,2,0,0,GOLD
2026-08-10,Gabriela Jaquez,BENCH,12-18,1.9,0,-1.9,1.9,GOLD
2026-06-27,Grace VanSlooten,BENCH,0-12,0.4,1,0.6,0.6,GOLD
2026-07-05,Grace VanSlooten,BENCH,0-12,0.3,0,-0.3,0.3,GOLD
2026-07-08,Grace VanSlooten,BENCH,0-12,0.3,2,1.7,1.7,GOLD
2026-07-12,Grace VanSlooten,BENCH,0-12,0.7,0,-0.7,0.7,GOLD
2026-07-15,Grace VanSlooten,BENCH,0-12,0.6,0,-0.6,0.6,GOLD
2026-07-22,Grace VanSlooten,BENCH,0-12,0.6,1,0.4,0.4,GOLD
2026-06-02,Indya Nivar,BENCH,0-12,2.4,0,-2.4,2.4,GOLD
2026-06-04,Indya Nivar,BENCH,0-12,1.5,0,-1.5,1.5,GOLD
2026-06-06,Indya Nivar,BENCH,0-12,1.3,2,0.7,0.7,GOLD
2026-06-11,Indya Nivar,BENCH,0-12,1.4,0,-1.4,1.4,GOLD
2026-06-14,Indya Nivar,BENCH,0-12,0.9,0,-0.9,0.9,GOLD
2026-06-20,Indya Nivar,BENCH,0-12,0.7,0,-0.7,0.7,GOLD
2026-06-22,Indya Nivar,BENCH,0-12,0.7,0,-0.7,0.7,GOLD
2026-06-24,Indya Nivar,BENCH,0-12,0.7,1,0.30000000000000004,0.30000000000000004,GOLD
2026-06-27,Indya Nivar,BENCH,0-12,0.5,0,-0.5,0.5,GOLD
2026-07-02,Indya Nivar,BENCH,0-12,0.5,0,-0.5,0.5,GOLD
2026-07-04,Indya Nivar,BENCH,0-12,0.5,1,0.5,0.5,GOLD
2026-07-11,Indya Nivar,BENCH,0-12,0.6,0,-0.6,0.6,GOLD
2026-06-02,Isobel Borlase,BENCH,0-12,1.4,0,-1.4,1.4,GOLD
2026-06-04,Isobel Borlase,BENCH,0-12,1.2,1,-0.19999999999999996,0.19999999999999996,GOLD
2026-06-06,Isobel Borlase,BENCH,0-12,1.2,2,0.8,0.8,GOLD
2026-06-09,Isobel Borlase,BENCH,0-12,1,1,0,0,GOLD
2026-06-11,Isobel Borlase,BENCH,0-12,1,2,1,1,GOLD
2026-06-14,Isobel Borlase,BENCH,12-18,1.2,3,1.8,1.8,GOLD
2026-06-18,Isobel Borlase,BENCH,12-18,1.7,2,0.30000000000000004,0.30000000000000004,GOLD
2026-06-20,Isobel Borlase,BENCH,12-18,1.8,3,1.2,1.2,GOLD
2026-06-22,Isobel Borlase,BENCH,12-18,2,2,0,0,GOLD
2026-06-24,Isobel Borlase,BENCH,12-18,2.1,1,-1.1,1.1,GOLD
2026-06-26,Isobel Borlase,BENCH,12-18,2,0,-2,2,GOLD
2026-06-27,Isobel Borlase,BENCH,12-18,1.6,2,0.3999999999999999,0.3999999999999999,GOLD
2026-07-02,Isobel Borlase,BENCH,12-18,1.6,0,-1.6,1.6,GOLD
2026-07-04,Isobel Borlase,STARTER,12-18,1.2,3,1.8,1.8,GOLD
2026-07-09,Isobel Borlase,BENCH,12-18,1.3,2,0.7,0.7,GOLD
2026-07-11,Isobel Borlase,BENCH,12-18,1.5,1,-0.5,0.5,GOLD
2026-07-13,Isobel Borlase,BENCH,12-18,1.6,1,-0.6000000000000001,0.6000000000000001,GOLD
2026-07-17,Isobel Borlase,BENCH,12-18,1.4,1,-0.3999999999999999,0.3999999999999999,GOLD
2026-07-19,Isobel Borlase,BENCH,12-18,1.6,2,0.3999999999999999,0.3999999999999999,GOLD
2026-07-29,Isobel Borlase,BENCH,12-18,1.4,2,0.6000000000000001,0.6000000000000001,GOLD
2026-07-31,Isobel Borlase,BENCH,12-18,1.5,2,0.5,0.5,GOLD
2026-08-03,Isobel Borlase,BENCH,12-18,1.6,1,-0.6000000000000001,0.6000000000000001,GOLD
2026-08-05,Isobel Borlase,BENCH,12-18,1.6,3,1.4,1.4,GOLD
2026-08-07,Isobel Borlase,BENCH,12-18,1.8,1,-0.8,0.8,GOLD
2026-08-10,Isobel Borlase,BENCH,12-18,1.7,3,1.3,1.3,GOLD
2026-06-06,Jackie Young,STARTER,30-36,4.8,5,0.20000000000000018,0.20000000000000018,GOLD
2026-06-08,Jackie Young,STARTER,30-36,4.6,3,-1.5999999999999996,1.5999999999999996,GOLD
2026-06-11,Jackie Young,STARTER,30-36,4.5,8,3.5,3.5,GOLD
2026-06-13,Jackie Young,STARTER,30-36,5.2,5,-0.20000000000000018,0.20000000000000018,GOLD
2026-06-15,Jackie Young,STARTER,30-36,5,4,-1,1,GOLD
2026-06-17,Jackie Young,STARTER,30-36,5,1,-4,4,GOLD
2026-06-21,Jackie Young,STARTER,30-36,4.3,3,-1.2999999999999998,1.2999999999999998,GOLD
2026-06-23,Jackie Young,STARTER,30-36,4.3,4,-0.2999999999999998,0.2999999999999998,GOLD
2026-06-25,Jackie Young,STARTER,30-36,3.8,8,4.2,4.2,GOLD
2026-06-28,Jackie Young,STARTER,30-36,4.3,5,0.7000000000000002,0.7000000000000002,GOLD
2026-06-30,Jackie Young,STARTER,30-36,4.4,2,-2.4000000000000004,2.4000000000000004,GOLD
2026-07-03,Jackie Young,STARTER,30-36,4.4,6,1.5999999999999996,1.5999999999999996,GOLD
2026-07-05,Jackie Young,STARTER,30-36,4.8,2,-2.8,2.8,GOLD
2026-07-09,Jackie Young,STARTER,30-36,4.5,4,-0.5,0.5,GOLD
2026-07-11,Jackie Young,STARTER,30-36,4.1,2,-2.0999999999999996,2.0999999999999996,GOLD
2026-07-12,Jackie Young,STARTER,30-36,3.6,1,-2.6,2.6,GOLD
2026-07-20,Jackie Young,STARTER,30-36,3.4,4,0.6000000000000001,0.6000000000000001,GOLD
2026-07-22,Jackie Young,STARTER,30-36,3.2,7,3.8,3.8,GOLD
2026-07-25,Jackie Young,BENCH,30-36,3.9,0,-3.9,3.9,GOLD
2026-07-28,Jackie Young,STARTER,24-30,3.3,2,-1.2999999999999998,1.2999999999999998,GOLD
2026-07-30,Jackie Young,STARTER,24-30,3.2,2,-1.2000000000000002,1.2000000000000002,GOLD
2026-08-01,Jackie Young,STARTER,24-30,3.4,11,7.6,7.6,GOLD
2026-08-03,Jackie Young,STARTER,24-30,4.3,11,6.7,6.7,GOLD
2026-08-06,Jackie Young,STARTER,24-30,4.9,4,-0.9000000000000004,0.9000000000000004,GOLD
2026-08-08,Jackie Young,STARTER,30-36,5.4,5,-0.40000000000000036,0.40000000000000036,GOLD
2026-08-11,Jackie Young,STARTER,30-36,5.7,2,-3.7,3.7,GOLD
2026-06-02,Jacy Sheldon,STARTER,18-24,0.6,0,-0.6,0.6,GOLD
2026-06-05,Jacy Sheldon,STARTER,18-24,0.4,1,0.6,0.6,GOLD
2026-06-07,Jacy Sheldon,STARTER,18-24,0.6,3,2.4,2.4,GOLD
2026-06-09,Jacy Sheldon,STARTER,18-24,0.9,0,-0.9,0.9,GOLD
2026-06-11,Jacy Sheldon,STARTER,24-30,0.9,1,0.09999999999999998,0.09999999999999998,GOLD
2026-06-17,Jacy Sheldon,BENCH,24-30,0.9,2,1.1,1.1,GOLD
2026-06-20,Jacy Sheldon,BENCH,18-24,1.2,2,0.8,0.8,GOLD
2026-06-22,Jacy Sheldon,BENCH,18-24,1.4,0,-1.4,1.4,GOLD
2026-06-24,Jacy Sheldon,BENCH,18-24,1,1,0,0,GOLD
2026-06-26,Jacy Sheldon,BENCH,18-24,1.1,2,0.8999999999999999,0.8999999999999999,GOLD
2026-06-28,Jacy Sheldon,BENCH,18-24,1.3,1,-0.30000000000000004,0.30000000000000004,GOLD
2026-07-03,Jacy Sheldon,BENCH,18-24,1.1,2,0.8999999999999999,0.8999999999999999,GOLD
2026-07-07,Jacy Sheldon,BENCH,18-24,1.2,1,-0.19999999999999996,0.19999999999999996,GOLD
2026-07-10,Jacy Sheldon,BENCH,18-24,1.3,0,-1.3,1.3,GOLD
2026-07-12,Jacy Sheldon,BENCH,18-24,1.1,0,-1.1,1.1,GOLD
2026-07-15,Jacy Sheldon,BENCH,12-18,0.9,1,0.09999999999999998,0.09999999999999998,GOLD
2026-07-17,Jacy Sheldon,BENCH,18-24,0.9,3,2.1,2.1,GOLD
2026-07-19,Jacy Sheldon,BENCH,18-24,1,2,1,1,GOLD
2026-07-22,Jacy Sheldon,BENCH,18-24,1.2,1,-0.19999999999999996,0.19999999999999996,GOLD
2026-07-30,Jacy Sheldon,BENCH,18-24,1.3,2,0.7,0.7,GOLD
2026-08-01,Jacy Sheldon,BENCH,18-24,1.5,0,-1.5,1.5,GOLD
2026-08-03,Jacy Sheldon,BENCH,18-24,1.4,1,-0.3999999999999999,0.3999999999999999,GOLD
2026-08-05,Jacy Sheldon,STARTER,18-24,1.2,0,-1.2,1.2,GOLD
2026-08-08,Jacy Sheldon,STARTER,18-24,0.9,1,0.09999999999999998,0.09999999999999998,GOLD
2026-08-10,Jacy Sheldon,STARTER,18-24,0.9,1,0.09999999999999998,0.09999999999999998,GOLD
2026-05-30,Jade Melbourne,STARTER,24-30,2.1,3,0.8999999999999999,0.8999999999999999,GOLD
2026-06-01,Jade Melbourne,STARTER,24-30,2.4,3,0.6000000000000001,0.6000000000000001,GOLD
2026-06-03,Jade Melbourne,BENCH,24-30,2.6,4,1.4,1.4,GOLD
2026-06-06,Jade Melbourne,BENCH,18-24,2.7,4,1.2999999999999998,1.2999999999999998,GOLD
2026-06-08,Jade Melbourne,BENCH,18-24,3,0,-3,3,GOLD
2026-06-10,Jade Melbourne,BENCH,18-24,2.6,1,-1.6,1.6,GOLD
2026-06-12,Jade Melbourne,BENCH,18-24,2.4,0,-2.4,2.4,GOLD
2026-06-17,Jade Melbourne,STARTER,18-24,1.9,2,0.10000000000000009,0.10000000000000009,GOLD
2026-06-20,Jade Melbourne,STARTER,18-24,1.6,1,-0.6000000000000001,0.6000000000000001,GOLD
2026-06-25,Jade Melbourne,STARTER,18-24,1.2,2,0.8,0.8,GOLD
2026-06-27,Jade Melbourne,STARTER,18-24,1.5,4,2.5,2.5,GOLD
2026-07-02,Jade Melbourne,STARTER,24-30,1.9,4,2.1,2.1,GOLD
2026-07-04,Jade Melbourne,STARTER,24-30,2.4,1,-1.4,1.4,GOLD
2026-07-06,Jade Melbourne,STARTER,18-24,2.2,2,-0.20000000000000018,0.20000000000000018,GOLD
2026-07-09,Jade Melbourne,STARTER,24-30,2.3,2,-0.2999999999999998,0.2999999999999998,GOLD
2026-07-12,Jade Melbourne,STARTER,24-30,2.3,1,-1.2999999999999998,1.2999999999999998,GOLD
2026-07-15,Jade Melbourne,STARTER,24-30,2,3,1,1,GOLD
2026-07-17,Jade Melbourne,STARTER,24-30,1.9,1,-0.8999999999999999,0.8999999999999999,GOLD
2026-07-20,Jade Melbourne,STARTER,24-30,1.9,1,-0.8999999999999999,0.8999999999999999,GOLD
2026-07-22,Jade Melbourne,STARTER,24-30,1.7,2,0.30000000000000004,0.30000000000000004,GOLD
2026-07-28,Jade Melbourne,STARTER,24-30,1.7,3,1.3,1.3,GOLD
2026-07-31,Jade Melbourne,STARTER,24-30,2,1,-1,1,GOLD
2026-08-03,Jade Melbourne,STARTER,24-30,1.7,1,-0.7,0.7,GOLD
2026-08-05,Jade Melbourne,STARTER,24-30,1.7,1,-0.7,0.7,GOLD
2026-08-08,Jade Melbourne,STARTER,24-30,1.7,2,0.30000000000000004,0.30000000000000004,GOLD
2026-08-10,Jade Melbourne,STARTER,24-30,1.7,3,1.3,1.3,GOLD
2026-06-11,Jewell Loyd,BENCH,24-30,2.7,2,-0.7000000000000002,0.7000000000000002,GOLD
2026-06-13,Jewell Loyd,BENCH,24-30,2.3,2,-0.2999999999999998,0.2999999999999998,GOLD
2026-06-15,Jewell Loyd,BENCH,24-30,2.5,2,-0.5,0.5,GOLD
2026-06-17,Jewell Loyd,BENCH,24-30,2.5,3,0.5,0.5,GOLD
2026-06-21,Jewell Loyd,BENCH,24-30,2.2,3,0.7999999999999998,0.7999999999999998,GOLD
2026-06-23,Jewell Loyd,BENCH,24-30,2.4,1,-1.4,1.4,GOLD
2026-06-25,Jewell Loyd,BENCH,24-30,2.2,2,-0.20000000000000018,0.20000000000000018,GOLD
2026-06-28,Jewell Loyd,BENCH,24-30,2.2,1,-1.2000000000000002,1.2000000000000002,GOLD
2026-06-30,Jewell Loyd,STARTER,24-30,2,3,1,1,GOLD
2026-07-03,Jewell Loyd,STARTER,24-30,2.1,5,2.9,2.9,GOLD
2026-07-05,Jewell Loyd,STARTER,30-36,2.4,3,0.6000000000000001,0.6000000000000001,GOLD
2026-07-09,Jewell Loyd,BENCH,30-36,2.6,1,-1.6,1.6,GOLD
2026-07-11,Jewell Loyd,BENCH,30-36,2.5,1,-1.5,1.5,GOLD
2026-07-12,Jewell Loyd,BENCH,30-36,2.4,2,-0.3999999999999999,0.3999999999999999,GOLD
2026-07-20,Jewell Loyd,BENCH,30-36,2.3,1,-1.2999999999999998,1.2999999999999998,GOLD
2026-07-22,Jewell Loyd,BENCH,24-30,1.8,2,0.19999999999999996,0.19999999999999996,GOLD
2026-07-28,Jewell Loyd,BENCH,24-30,1.7,5,3.3,3.3,GOLD
2026-07-30,Jewell Loyd,BENCH,24-30,2.2,2,-0.20000000000000018,0.20000000000000018,GOLD
2026-08-01,Jewell Loyd,BENCH,24-30,2.3,2,-0.2999999999999998,0.2999999999999998,GOLD
2026-08-03,Jewell Loyd,BENCH,24-30,2.3,1,-1.2999999999999998,1.2999999999999998,GOLD
2026-08-06,Jewell Loyd,BENCH,24-30,2.3,5,2.7,2.7,GOLD
2026-08-08,Jewell Loyd,BENCH,24-30,2.7,3,0.2999999999999998,0.2999999999999998,GOLD
2026-08-09,Jewell Loyd,STARTER,24-30,2.4,0,-2.4,2.4,GOLD
2026-08-11,Jewell Loyd,BENCH,24-30,2.2,0,-2.2,2.2,GOLD
2026-06-10,Jihyun Park,BENCH,0-12,0.6,0,-0.6,0.6,GOLD
2026-06-13,Jihyun Park,BENCH,0-12,0.4,1,0.6,0.6,GOLD
2026-06-15,Jihyun Park,BENCH,0-12,0.5,1,0.5,0.5,GOLD
2026-06-17,Jihyun Park,BENCH,0-12,0.5,0,-0.5,0.5,GOLD
2026-06-21,Jihyun Park,BENCH,0-12,0.5,1,0.5,0.5,GOLD
2026-06-25,Jihyun Park,BENCH,0-12,0.6,2,1.4,1.4,GOLD
2026-06-27,Jihyun Park,BENCH,0-12,0.9,4,3.1,3.1,GOLD
2026-07-06,Jihyun Park,BENCH,12-18,1.3,1,-0.30000000000000004,0.30000000000000004,GOLD
2026-07-08,Jihyun Park,BENCH,12-18,1.4,4,2.6,2.6,GOLD
2026-07-10,Jihyun Park,BENCH,0-12,1.9,1,-0.8999999999999999,0.8999999999999999,GOLD
2026-07-13,Jihyun Park,BENCH,12-18,1.9,3,1.1,1.1,GOLD
2026-07-15,Jihyun Park,BENCH,0-12,2,2,0,0,GOLD
2026-07-17,Jihyun Park,BENCH,0-12,1.9,1,-0.8999999999999999,0.8999999999999999,GOLD
2026-07-19,Jihyun Park,BENCH,0-12,1.9,1,-0.8999999999999999,0.8999999999999999,GOLD
2026-07-22,Jihyun Park,BENCH,0-12,1.5,0,-1.5,1.5,GOLD
2026-07-28,Jihyun Park,BENCH,0-12,1.3,0,-1.3,1.3,GOLD
2026-08-02,Jihyun Park,BENCH,0-12,0.9,2,1.1,1.1,GOLD
2026-08-05,Jihyun Park,BENCH,0-12,1,1,0,0,GOLD
2026-08-06,Jihyun Park,BENCH,0-12,1,0,-1,1,GOLD
2026-08-09,Jihyun Park,BENCH,0-12,0.8,0,-0.8,0.8,GOLD
2026-08-11,Jihyun Park,BENCH,0-12,0.8,1,0.19999999999999996,0.19999999999999996,GOLD
2026-05-30,Jordan Horston,STARTER,18-24,3.4,4,0.6000000000000001,0.6000000000000001,GOLD
2026-06-01,Jordan Horston,STARTER,18-24,3.7,6,2.3,2.3,GOLD
2026-06-03,Jordan Horston,STARTER,18-24,4.2,5,0.7999999999999998,0.7999999999999998,GOLD
2026-06-06,Jordan Horston,STARTER,18-24,4.3,3,-1.2999999999999998,1.2999999999999998,GOLD
2026-06-08,Jordan Horston,STARTER,18-24,4.3,7,2.7,2.7,GOLD
2026-06-10,Jordan Horston,STARTER,18-24,4.7,4,-0.7000000000000002,0.7000000000000002,GOLD
2026-06-12,Jordan Horston,STARTER,18-24,4.7,5,0.2999999999999998,0.2999999999999998,GOLD
2026-07-02,Jordan Horston,BENCH,18-24,4.6,2,-2.5999999999999996,2.5999999999999996,GOLD
2026-07-04,Jordan Horston,BENCH,18-24,4.1,2,-2.0999999999999996,2.0999999999999996,GOLD
2026-07-06,Jordan Horston,BENCH,18-24,4,2,-2,2,GOLD
2026-07-09,Jordan Horston,BENCH,18-24,3.3,3,-0.2999999999999998,0.2999999999999998,GOLD
2026-07-12,Jordan Horston,BENCH,12-18,3.2,3,-0.20000000000000018,0.20000000000000018,GOLD
2026-07-15,Jordan Horston,BENCH,12-18,2.9,4,1.1,1.1,GOLD
2026-07-17,Jordan Horston,BENCH,12-18,3.2,2,-1.2000000000000002,1.2000000000000002,GOLD
2026-07-20,Jordan Horston,BENCH,12-18,3.1,4,0.8999999999999999,0.8999999999999999,GOLD
2026-07-22,Jordan Horston,BENCH,12-18,3.4,5,1.6,1.6,GOLD
2026-07-28,Jordan Horston,STARTER,12-18,3.7,4,0.2999999999999998,0.2999999999999998,GOLD
2026-07-31,Jordan Horston,BENCH,18-24,3.8,0,-3.8,3.8,GOLD
2026-08-03,Jordan Horston,BENCH,12-18,3.2,3,-0.20000000000000018,0.20000000000000018,GOLD
2026-08-05,Jordan Horston,BENCH,12-18,3.3,1,-2.3,2.3,GOLD
2026-08-08,Jordan Horston,BENCH,12-18,2.9,3,0.10000000000000009,0.10000000000000009,GOLD
2026-08-10,Jordan Horston,STARTER,12-18,2.7,6,3.3,3.3,GOLD
2026-06-02,Jordin Canada,STARTER,30-36,4,3,-1,1,GOLD
2026-06-04,Jordin Canada,STARTER,30-36,3.9,3,-0.8999999999999999,0.8999999999999999,GOLD
2026-06-06,Jordin Canada,STARTER,30-36,3.7,2,-1.7000000000000002,1.7000000000000002,GOLD
2026-06-09,Jordin Canada,STARTER,30-36,3,1,-2,2,GOLD
2026-06-11,Jordin Canada,STARTER,30-36,2.8,3,0.20000000000000018,0.20000000000000018,GOLD
2026-06-14,Jordin Canada,STARTER,30-36,2.7,5,2.3,2.3,GOLD
2026-06-18,Jordin Canada,STARTER,24-30,3,2,-1,1,GOLD
2026-06-20,Jordin Canada,STARTER,24-30,2.8,7,4.2,4.2,GOLD
2026-06-22,Jordin Canada,STARTER,30-36,3.6,2,-1.6,1.6,GOLD
2026-06-24,Jordin Canada,STARTER,24-30,3.7,4,0.2999999999999998,0.2999999999999998,GOLD
2026-06-26,Jordin Canada,STARTER,24-30,3.8,3,-0.7999999999999998,0.7999999999999998,GOLD
2026-06-27,Jordin Canada,STARTER,30-36,3.5,4,0.5,0.5,GOLD
2026-07-02,Jordin Canada,STARTER,30-36,3.8,3,-0.7999999999999998,0.7999999999999998,GOLD
2026-07-04,Jordin Canada,STARTER,30-36,3.3,4,0.7000000000000002,0.7000000000000002,GOLD
2026-07-09,Jordin Canada,STARTER,30-36,3.6,9,5.4,5.4,GOLD
2026-07-11,Jordin Canada,STARTER,30-36,4.3,4,-0.2999999999999998,0.2999999999999998,GOLD
2026-07-13,Jordin Canada,STARTER,30-36,4.4,3,-1.4000000000000004,1.4000000000000004,GOLD
2026-07-17,Jordin Canada,STARTER,30-36,4.2,0,-4.2,4.2,GOLD
2026-07-19,Jordin Canada,STARTER,30-36,3.8,3,-0.7999999999999998,0.7999999999999998,GOLD
2026-07-29,Jordin Canada,STARTER,30-36,3.7,6,2.3,2.3,GOLD
2026-07-31,Jordin Canada,STARTER,30-36,3.4,4,0.6000000000000001,0.6000000000000001,GOLD
2026-08-03,Jordin Canada,STARTER,30-36,3.4,2,-1.4,1.4,GOLD
2026-08-05,Jordin Canada,STARTER,30-36,3.2,5,1.7999999999999998,1.7999999999999998,GOLD
2026-08-07,Jordin Canada,STARTER,30-36,3.9,3,-0.8999999999999999,0.8999999999999999,GOLD
2026-08-10,Jordin Canada,STARTER,30-36,3.9,6,2.1,2.1,GOLD
2026-06-02,Kamilla Cardoso,STARTER,24-30,10,13,3,3,GOLD
2026-06-05,Kamilla Cardoso,STARTER,24-30,10.4,8,-2.4000000000000004,2.4000000000000004,GOLD
2026-06-07,Kamilla Cardoso,STARTER,24-30,9.8,8,-1.8000000000000007,1.8000000000000007,GOLD
2026-06-09,Kamilla Cardoso,STARTER,24-30,9.9,2,-7.9,7.9,GOLD
2026-06-11,Kamilla Cardoso,STARTER,24-30,9.1,4,-5.1,5.1,GOLD
2026-06-17,Kamilla Cardoso,STARTER,24-30,7.8,4,-3.8,3.8,GOLD
2026-06-20,Kamilla Cardoso,STARTER,24-30,6.5,9,2.5,2.5,GOLD
2026-06-22,Kamilla Cardoso,STARTER,24-30,6.7,14,7.3,7.3,GOLD
2026-06-24,Kamilla Cardoso,STARTER,24-30,7.6,8,0.40000000000000036,0.40000000000000036,GOLD
2026-06-26,Kamilla Cardoso,STARTER,24-30,8.4,8,-0.40000000000000036,0.40000000000000036,GOLD
2026-06-28,Kamilla Cardoso,STARTER,24-30,8.9,8,-0.9000000000000004,0.9000000000000004,GOLD
2026-07-03,Kamilla Cardoso,STARTER,24-30,9.4,10,0.5999999999999996,0.5999999999999996,GOLD
2026-07-07,Kamilla Cardoso,STARTER,24-30,9.5,4,-5.5,5.5,GOLD
2026-07-10,Kamilla Cardoso,STARTER,24-30,8.2,8,-0.1999999999999993,0.1999999999999993,GOLD
2026-07-12,Kamilla Cardoso,STARTER,24-30,8.2,13,4.800000000000001,4.800000000000001,GOLD
2026-07-17,Kamilla Cardoso,STARTER,24-30,8.9,11,2.0999999999999996,2.0999999999999996,GOLD
2026-07-19,Kamilla Cardoso,STARTER,24-30,9.3,4,-5.300000000000001,5.300000000000001,GOLD
2026-07-22,Kamilla Cardoso,STARTER,24-30,8.5,5,-3.5,3.5,GOLD
2026-07-30,Kamilla Cardoso,STARTER,24-30,8.5,6,-2.5,2.5,GOLD
2026-08-01,Kamilla Cardoso,STARTER,24-30,8.2,12,3.8000000000000007,3.8000000000000007,GOLD
2026-08-03,Kamilla Cardoso,STARTER,24-30,8.2,13,4.800000000000001,4.800000000000001,GOLD
2026-08-05,Kamilla Cardoso,STARTER,24-30,8.5,7,-1.5,1.5,GOLD
2026-08-08,Kamilla Cardoso,STARTER,24-30,8.9,9,0.09999999999999964,0.09999999999999964,GOLD
2026-08-10,Kamilla Cardoso,STARTER,24-30,9.4,13,3.5999999999999996,3.5999999999999996,GOLD
2026-06-07,Kate Martin,BENCH,0-12,0.2,0,-0.2,0.2,GOLD
2026-06-13,Kate Martin,BENCH,0-12,0.2,0,-0.2,0.2,GOLD
2026-06-15,Kate Martin,BENCH,0-12,0.2,3,2.8,2.8,GOLD
2026-06-17,Kate Martin,BENCH,0-12,0.7,1,0.30000000000000004,0.30000000000000004,GOLD
2026-07-06,Kate Martin,BENCH,0-12,0.7,6,5.3,5.3,GOLD
2026-07-10,Kate Martin,BENCH,0-12,1.6,2,0.3999999999999999,0.3999999999999999,GOLD
2026-07-13,Kate Martin,BENCH,0-12,1.9,0,-1.9,1.9,GOLD
2026-07-17,Kate Martin,BENCH,0-12,1.9,0,-1.9,1.9,GOLD
2026-07-22,Kate Martin,BENCH,0-12,1.5,0,-1.5,1.5,GOLD
2026-06-01,Kayla McBride,STARTER,30-36,4.8,0,-4.8,4.8,GOLD
2026-06-04,Kayla McBride,STARTER,24-30,3.6,8,4.4,4.4,GOLD
2026-06-06,Kayla McBride,STARTER,30-36,4.4,2,-2.4000000000000004,2.4000000000000004,GOLD
2026-06-09,Kayla McBride,STARTER,24-30,3.7,5,1.2999999999999998,1.2999999999999998,GOLD
2026-06-13,Kayla McBride,STARTER,24-30,4.1,2,-2.0999999999999996,2.0999999999999996,GOLD
2026-06-15,Kayla McBride,STARTER,24-30,3.7,6,2.3,2.3,GOLD
2026-06-17,Kayla McBride,STARTER,24-30,4.5,4,-0.5,0.5,GOLD
2026-06-19,Kayla McBride,STARTER,24-30,4,3,-1,1,GOLD
2026-06-21,Kayla McBride,STARTER,24-30,4.1,2,-2.0999999999999996,2.0999999999999996,GOLD
2026-06-24,Kayla McBride,STARTER,30-36,3.6,6,2.4,2.4,GOLD
2026-06-28,Kayla McBride,STARTER,30-36,4.2,1,-3.2,3.2,GOLD
2026-07-03,Kayla McBride,STARTER,30-36,3.5,1,-2.5,2.5,GOLD
2026-07-06,Kayla McBride,STARTER,30-36,3.1,3,-0.10000000000000009,0.10000000000000009,GOLD
2026-07-08,Kayla McBride,STARTER,30-36,3.1,4,0.8999999999999999,0.8999999999999999,GOLD
2026-07-11,Kayla McBride,STARTER,30-36,3.3,4,0.7000000000000002,0.7000000000000002,GOLD
2026-07-13,Kayla McBride,STARTER,30-36,3.1,6,2.9,2.9,GOLD
2026-07-15,Kayla McBride,STARTER,30-36,3.7,1,-2.7,2.7,GOLD
2026-07-18,Kayla McBride,STARTER,30-36,3.7,3,-0.7000000000000002,0.7000000000000002,GOLD
2026-07-20,Kayla McBride,STARTER,30-36,3.6,2,-1.6,1.6,GOLD
2026-07-22,Kayla McBride,STARTER,30-36,3.4,3,-0.3999999999999999,0.3999999999999999,GOLD
2026-07-28,Kayla McBride,STARTER,30-36,3.2,1,-2.2,2.2,GOLD
2026-07-30,Kayla McBride,STARTER,30-36,2.6,0,-2.6,2.6,GOLD
2026-08-02,Kayla McBride,STARTER,30-36,2.4,3,0.6000000000000001,0.6000000000000001,GOLD
2026-08-06,Kayla McBride,STARTER,30-36,2.4,0,-2.4,2.4,GOLD
2026-08-08,Kayla McBride,STARTER,30-36,2.1,4,1.9,1.9,GOLD
2026-08-09,Kayla McBride,STARTER,30-36,2.3,1,-1.2999999999999998,1.2999999999999998,GOLD
2026-06-04,Kelsey Mitchell,STARTER,30-36,0.8,0,-0.8,0.8,GOLD
2026-06-06,Kelsey Mitchell,STARTER,30-36,0.7,7,6.3,6.3,GOLD
2026-06-08,Kelsey Mitchell,STARTER,30-36,1.6,2,0.3999999999999999,0.3999999999999999,GOLD
2026-06-11,Kelsey Mitchell,STARTER,30-36,1.9,1,-0.8999999999999999,0.8999999999999999,GOLD
2026-06-13,Kelsey Mitchell,STARTER,30-36,1.9,2,0.10000000000000009,0.10000000000000009,GOLD
2026-06-16,Kelsey Mitchell,STARTER,30-36,2,1,-1,1,GOLD
2026-06-18,Kelsey Mitchell,STARTER,30-36,2.1,1,-1.1,1.1,GOLD
2026-06-20,Kelsey Mitchell,STARTER,30-36,1.4,3,1.6,1.6,GOLD
2026-06-22,Kelsey Mitchell,STARTER,30-36,1.5,1,-0.5,0.5,GOLD
2026-06-24,Kelsey Mitchell,STARTER,30-36,1.5,0,-1.5,1.5,GOLD
2026-06-27,Kelsey Mitchell,STARTER,30-36,1.3,3,1.7,1.7,GOLD
2026-07-05,Kelsey Mitchell,STARTER,30-36,1.5,2,0.5,0.5,GOLD
2026-07-08,Kelsey Mitchell,STARTER,30-36,1.6,4,2.4,2.4,GOLD
2026-07-09,Kelsey Mitchell,STARTER,30-36,1.8,2,0.19999999999999996,0.19999999999999996,GOLD
2026-07-12,Kelsey Mitchell,STARTER,30-36,1.9,3,1.1,1.1,GOLD
2026-07-15,Kelsey Mitchell,STARTER,30-36,2.3,1,-1.2999999999999998,1.2999999999999998,GOLD
2026-07-17,Kelsey Mitchell,STARTER,30-36,2.1,1,-1.1,1.1,GOLD
2026-07-18,Kelsey Mitchell,STARTER,30-36,1.9,0,-1.9,1.9,GOLD
2026-07-22,Kelsey Mitchell,STARTER,30-36,1.4,4,2.6,2.6,GOLD
2026-07-25,Kelsey Mitchell,STARTER,30-36,1.7,4,2.3,2.3,GOLD
2026-07-28,Kelsey Mitchell,STARTER,30-36,1.9,2,0.10000000000000009,0.10000000000000009,GOLD
2026-07-31,Kelsey Mitchell,STARTER,30-36,2,0,-2,2,GOLD
2026-08-02,Kelsey Mitchell,STARTER,30-36,1.8,1,-0.8,0.8,GOLD
2026-08-06,Kelsey Mitchell,STARTER,30-36,1.9,0,-1.9,1.9,GOLD
2026-08-08,Kelsey Mitchell,STARTER,30-36,1.5,5,3.5,3.5,GOLD
2026-08-11,Kelsey Mitchell,STARTER,30-36,1.6,3,1.4,1.4,GOLD
2026-06-10,Kelsey Plum,STARTER,30-36,2.7,1,-1.7000000000000002,1.7000000000000002,GOLD
2026-06-13,Kelsey Plum,STARTER,30-36,2.6,2,-0.6000000000000001,0.6000000000000001,GOLD
2026-06-15,Kelsey Plum,STARTER,30-36,2.7,1,-1.7000000000000002,1.7000000000000002,GOLD
2026-06-21,Kelsey Plum,STARTER,30-36,2.2,3,0.7999999999999998,0.7999999999999998,GOLD
2026-08-03,Kelsey Plum,BENCH,30-36,2.4,1,-1.4,1.4,GOLD
2026-08-05,Kelsey Plum,STARTER,30-36,1.8,5,3.2,3.2,GOLD
2026-08-07,Kelsey Plum,STARTER,30-36,2.3,0,-2.3,2.3,GOLD
2026-08-09,Kelsey Plum,STARTER,24-30,2,3,1,1,GOLD
2026-05-30,Kia Nurse,BENCH,12-18,1.8,2,0.19999999999999996,0.19999999999999996,GOLD
2026-06-03,Kia Nurse,BENCH,12-18,2.1,0,-2.1,2.1,GOLD
2026-06-07,Kia Nurse,BENCH,12-18,1.7,1,-0.7,0.7,GOLD
2026-06-10,Kia Nurse,BENCH,0-12,1.3,0,-1.3,1.3,GOLD
2026-06-12,Kia Nurse,BENCH,0-12,1,0,-1,1,GOLD
2026-06-14,Kia Nurse,BENCH,0-12,0.8,1,0.19999999999999996,0.19999999999999996,GOLD
2026-06-16,Kia Nurse,BENCH,0-12,0.7,1,0.30000000000000004,0.30000000000000004,GOLD
2026-06-19,Kia Nurse,BENCH,0-12,0.8,0,-0.8,0.8,GOLD
2026-06-22,Kia Nurse,BENCH,0-12,0.6,1,0.4,0.4,GOLD
2026-06-25,Kia Nurse,BENCH,0-12,0.8,3,2.2,2.2,GOLD
2026-06-27,Kia Nurse,STARTER,0-12,1.2,1,-0.19999999999999996,0.19999999999999996,GOLD
2026-07-05,Kia Nurse,BENCH,12-18,1.2,1,-0.19999999999999996,0.19999999999999996,GOLD
2026-07-08,Kia Nurse,BENCH,12-18,1.2,1,-0.19999999999999996,0.19999999999999996,GOLD
2026-07-10,Kia Nurse,BENCH,12-18,1.3,1,-0.30000000000000004,0.30000000000000004,GOLD
2026-07-12,Kia Nurse,BENCH,12-18,1.3,1,-0.30000000000000004,0.30000000000000004,GOLD
2026-07-14,Kia Nurse,BENCH,12-18,1.1,0,-1.1,1.1,GOLD
2026-07-17,Kia Nurse,BENCH,12-18,0.9,0,-0.9,0.9,GOLD
2026-07-20,Kia Nurse,BENCH,12-18,0.8,1,0.19999999999999996,0.19999999999999996,GOLD
2026-07-28,Kia Nurse,BENCH,12-18,0.8,2,1.2,1.2,GOLD
2026-07-30,Kia Nurse,BENCH,12-18,0.9,3,2.1,2.1,GOLD
2026-08-02,Kia Nurse,BENCH,12-18,1.2,0,-1.2,1.2,GOLD
2026-08-06,Kia Nurse,BENCH,12-18,1.2,1,-0.19999999999999996,0.19999999999999996,GOLD
2026-08-10,Kia Nurse,BENCH,12-18,1.3,0,-1.3,1.3,GOLD
2026-05-30,Kiki Rice,STARTER,30-36,6.2,6,-0.20000000000000018,0.20000000000000018,GOLD
2026-06-03,Kiki Rice,STARTER,30-36,6.3,5,-1.2999999999999998,1.2999999999999998,GOLD
2026-07-28,Kiki Rice,BENCH,24-30,6,3,-3,3,GOLD
2026-07-30,Kiki Rice,BENCH,24-30,5.5,4,-1.5,1.5,GOLD
2026-08-02,Kiki Rice,STARTER,24-30,5.3,5,-0.2999999999999998,0.2999999999999998,GOLD
2026-08-04,Kiki Rice,BENCH,24-30,4.9,1,-3.9000000000000004,3.9000000000000004,GOLD
2026-08-06,Kiki Rice,BENCH,24-30,4.1,0,-4.1,4.1,GOLD
2026-08-10,Kiki Rice,BENCH,18-24,3.3,5,1.7000000000000002,1.7000000000000002,GOLD
2026-05-30,Laura Juskaite,STARTER,18-24,3.4,5,1.6,1.6,GOLD
2026-06-03,Laura Juskaite,STARTER,18-24,3.5,5,1.5,1.5,GOLD
2026-06-07,Laura Juskaite,STARTER,18-24,3.6,4,0.3999999999999999,0.3999999999999999,GOLD
2026-06-10,Laura Juskaite,STARTER,18-24,3.7,6,2.3,2.3,GOLD
2026-06-12,Laura Juskaite,STARTER,24-30,4.3,0,-4.3,4.3,GOLD
2026-06-14,Laura Juskaite,STARTER,24-30,3.9,2,-1.9,1.9,GOLD
2026-06-16,Laura Juskaite,STARTER,24-30,3.5,2,-1.5,1.5,GOLD
2026-06-19,Laura Juskaite,STARTER,24-30,3.1,7,3.9,3.9,GOLD
2026-06-22,Laura Juskaite,BENCH,24-30,3.5,2,-1.5,1.5,GOLD
2026-06-25,Laura Juskaite,BENCH,24-30,3,12,9,9,GOLD
2026-06-27,Laura Juskaite,BENCH,24-30,4.7,4,-0.7000000000000002,0.7000000000000002,GOLD
2026-07-05,Laura Juskaite,BENCH,18-24,4.9,5,0.09999999999999964,0.09999999999999964,GOLD
2026-07-08,Laura Juskaite,BENCH,18-24,5.3,0,-5.3,5.3,GOLD
2026-07-10,Laura Juskaite,STARTER,18-24,4.4,3,-1.4000000000000004,1.4000000000000004,GOLD
2026-07-12,Laura Juskaite,STARTER,18-24,4.5,4,-0.5,0.5,GOLD
2026-07-14,Laura Juskaite,STARTER,24-30,3.5,4,0.5,0.5,GOLD
2026-07-17,Laura Juskaite,STARTER,24-30,3.5,4,0.5,0.5,GOLD
2026-07-20,Laura Juskaite,STARTER,24-30,3.4,3,-0.3999999999999999,0.3999999999999999,GOLD
2026-07-28,Laura Juskaite,STARTER,24-30,3.8,4,0.20000000000000018,0.20000000000000018,GOLD
2026-07-30,Laura Juskaite,STARTER,24-30,3.9,5,1.1,1.1,GOLD
2026-08-02,Laura Juskaite,STARTER,24-30,4,4,0,0,GOLD
2026-08-04,Laura Juskaite,STARTER,24-30,4,3,-1,1,GOLD
2026-08-06,Laura Juskaite,STARTER,24-30,3.9,6,2.1,2.1,GOLD
2026-08-10,Laura Juskaite,STARTER,24-30,4.2,1,-3.2,3.2,GOLD
2026-05-30,Lexie Brown,BENCH,12-18,1.4,0,-1.4,1.4,GOLD
2026-06-01,Lexie Brown,BENCH,12-18,0.8,1,0.19999999999999996,0.19999999999999996,GOLD
2026-06-04,Lexie Hull,STARTER,18-24,4.6,2,-2.5999999999999996,2.5999999999999996,GOLD
2026-06-06,Lexie Hull,STARTER,18-24,4.2,6,1.7999999999999998,1.7999999999999998,GOLD
2026-06-08,Lexie Hull,STARTER,18-24,4,3,-1,1,GOLD
2026-06-11,Lexie Hull,STARTER,18-24,3.9,8,4.1,4.1,GOLD
2026-06-13,Lexie Hull,STARTER,18-24,4.3,6,1.7000000000000002,1.7000000000000002,GOLD
2026-06-16,Lexie Hull,STARTER,18-24,4.9,4,-0.9000000000000004,0.9000000000000004,GOLD
2026-06-18,Lexie Hull,STARTER,18-24,5.1,3,-2.0999999999999996,2.0999999999999996,GOLD
2026-06-20,Lexie Hull,STARTER,18-24,4.7,0,-4.7,4.7,GOLD
2026-06-22,Lexie Hull,STARTER,18-24,4.2,2,-2.2,2.2,GOLD
2026-06-24,Lexie Hull,STARTER,18-24,3.4,2,-1.4,1.4,GOLD
2026-06-27,Lexie Hull,STARTER,18-24,2.8,7,4.2,4.2,GOLD
2026-07-05,Lexie Hull,STARTER,18-24,3.3,4,0.7000000000000002,0.7000000000000002,GOLD
2026-07-08,Lexie Hull,STARTER,18-24,3.4,2,-1.4,1.4,GOLD
2026-07-09,Lexie Hull,STARTER,18-24,3.6,0,-3.6,3.6,GOLD
2026-07-12,Lexie Hull,STARTER,18-24,3.3,2,-1.2999999999999998,1.2999999999999998,GOLD
2026-07-15,Lexie Hull,STARTER,18-24,3.3,1,-2.3,2.3,GOLD
2026-07-17,Lexie Hull,STARTER,18-24,2.5,2,-0.5,0.5,GOLD
2026-07-18,Lexie Hull,STARTER,18-24,2.2,2,-0.20000000000000018,0.20000000000000018,GOLD
2026-07-22,Lexie Hull,STARTER,18-24,2.2,3,0.7999999999999998,0.7999999999999998,GOLD
2026-07-28,Lexie Hull,STARTER,18-24,2.6,3,0.3999999999999999,0.3999999999999999,GOLD
2026-07-31,Lexie Hull,STARTER,18-24,2.7,0,-2.7,2.7,GOLD
2026-08-02,Lexie Hull,STARTER,18-24,2.5,2,-0.5,0.5,GOLD
2026-08-06,Lexie Hull,STARTER,18-24,2.5,4,1.5,1.5,GOLD
2026-08-08,Lexie Hull,STARTER,18-24,2.7,6,3.3,3.3,GOLD
2026-08-11,Lexie Hull,STARTER,12-18,3.2,1,-2.2,2.2,GOLD
2026-06-01,Lexi Held,BENCH,0-12,1.2,0,-1.2,1.2,GOLD
2026-06-03,Lexi Held,BENCH,0-12,1.1,2,0.8999999999999999,0.8999999999999999,GOLD
2026-06-05,Lexi Held,BENCH,12-18,1.3,1,-0.30000000000000004,0.30000000000000004,GOLD
2026-06-09,Lexi Held,BENCH,12-18,1.3,2,0.7,0.7,GOLD
2026-06-11,Lexi Held,BENCH,12-18,1.3,4,2.7,2.7,GOLD
2026-06-13,Lexi Held,BENCH,12-18,1.7,2,0.30000000000000004,0.30000000000000004,GOLD
2026-06-17,Lexi Held,BENCH,18-24,1.8,1,-0.8,0.8,GOLD
2026-06-20,Lexi Held,STARTER,18-24,1.7,0,-1.7,1.7,GOLD
2026-06-22,Lexi Held,STARTER,18-24,1.6,2,0.3999999999999999,0.3999999999999999,GOLD
2026-06-24,Lexi Held,STARTER,18-24,1.6,1,-0.6000000000000001,0.6000000000000001,GOLD
2026-06-27,Lexi Held,STARTER,18-24,1.3,2,0.7,0.7,GOLD
2026-07-02,Lexi Held,STARTER,18-24,1.3,5,3.7,3.7,GOLD
2026-07-07,Lexi Held,STARTER,24-30,1.8,1,-0.8,0.8,GOLD
2026-07-09,Lexi Held,STARTER,24-30,1.9,0,-1.9,1.9,GOLD
2026-07-11,Lexi Held,BENCH,18-24,1.6,3,1.4,1.4,GOLD
2026-07-13,Lexi Held,BENCH,18-24,1.9,0,-1.9,1.9,GOLD
2026-07-17,Lexi Held,BENCH,18-24,1.6,0,-1.6,1.6,GOLD
2026-07-19,Lexi Held,BENCH,18-24,1.1,1,-0.10000000000000009,0.10000000000000009,GOLD
2026-07-22,Lexi Held,BENCH,12-18,1,1,0,0,GOLD
2026-07-29,Lexi Held,BENCH,12-18,1.2,0,-1.2,1.2,GOLD
2026-08-01,Lexi Held,BENCH,12-18,0.7,1,0.30000000000000004,0.30000000000000004,GOLD
2026-08-03,Lexi Held,BENCH,12-18,0.9,0,-0.9,0.9,GOLD
2026-08-05,Lexi Held,BENCH,12-18,0.9,0,-0.9,0.9,GOLD
2026-08-09,Lexi Held,BENCH,0-12,0.7,1,0.30000000000000004,0.30000000000000004,GOLD
2026-08-11,Lexi Held,BENCH,0-12,0.7,3,2.3,2.3,GOLD
2026-05-30,Mackenzie Holmes,BENCH,12-18,5.4,7,1.5999999999999996,1.5999999999999996,GOLD
2026-06-01,Mackenzie Holmes,BENCH,18-24,6.2,1,-5.2,5.2,GOLD
2026-06-03,Mackenzie Holmes,BENCH,12-18,5.4,6,0.5999999999999996,0.5999999999999996,GOLD
2026-06-06,Mackenzie Holmes,BENCH,12-18,5.4,4,-1.4000000000000004,1.4000000000000004,GOLD
2026-06-08,Mackenzie Holmes,BENCH,12-18,5.4,2,-3.4000000000000004,3.4000000000000004,GOLD
2026-06-10,Mackenzie Holmes,BENCH,12-18,4.3,1,-3.3,3.3,GOLD
2026-06-12,Mackenzie Holmes,BENCH,12-18,3.4,0,-3.4,3.4,GOLD
2026-06-17,Mackenzie Holmes,BENCH,12-18,3.1,0,-3.1,3.1,GOLD
2026-06-20,Mackenzie Holmes,BENCH,0-12,2.2,1,-1.2000000000000002,1.2000000000000002,GOLD
2026-06-27,Mackenzie Holmes,BENCH,0-12,1.7,0,-1.7,1.7,GOLD
2026-07-02,Mackenzie Holmes,BENCH,0-12,1.2,1,-0.19999999999999996,0.19999999999999996,GOLD
2026-07-06,Mackenzie Holmes,BENCH,0-12,1.2,1,-0.19999999999999996,0.19999999999999996,GOLD
2026-07-12,Mackenzie Holmes,BENCH,0-12,1.4,3,1.6,1.6,GOLD
2026-07-28,Mackenzie Holmes,BENCH,0-12,2.3,2,-0.2999999999999998,0.2999999999999998,GOLD
2026-06-02,Madina Okot,BENCH,0-12,3.8,2,-1.7999999999999998,1.7999999999999998,GOLD
2026-06-04,Madina Okot,BENCH,0-12,2.6,3,0.3999999999999999,0.3999999999999999,GOLD
2026-06-06,Madina Okot,BENCH,0-12,2.3,5,2.7,2.7,GOLD
2026-06-09,Madina Okot,BENCH,0-12,2.8,2,-0.7999999999999998,0.7999999999999998,GOLD
2026-06-11,Madina Okot,BENCH,0-12,2.8,1,-1.7999999999999998,1.7999999999999998,GOLD
2026-06-14,Madina Okot,BENCH,0-12,2.8,3,0.20000000000000018,0.20000000000000018,GOLD
2026-06-18,Madina Okot,BENCH,0-12,2.9,4,1.1,1.1,GOLD
2026-06-20,Madina Okot,BENCH,0-12,3.1,2,-1.1,1.1,GOLD
2026-06-22,Madina Okot,BENCH,0-12,2.7,7,4.3,4.3,GOLD
2026-06-24,Madina Okot,BENCH,0-12,3.4,5,1.6,1.6,GOLD
2026-06-26,Madina Okot,BENCH,0-12,3.9,2,-1.9,1.9,GOLD
2026-06-27,Madina Okot,STARTER,0-12,3.8,5,1.2000000000000002,1.2000000000000002,GOLD
2026-07-02,Madina Okot,BENCH,0-12,3.9,3,-0.8999999999999999,0.8999999999999999,GOLD
2026-07-04,Madina Okot,BENCH,0-12,4.1,2,-2.0999999999999996,2.0999999999999996,GOLD
2026-07-09,Madina Okot,BENCH,0-12,3.4,6,2.6,2.6,GOLD
2026-07-11,Madina Okot,STARTER,0-12,3.6,8,4.4,4.4,GOLD
2026-07-13,Madina Okot,BENCH,0-12,4.4,6,1.5999999999999996,1.5999999999999996,GOLD
2026-07-17,Madina Okot,BENCH,0-12,4.5,1,-3.5,3.5,GOLD
2026-07-19,Madina Okot,BENCH,0-12,4.3,4,-0.2999999999999998,0.2999999999999998,GOLD
2026-07-29,Madina Okot,BENCH,0-12,4.5,1,-3.5,3.5,GOLD
2026-08-03,Madina Okot,BENCH,0-12,3.9,3,-0.8999999999999999,0.8999999999999999,GOLD
2026-08-05,Madina Okot,BENCH,0-12,3.3,0,-3.3,3.3,GOLD
2026-08-07,Madina Okot,BENCH,0-12,2.4,0,-2.4,2.4,GOLD
2026-08-10,Madina Okot,BENCH,0-12,2.2,1,-1.2000000000000002,1.2000000000000002,GOLD
2026-06-04,Makayla Timpson,BENCH,18-24,5.4,3,-2.4000000000000004,2.4000000000000004,GOLD
2026-06-06,Makayla Timpson,BENCH,12-18,4.9,0,-4.9,4.9,GOLD
2026-06-08,Makayla Timpson,BENCH,12-18,4,0,-4,4,GOLD
2026-06-11,Makayla Timpson,BENCH,12-18,3.2,6,2.8,2.8,GOLD
2026-06-13,Makayla Timpson,BENCH,12-18,3.4,5,1.6,1.6,GOLD
2026-06-16,Makayla Timpson,BENCH,0-12,3.3,6,2.7,2.7,GOLD
2026-06-18,Makayla Timpson,BENCH,12-18,3.7,4,0.2999999999999998,0.2999999999999998,GOLD
2026-06-20,Makayla Timpson,BENCH,12-18,4.2,1,-3.2,3.2,GOLD
2026-06-22,Makayla Timpson,BENCH,12-18,4.2,2,-2.2,2.2,GOLD
2026-06-27,Makayla Timpson,BENCH,12-18,3.7,2,-1.7000000000000002,1.7000000000000002,GOLD
2026-07-05,Makayla Timpson,BENCH,12-18,3.3,4,0.7000000000000002,0.7000000000000002,GOLD
2026-07-08,Makayla Timpson,BENCH,0-12,3,5,2,2,GOLD
2026-07-09,Makayla Timpson,BENCH,0-12,3.2,5,1.7999999999999998,1.7999999999999998,GOLD
2026-07-12,Makayla Timpson,BENCH,12-18,3.7,3,-0.7000000000000002,0.7000000000000002,GOLD
2026-07-15,Makayla Timpson,BENCH,12-18,3.8,5,1.2000000000000002,1.2000000000000002,GOLD
2026-07-17,Makayla Timpson,STARTER,12-18,4.2,9,4.8,4.8,GOLD
2026-07-18,Makayla Timpson,BENCH,18-24,4.9,5,0.09999999999999964,0.09999999999999964,GOLD
2026-07-22,Makayla Timpson,BENCH,18-24,4.9,8,3.0999999999999996,3.0999999999999996,GOLD
2026-07-28,Makayla Timpson,BENCH,18-24,5.3,4,-1.2999999999999998,1.2999999999999998,GOLD
2026-07-31,Makayla Timpson,BENCH,18-24,5.5,3,-2.5,2.5,GOLD
2026-08-02,Makayla Timpson,BENCH,18-24,5.2,5,-0.20000000000000018,0.20000000000000018,GOLD
2026-08-06,Makayla Timpson,BENCH,18-24,4.8,11,6.2,6.2,GOLD
2026-08-08,Makayla Timpson,STARTER,18-24,5.5,3,-2.5,2.5,GOLD
2026-08-11,Makayla Timpson,STARTER,18-24,5,7,2,2,GOLD
2026-05-30,Maria Conde,BENCH,24-30,2.7,6,3.3,3.3,GOLD
2026-06-03,Maria Conde,BENCH,18-24,3.7,6,2.3,2.3,GOLD
2026-06-07,Maria Conde,BENCH,18-24,4.1,6,1.9000000000000004,1.9000000000000004,GOLD
2026-06-10,Maria Conde,BENCH,18-24,4.9,2,-2.9000000000000004,2.9000000000000004,GOLD
2026-06-12,Maria Conde,BENCH,18-24,4.4,6,1.5999999999999996,1.5999999999999996,GOLD
2026-06-14,Maria Conde,BENCH,18-24,4.7,3,-1.7000000000000002,1.7000000000000002,GOLD
2026-06-16,Maria Conde,BENCH,18-24,4.3,4,-0.2999999999999998,0.2999999999999998,GOLD
2026-06-19,Maria Conde,BENCH,18-24,4.1,6,1.9000000000000004,1.9000000000000004,GOLD
2026-06-22,Maria Conde,STARTER,24-30,4.1,4,-0.09999999999999964,0.09999999999999964,GOLD
2026-06-25,Maria Conde,STARTER,24-30,4.4,7,2.5999999999999996,2.5999999999999996,GOLD
2026-06-27,Maria Conde,STARTER,24-30,4.6,6,1.4000000000000004,1.4000000000000004,GOLD
2026-07-05,Maria Conde,STARTER,24-30,5,10,5,5,GOLD
2026-07-08,Maria Conde,STARTER,24-30,5.8,3,-2.8,2.8,GOLD
2026-07-10,Maria Conde,STARTER,24-30,5.4,3,-2.4000000000000004,2.4000000000000004,GOLD
2026-07-12,Maria Conde,STARTER,30-36,5.3,2,-3.3,3.3,GOLD
2026-07-14,Maria Conde,STARTER,30-36,4.7,4,-0.7000000000000002,0.7000000000000002,GOLD
2026-07-17,Maria Conde,STARTER,30-36,4.4,4,-0.40000000000000036,0.40000000000000036,GOLD
2026-07-20,Maria Conde,STARTER,30-36,3.8,8,4.2,4.2,GOLD
2026-07-28,Maria Conde,STARTER,24-30,4.4,10,5.6,5.6,GOLD
2026-07-30,Maria Conde,STARTER,24-30,5.3,2,-3.3,3.3,GOLD
2026-08-02,Maria Conde,STARTER,24-30,5.2,5,-0.20000000000000018,0.20000000000000018,GOLD
2026-08-04,Maria Conde,STARTER,24-30,5.3,6,0.7000000000000002,0.7000000000000002,GOLD
2026-08-06,Maria Conde,STARTER,24-30,5.6,6,0.40000000000000036,0.40000000000000036,GOLD
2026-08-10,Maria Conde,STARTER,24-30,5.4,1,-4.4,4.4,GOLD
2026-05-30,Marina Mabrey,STARTER,24-30,3.8,3,-0.7999999999999998,0.7999999999999998,GOLD
2026-06-03,Marina Mabrey,STARTER,24-30,3.7,3,-0.7000000000000002,0.7000000000000002,GOLD
2026-06-07,Marina Mabrey,STARTER,24-30,3.5,4,0.5,0.5,GOLD
2026-06-10,Marina Mabrey,STARTER,24-30,3.7,1,-2.7,2.7,GOLD
2026-06-12,Marina Mabrey,STARTER,24-30,3.1,1,-2.1,2.1,GOLD
2026-06-14,Marina Mabrey,STARTER,24-30,2.7,4,1.2999999999999998,1.2999999999999998,GOLD
2026-06-16,Marina Mabrey,STARTER,24-30,2.8,1,-1.7999999999999998,1.7999999999999998,GOLD
2026-06-19,Marina Mabrey,STARTER,24-30,2.5,4,1.5,1.5,GOLD
2026-06-22,Marina Mabrey,STARTER,24-30,2.6,4,1.4,1.4,GOLD
2026-06-25,Marina Mabrey,STARTER,24-30,2.9,6,3.1,3.1,GOLD
2026-07-05,Marina Mabrey,STARTER,30-36,3.6,5,1.4,1.4,GOLD
2026-07-08,Marina Mabrey,STARTER,30-36,3.8,6,2.2,2.2,GOLD
2026-07-10,Marina Mabrey,STARTER,30-36,4.4,1,-3.4000000000000004,3.4000000000000004,GOLD
2026-07-12,Marina Mabrey,STARTER,30-36,4,2,-2,2,GOLD
2026-07-14,Marina Mabrey,STARTER,30-36,3.7,1,-2.7,2.7,GOLD
2026-07-17,Marina Mabrey,STARTER,30-36,3.1,4,0.8999999999999999,0.8999999999999999,GOLD
2026-07-20,Marina Mabrey,STARTER,30-36,3,2,-1,1,GOLD
2026-07-25,Marina Mabrey,BENCH,30-36,2.5,3,0.5,0.5,GOLD
2026-07-28,Marina Mabrey,STARTER,24-30,2.7,8,5.3,5.3,GOLD
2026-07-30,Marina Mabrey,STARTER,24-30,3.5,3,-0.5,0.5,GOLD
2026-08-04,Marina Mabrey,STARTER,24-30,3.8,5,1.2000000000000002,1.2000000000000002,GOLD
2026-08-06,Marina Mabrey,STARTER,24-30,3.9,2,-1.9,1.9,GOLD
2026-08-10,Marina Mabrey,STARTER,24-30,3.9,0,-3.9,3.9,GOLD
2026-06-01,Maya Caldwell,BENCH,12-18,2.4,2,-0.3999999999999999,0.3999999999999999,GOLD
2026-06-04,Maya Caldwell,BENCH,12-18,2.4,2,-0.3999999999999999,0.3999999999999999,GOLD
2026-06-06,Maya Caldwell,BENCH,12-18,2.2,3,0.7999999999999998,0.7999999999999998,GOLD
2026-06-09,Maya Caldwell,BENCH,12-18,2.3,2,-0.2999999999999998,0.2999999999999998,GOLD
2026-06-13,Maya Caldwell,BENCH,12-18,2.5,0,-2.5,2.5,GOLD
2026-06-15,Maya Caldwell,BENCH,12-18,1.9,4,2.1,2.1,GOLD
2026-06-17,Maya Caldwell,BENCH,12-18,2.2,7,4.8,4.8,GOLD
2026-06-19,Maya Caldwell,BENCH,12-18,3,2,-1,1,GOLD
2026-06-21,Maya Caldwell,BENCH,12-18,2.9,0,-2.9,2.9,GOLD
2026-06-24,Maya Caldwell,BENCH,12-18,2.6,2,-0.6000000000000001,0.6000000000000001,GOLD
2026-06-28,Maya Caldwell,BENCH,12-18,2.8,3,0.20000000000000018,0.20000000000000018,GOLD
2026-07-03,Maya Caldwell,BENCH,12-18,2.7,2,-0.7000000000000002,0.7000000000000002,GOLD
2026-07-06,Maya Caldwell,STARTER,12-18,2,2,0,0,GOLD
2026-07-08,Maya Caldwell,STARTER,12-18,2,2,0,0,GOLD
2026-07-11,Maya Caldwell,BENCH,12-18,2.3,1,-1.2999999999999998,1.2999999999999998,GOLD
2026-07-13,Maya Caldwell,BENCH,12-18,2.1,1,-1.1,1.1,GOLD
2026-07-15,Maya Caldwell,BENCH,12-18,1.8,0,-1.8,1.8,GOLD
2026-07-18,Maya Caldwell,BENCH,0-12,1.5,1,-0.5,0.5,GOLD
2026-07-20,Maya Caldwell,BENCH,0-12,1.4,1,-0.3999999999999999,0.3999999999999999,GOLD
2026-07-22,Maya Caldwell,BENCH,0-12,1.2,6,4.8,4.8,GOLD
2026-07-28,Maya Caldwell,BENCH,12-18,2,2,0,0,GOLD
2026-07-30,Maya Caldwell,BENCH,12-18,2.1,5,2.9,2.9,GOLD
2026-08-02,Maya Caldwell,BENCH,12-18,2.7,7,4.3,4.3,GOLD
2026-08-06,Maya Caldwell,BENCH,12-18,3.5,2,-1.5,1.5,GOLD
2026-08-08,Maya Caldwell,BENCH,12-18,3.6,0,-3.6,3.6,GOLD
2026-08-09,Maya Caldwell,BENCH,12-18,2.9,2,-0.8999999999999999,0.8999999999999999,GOLD
2026-06-04,Monique Billings,STARTER,12-18,3.6,5,1.4,1.4,GOLD
2026-06-06,Monique Billings,STARTER,12-18,3.7,8,4.3,4.3,GOLD
2026-06-08,Monique Billings,STARTER,12-18,4.4,2,-2.4000000000000004,2.4000000000000004,GOLD
2026-06-11,Monique Billings,STARTER,18-24,4.2,2,-2.2,2.2,GOLD
2026-06-13,Monique Billings,STARTER,12-18,3.7,8,4.3,4.3,GOLD
2026-06-16,Monique Billings,STARTER,18-24,4.7,7,2.3,2.3,GOLD
2026-06-18,Monique Billings,STARTER,18-24,5.1,3,-2.0999999999999996,2.0999999999999996,GOLD
2026-06-20,Monique Billings,STARTER,12-18,4.4,1,-3.4000000000000004,3.4000000000000004,GOLD
2026-06-22,Monique Billings,STARTER,12-18,4.2,10,5.8,5.8,GOLD
2026-06-24,Monique Billings,STARTER,18-24,5.3,5,-0.2999999999999998,0.2999999999999998,GOLD
2026-06-27,Monique Billings,STARTER,18-24,5,6,1,1,GOLD
2026-07-05,Monique Billings,STARTER,18-24,4.9,6,1.0999999999999996,1.0999999999999996,GOLD
2026-07-08,Monique Billings,STARTER,18-24,5.3,12,6.7,6.7,GOLD
2026-07-09,Monique Billings,STARTER,18-24,6.7,2,-4.7,4.7,GOLD
2026-07-12,Monique Billings,STARTER,18-24,5.7,5,-0.7000000000000002,0.7000000000000002,GOLD
2026-07-15,Monique Billings,STARTER,18-24,5.7,5,-0.7000000000000002,0.7000000000000002,GOLD
2026-07-17,Monique Billings,STARTER,18-24,5.6,5,-0.5999999999999996,0.5999999999999996,GOLD
2026-07-18,Monique Billings,STARTER,18-24,5.5,6,0.5,0.5,GOLD
2026-07-22,Monique Billings,STARTER,18-24,4.8,5,0.20000000000000018,0.20000000000000018,GOLD
2026-07-28,Monique Billings,STARTER,18-24,5.2,11,5.8,5.8,GOLD
2026-07-31,Monique Billings,STARTER,18-24,5.9,7,1.0999999999999996,1.0999999999999996,GOLD
2026-08-02,Monique Billings,STARTER,18-24,6.2,3,-3.2,3.2,GOLD
2026-08-06,Monique Billings,STARTER,18-24,5.9,4,-1.9000000000000004,1.9000000000000004,GOLD
2026-08-08,Monique Billings,BENCH,18-24,5.7,2,-3.7,3.7,GOLD
2026-08-11,Monique Billings,BENCH,18-24,5.3,1,-4.3,4.3,GOLD
2026-06-04,Myisha Hines-Allen,BENCH,18-24,2.8,7,4.2,4.2,GOLD
2026-06-06,Myisha Hines-Allen,BENCH,12-18,3.2,1,-2.2,2.2,GOLD
2026-06-08,Myisha Hines-Allen,BENCH,12-18,2.8,4,1.2000000000000002,1.2000000000000002,GOLD
2026-06-11,Myisha Hines-Allen,BENCH,12-18,3.1,9,5.9,5.9,GOLD
2026-06-13,Myisha Hines-Allen,BENCH,12-18,4.3,0,-4.3,4.3,GOLD
2026-06-16,Myisha Hines-Allen,BENCH,12-18,3.9,2,-1.9,1.9,GOLD
2026-06-18,Myisha Hines-Allen,BENCH,12-18,3.3,1,-2.3,2.3,GOLD
2026-06-20,Myisha Hines-Allen,BENCH,12-18,3.2,3,-0.20000000000000018,0.20000000000000018,GOLD
2026-06-22,Myisha Hines-Allen,BENCH,12-18,3.1,1,-2.1,2.1,GOLD
2026-06-24,Myisha Hines-Allen,BENCH,12-18,2,5,3,3,GOLD
2026-06-27,Myisha Hines-Allen,BENCH,12-18,2.7,3,0.2999999999999998,0.2999999999999998,GOLD
2026-07-05,Myisha Hines-Allen,BENCH,12-18,2.8,5,2.2,2.2,GOLD
2026-07-08,Myisha Hines-Allen,STARTER,12-18,3.3,2,-1.2999999999999998,1.2999999999999998,GOLD
2026-07-09,Myisha Hines-Allen,BENCH,12-18,3.2,3,-0.20000000000000018,0.20000000000000018,GOLD
2026-07-17,Myisha Hines-Allen,BENCH,12-18,3.4,3,-0.3999999999999999,0.3999999999999999,GOLD
2026-07-18,Myisha Hines-Allen,BENCH,12-18,3.3,3,-0.2999999999999998,0.2999999999999998,GOLD
2026-07-22,Myisha Hines-Allen,BENCH,12-18,3.2,3,-0.20000000000000018,0.20000000000000018,GOLD
2026-07-28,Myisha Hines-Allen,BENCH,12-18,3,4,1,1,GOLD
2026-08-02,Myisha Hines-Allen,BENCH,12-18,3.2,2,-1.2000000000000002,1.2000000000000002,GOLD
2026-08-08,Myisha Hines-Allen,BENCH,0-12,3.1,1,-2.1,2.1,GOLD
2026-08-11,Myisha Hines-Allen,BENCH,0-12,2.8,2,-0.7999999999999998,0.7999999999999998,GOLD
2026-06-06,NaLyssa Smith,STARTER,24-30,8.3,6,-2.3000000000000007,2.3000000000000007,GOLD
2026-06-08,NaLyssa Smith,STARTER,24-30,8.2,9,0.8000000000000007,0.8000000000000007,GOLD
2026-06-11,NaLyssa Smith,STARTER,24-30,8.3,10,1.6999999999999993,1.6999999999999993,GOLD
2026-06-13,NaLyssa Smith,STARTER,24-30,8.1,6,-2.0999999999999996,2.0999999999999996,GOLD
2026-06-15,NaLyssa Smith,STARTER,24-30,7.7,6,-1.7000000000000002,1.7000000000000002,GOLD
2026-06-17,NaLyssa Smith,STARTER,24-30,7.8,5,-2.8,2.8,GOLD
2026-06-21,NaLyssa Smith,STARTER,24-30,7.6,3,-4.6,4.6,GOLD
2026-06-23,NaLyssa Smith,STARTER,24-30,6.7,1,-5.7,5.7,GOLD
2026-06-25,NaLyssa Smith,STARTER,24-30,5.2,11,5.8,5.8,GOLD
2026-06-28,NaLyssa Smith,STARTER,24-30,5.9,1,-4.9,4.9,GOLD
2026-06-30,NaLyssa Smith,STARTER,24-30,5.1,6,0.9000000000000004,0.9000000000000004,GOLD
2026-07-03,NaLyssa Smith,STARTER,18-24,5.2,8,2.8,2.8,GOLD
2026-07-05,NaLyssa Smith,STARTER,24-30,5.9,10,4.1,4.1,GOLD
2026-07-09,NaLyssa Smith,STARTER,24-30,7,2,-5,5,GOLD
2026-07-11,NaLyssa Smith,STARTER,24-30,5.8,3,-2.8,2.8,GOLD
2026-07-12,NaLyssa Smith,STARTER,24-30,6,5,-1,1,GOLD
2026-07-20,NaLyssa Smith,STARTER,24-30,5.9,5,-0.9000000000000004,0.9000000000000004,GOLD
2026-07-22,NaLyssa Smith,STARTER,18-24,5.5,3,-2.5,2.5,GOLD
2026-07-30,NaLyssa Smith,STARTER,18-24,4.5,4,-0.5,0.5,GOLD
2026-08-01,NaLyssa Smith,STARTER,18-24,4.7,6,1.2999999999999998,1.2999999999999998,GOLD
2026-08-03,NaLyssa Smith,STARTER,18-24,5.1,4,-1.0999999999999996,1.0999999999999996,GOLD
2026-08-06,NaLyssa Smith,STARTER,24-30,5,9,4,4,GOLD
2026-08-08,NaLyssa Smith,STARTER,24-30,5.6,11,5.4,5.4,GOLD
2026-08-09,NaLyssa Smith,STARTER,24-30,6.6,6,-0.5999999999999996,0.5999999999999996,GOLD
2026-08-11,NaLyssa Smith,STARTER,24-30,6.8,11,4.2,4.2,GOLD
2026-06-02,Natasha Cloud,STARTER,30-36,5,0,-5,5,GOLD
2026-06-05,Natasha Cloud,BENCH,30-36,3.9,0,-3.9,3.9,GOLD
2026-06-07,Natasha Cloud,BENCH,24-30,2.7,4,1.2999999999999998,1.2999999999999998,GOLD
2026-06-09,Natasha Cloud,BENCH,24-30,3,6,3,3,GOLD
2026-06-11,Natasha Cloud,BENCH,24-30,3.2,4,0.7999999999999998,0.7999999999999998,GOLD
2026-06-17,Natasha Cloud,BENCH,24-30,3.2,3,-0.20000000000000018,0.20000000000000018,GOLD
2026-06-20,Natasha Cloud,BENCH,24-30,3.6,6,2.4,2.4,GOLD
2026-06-22,Natasha Cloud,BENCH,24-30,4.4,1,-3.4000000000000004,3.4000000000000004,GOLD
2026-06-24,Natasha Cloud,BENCH,24-30,3.9,4,0.10000000000000009,0.10000000000000009,GOLD
2026-06-26,Natasha Cloud,BENCH,24-30,3.7,1,-2.7,2.7,GOLD
2026-06-28,Natasha Cloud,BENCH,24-30,3.2,2,-1.2000000000000002,1.2000000000000002,GOLD
2026-07-03,Natasha Cloud,BENCH,18-24,3.1,3,-0.10000000000000009,0.10000000000000009,GOLD
2026-07-07,Natasha Cloud,STARTER,24-30,2.7,4,1.2999999999999998,1.2999999999999998,GOLD
2026-07-10,Natasha Cloud,STARTER,24-30,3.1,2,-1.1,1.1,GOLD
2026-07-12,Natasha Cloud,STARTER,24-30,2.8,2,-0.7999999999999998,0.7999999999999998,GOLD
2026-07-15,Natasha Cloud,STARTER,24-30,2.9,2,-0.8999999999999999,0.8999999999999999,GOLD
2026-07-17,Natasha Cloud,STARTER,24-30,2.9,6,3.1,3.1,GOLD
2026-07-19,Natasha Cloud,STARTER,24-30,3.3,2,-1.2999999999999998,1.2999999999999998,GOLD
2026-07-22,Natasha Cloud,STARTER,24-30,3,3,0,0,GOLD
2026-07-30,Natasha Cloud,STARTER,30-36,3.1,0,-3.1,3.1,GOLD
2026-08-01,Natasha Cloud,STARTER,30-36,2.9,1,-1.9,1.9,GOLD
2026-08-03,Natasha Cloud,STARTER,30-36,2.7,5,2.3,2.3,GOLD
2026-08-05,Natasha Cloud,STARTER,30-36,2.6,5,2.4,2.4,GOLD
2026-08-08,Natasha Cloud,STARTER,30-36,3,2,-1,1,GOLD
2026-08-10,Natasha Cloud,STARTER,24-30,2.8,2,-0.7999999999999998,0.7999999999999998,GOLD
2026-06-01,Natasha Howard,STARTER,24-30,9.2,4,-5.199999999999999,5.199999999999999,GOLD
2026-06-04,Natasha Howard,STARTER,24-30,8.2,10,1.8000000000000007,1.8000000000000007,GOLD
2026-06-06,Natasha Howard,STARTER,24-30,8.8,5,-3.8000000000000007,3.8000000000000007,GOLD
2026-06-09,Natasha Howard,STARTER,24-30,7.5,4,-3.5,3.5,GOLD
2026-06-13,Natasha Howard,STARTER,24-30,6.8,9,2.2,2.2,GOLD
2026-06-15,Natasha Howard,STARTER,24-30,7.2,6,-1.2000000000000002,1.2000000000000002,GOLD
2026-06-17,Natasha Howard,STARTER,24-30,7.3,9,1.7000000000000002,1.7000000000000002,GOLD
2026-06-19,Natasha Howard,STARTER,24-30,7.3,8,0.7000000000000002,0.7000000000000002,GOLD
2026-06-21,Natasha Howard,STARTER,24-30,7.7,6,-1.7000000000000002,1.7000000000000002,GOLD
2026-06-24,Natasha Howard,STARTER,24-30,7.9,15,7.1,7.1,GOLD
2026-06-28,Natasha Howard,STARTER,30-36,8.8,14,5.199999999999999,5.199999999999999,GOLD
2026-07-03,Natasha Howard,STARTER,30-36,9.9,6,-3.9000000000000004,3.9000000000000004,GOLD
2026-07-06,Natasha Howard,STARTER,30-36,9.5,6,-3.5,3.5,GOLD
2026-07-08,Natasha Howard,STARTER,30-36,9.2,10,0.8000000000000007,0.8000000000000007,GOLD
2026-07-11,Natasha Howard,STARTER,30-36,9.8,9,-0.8000000000000007,0.8000000000000007,GOLD
2026-07-13,Natasha Howard,STARTER,30-36,9,3,-6,6,GOLD
2026-07-15,Natasha Howard,STARTER,30-36,7.6,10,2.4000000000000004,2.4000000000000004,GOLD
2026-07-18,Natasha Howard,STARTER,30-36,8.1,7,-1.0999999999999996,1.0999999999999996,GOLD
2026-07-20,Natasha Howard,STARTER,30-36,8.2,12,3.8000000000000007,3.8000000000000007,GOLD
2026-07-22,Natasha Howard,STARTER,30-36,8.5,5,-3.5,3.5,GOLD
2026-07-25,Natasha Howard,STARTER,24-30,8,4,-4,4,GOLD
2026-07-28,Natasha Howard,STARTER,24-30,8,6,-2,2,GOLD
2026-07-30,Natasha Howard,STARTER,24-30,7.5,8,0.5,0.5,GOLD
2026-08-02,Natasha Howard,STARTER,24-30,7.7,4,-3.7,3.7,GOLD
2026-08-06,Natasha Howard,STARTER,24-30,6.5,6,-0.5,0.5,GOLD
2026-08-08,Natasha Howard,STARTER,24-30,6.6,8,1.4000000000000004,1.4000000000000004,GOLD
2026-08-09,Natasha Howard,STARTER,24-30,7.2,4,-3.2,3.2,GOLD
2026-05-30,Natisha Hiedeman,STARTER,24-30,1.5,2,0.5,0.5,GOLD
2026-06-01,Natisha Hiedeman,STARTER,24-30,1.6,2,0.3999999999999999,0.3999999999999999,GOLD
2026-06-03,Natisha Hiedeman,STARTER,24-30,1.7,4,2.3,2.3,GOLD
2026-06-06,Natisha Hiedeman,STARTER,24-30,2,4,2,2,GOLD
2026-06-08,Natisha Hiedeman,STARTER,24-30,2.5,5,2.5,2.5,GOLD
2026-06-10,Natisha Hiedeman,STARTER,24-30,2.9,1,-1.9,1.9,GOLD
2026-06-12,Natisha Hiedeman,STARTER,24-30,2.8,4,1.2000000000000002,1.2000000000000002,GOLD
2026-06-17,Natisha Hiedeman,STARTER,24-30,3,4,1,1,GOLD
2026-06-20,Natisha Hiedeman,STARTER,24-30,3.1,0,-3.1,3.1,GOLD
2026-06-22,Natisha Hiedeman,STARTER,24-30,2.5,4,1.5,1.5,GOLD
2026-06-25,Natisha Hiedeman,STARTER,30-36,2.5,0,-2.5,2.5,GOLD
2026-06-27,Natisha Hiedeman,STARTER,30-36,2.3,2,-0.2999999999999998,0.2999999999999998,GOLD
2026-07-02,Natisha Hiedeman,STARTER,30-36,2.1,4,1.9,1.9,GOLD
2026-07-04,Natisha Hiedeman,STARTER,30-36,2.1,2,-0.10000000000000009,0.10000000000000009,GOLD
2026-07-06,Natisha Hiedeman,STARTER,30-36,2.3,6,3.7,3.7,GOLD
2026-07-09,Natisha Hiedeman,STARTER,24-30,2.6,5,2.4,2.4,GOLD
2026-07-12,Natisha Hiedeman,STARTER,24-30,3.2,3,-0.20000000000000018,0.20000000000000018,GOLD
2026-07-15,Natisha Hiedeman,STARTER,30-36,3.3,3,-0.2999999999999998,0.2999999999999998,GOLD
2026-07-17,Natisha Hiedeman,STARTER,30-36,3.2,2,-1.2000000000000002,1.2000000000000002,GOLD
2026-07-20,Natisha Hiedeman,STARTER,30-36,3.2,1,-2.2,2.2,GOLD
2026-07-22,Natisha Hiedeman,STARTER,30-36,2.6,2,-0.6000000000000001,0.6000000000000001,GOLD
2026-07-28,Natisha Hiedeman,STARTER,30-36,2.3,6,3.7,3.7,GOLD
2026-07-31,Natisha Hiedeman,STARTER,30-36,2.7,5,2.3,2.3,GOLD
2026-08-03,Natisha Hiedeman,STARTER,30-36,2.9,1,-1.9,1.9,GOLD
2026-08-05,Natisha Hiedeman,STARTER,30-36,2.8,2,-0.7999999999999998,0.7999999999999998,GOLD
2026-08-08,Natisha Hiedeman,STARTER,30-36,2.9,3,0.10000000000000009,0.10000000000000009,GOLD
2026-08-10,Natisha Hiedeman,STARTER,30-36,3,2,-1,1,GOLD
2026-06-02,Naz Hillmon,STARTER,30-36,5.4,7,1.5999999999999996,1.5999999999999996,GOLD
2026-06-04,Naz Hillmon,STARTER,30-36,5.7,5,-0.7000000000000002,0.7000000000000002,GOLD
2026-06-06,Naz Hillmon,STARTER,30-36,6,6,0,0,GOLD
2026-06-09,Naz Hillmon,STARTER,30-36,6.2,6,-0.20000000000000018,0.20000000000000018,GOLD
2026-06-11,Naz Hillmon,STARTER,30-36,6,1,-5,5,GOLD
2026-06-14,Naz Hillmon,STARTER,30-36,5.1,6,0.9000000000000004,0.9000000000000004,GOLD
2026-06-18,Naz Hillmon,STARTER,30-36,5,4,-1,1,GOLD
2026-06-20,Naz Hillmon,STARTER,30-36,4.8,6,1.2000000000000002,1.2000000000000002,GOLD
2026-06-22,Naz Hillmon,STARTER,30-36,4.9,3,-1.9000000000000004,1.9000000000000004,GOLD
2026-06-24,Naz Hillmon,STARTER,24-30,4.4,2,-2.4000000000000004,2.4000000000000004,GOLD
2026-06-26,Naz Hillmon,STARTER,24-30,4.5,3,-1.5,1.5,GOLD
2026-07-02,Naz Hillmon,BENCH,24-30,4,5,1,1,GOLD
2026-07-04,Naz Hillmon,BENCH,24-30,4.2,5,0.7999999999999998,0.7999999999999998,GOLD
2026-07-09,Naz Hillmon,STARTER,24-30,4.1,2,-2.0999999999999996,2.0999999999999996,GOLD
2026-07-11,Naz Hillmon,STARTER,24-30,3.9,8,4.1,4.1,GOLD
2026-07-13,Naz Hillmon,STARTER,24-30,4.7,5,0.2999999999999998,0.2999999999999998,GOLD
2026-07-17,Naz Hillmon,STARTER,24-30,4.9,1,-3.9000000000000004,3.9000000000000004,GOLD
2026-07-19,Naz Hillmon,STARTER,24-30,4.4,2,-2.4000000000000004,2.4000000000000004,GOLD
2026-07-29,Naz Hillmon,STARTER,30-36,4,3,-1,1,GOLD
2026-07-31,Naz Hillmon,STARTER,24-30,4.1,2,-2.0999999999999996,2.0999999999999996,GOLD
2026-08-03,Naz Hillmon,STARTER,24-30,3.3,1,-2.3,2.3,GOLD
2026-08-05,Naz Hillmon,STARTER,24-30,2.7,5,2.3,2.3,GOLD
2026-08-07,Naz Hillmon,STARTER,24-30,3.2,4,0.7999999999999998,0.7999999999999998,GOLD
2026-08-10,Naz Hillmon,STARTER,24-30,3.5,5,1.5,1.5,GOLD
2026-06-01,Nia Coffey,STARTER,24-30,5.2,6,0.7999999999999998,0.7999999999999998,GOLD
2026-06-04,Nia Coffey,STARTER,24-30,5.6,6,0.40000000000000036,0.40000000000000036,GOLD
2026-06-06,Nia Coffey,STARTER,24-30,6,8,2,2,GOLD
2026-06-09,Nia Coffey,STARTER,24-30,6.2,8,1.7999999999999998,1.7999999999999998,GOLD
2026-06-13,Nia Coffey,STARTER,24-30,6.7,3,-3.7,3.7,GOLD
2026-06-15,Nia Coffey,STARTER,24-30,6,5,-1,1,GOLD
2026-06-17,Nia Coffey,STARTER,24-30,5.9,6,0.09999999999999964,0.09999999999999964,GOLD
2026-06-19,Nia Coffey,STARTER,24-30,5.9,6,0.09999999999999964,0.09999999999999964,GOLD
2026-06-21,Nia Coffey,STARTER,24-30,5.6,8,2.4000000000000004,2.4000000000000004,GOLD
2026-06-24,Nia Coffey,STARTER,24-30,5.7,5,-0.7000000000000002,0.7000000000000002,GOLD
2026-06-28,Nia Coffey,STARTER,24-30,5.9,8,2.0999999999999996,2.0999999999999996,GOLD
2026-07-03,Nia Coffey,STARTER,24-30,6.3,5,-1.2999999999999998,1.2999999999999998,GOLD
2026-07-06,Nia Coffey,STARTER,24-30,6.2,4,-2.2,2.2,GOLD
2026-07-08,Nia Coffey,STARTER,24-30,5.9,1,-4.9,4.9,GOLD
2026-07-11,Nia Coffey,STARTER,24-30,5,5,0,0,GOLD
2026-07-13,Nia Coffey,STARTER,24-30,4.9,3,-1.9000000000000004,1.9000000000000004,GOLD
2026-07-15,Nia Coffey,STARTER,24-30,4.3,5,0.7000000000000002,0.7000000000000002,GOLD
2026-07-18,Nia Coffey,STARTER,24-30,4.3,3,-1.2999999999999998,1.2999999999999998,GOLD
2026-07-20,Nia Coffey,STARTER,24-30,4.1,1,-3.0999999999999996,3.0999999999999996,GOLD
2026-07-22,Nia Coffey,BENCH,24-30,4.1,2,-2.0999999999999996,2.0999999999999996,GOLD
2026-07-28,Nia Coffey,BENCH,24-30,3.6,4,0.3999999999999999,0.3999999999999999,GOLD
2026-07-30,Nia Coffey,BENCH,18-24,3.7,0,-3.7,3.7,GOLD
2026-08-02,Nia Coffey,BENCH,18-24,3,2,-1,1,GOLD
2026-08-06,Nia Coffey,BENCH,18-24,2.8,2,-0.7999999999999998,0.7999999999999998,GOLD
2026-08-08,Nia Coffey,BENCH,12-18,2.9,3,0.10000000000000009,0.10000000000000009,GOLD
2026-08-09,Nia Coffey,BENCH,12-18,3.1,4,0.8999999999999999,0.8999999999999999,GOLD
2026-06-05,Nneka Ogwumike,STARTER,30-36,8.1,10,1.9000000000000004,1.9000000000000004,GOLD
2026-06-07,Nneka Ogwumike,STARTER,30-36,8.6,17,8.4,8.4,GOLD
2026-06-10,Nneka Ogwumike,STARTER,30-36,10.5,9,-1.5,1.5,GOLD
2026-06-13,Nneka Ogwumike,STARTER,30-36,10.3,15,4.699999999999999,4.699999999999999,GOLD
2026-06-15,Nneka Ogwumike,STARTER,30-36,12,7,-5,5,GOLD
2026-06-17,Nneka Ogwumike,STARTER,30-36,11.3,8,-3.3000000000000007,3.3000000000000007,GOLD
2026-06-21,Nneka Ogwumike,STARTER,30-36,11,6,-5,5,GOLD
2026-06-25,Nneka Ogwumike,STARTER,30-36,9.5,7,-2.5,2.5,GOLD
2026-06-27,Nneka Ogwumike,STARTER,30-36,9.1,7,-2.0999999999999996,2.0999999999999996,GOLD
2026-07-06,Nneka Ogwumike,STARTER,30-36,8.1,11,2.9000000000000004,2.9000000000000004,GOLD
2026-07-08,Nneka Ogwumike,STARTER,30-36,8.6,8,-0.5999999999999996,0.5999999999999996,GOLD
2026-07-10,Nneka Ogwumike,STARTER,30-36,8.6,12,3.4000000000000004,3.4000000000000004,GOLD
2026-07-13,Nneka Ogwumike,STARTER,30-36,9.5,5,-4.5,4.5,GOLD
2026-07-15,Nneka Ogwumike,STARTER,30-36,9.1,12,2.9000000000000004,2.9000000000000004,GOLD
2026-07-17,Nneka Ogwumike,STARTER,30-36,9.8,12,2.1999999999999993,2.1999999999999993,GOLD
2026-07-19,Nneka Ogwumike,STARTER,30-36,10,10,0,0,GOLD
2026-07-22,Nneka Ogwumike,STARTER,30-36,10.2,13,2.8000000000000007,2.8000000000000007,GOLD
2026-07-25,Nneka Ogwumike,BENCH,30-36,10.4,9,-1.4000000000000004,1.4000000000000004,GOLD
2026-07-28,Nneka Ogwumike,STARTER,24-30,11,4,-7,7,GOLD
2026-08-02,Nneka Ogwumike,STARTER,24-30,9.8,10,0.1999999999999993,0.1999999999999993,GOLD
2026-08-05,Nneka Ogwumike,STARTER,24-30,9.6,7,-2.5999999999999996,2.5999999999999996,GOLD
2026-08-06,Nneka Ogwumike,STARTER,24-30,9.2,7,-2.1999999999999993,2.1999999999999993,GOLD
2026-08-09,Nneka Ogwumike,STARTER,24-30,8.4,7,-1.4000000000000004,1.4000000000000004,GOLD
2026-08-11,Nneka Ogwumike,STARTER,30-36,8.1,9,0.9000000000000004,0.9000000000000004,GOLD
2026-06-07,Nyara Sabally,STARTER,24-30,4.6,6,1.4000000000000004,1.4000000000000004,GOLD
2026-06-10,Nyara Sabally,STARTER,24-30,4.9,5,0.09999999999999964,0.09999999999999964,GOLD
2026-06-22,Nyara Sabally,STARTER,24-30,5.2,4,-1.2000000000000002,1.2000000000000002,GOLD
2026-06-25,Nyara Sabally,STARTER,24-30,4.9,4,-0.9000000000000004,0.9000000000000004,GOLD
2026-06-27,Nyara Sabally,STARTER,24-30,4.9,4,-0.9000000000000004,0.9000000000000004,GOLD
2026-07-05,Nyara Sabally,STARTER,18-24,4.6,7,2.4000000000000004,2.4000000000000004,GOLD
2026-07-08,Nyara Sabally,STARTER,24-30,4.8,1,-3.8,3.8,GOLD
2026-07-12,Nyara Sabally,BENCH,18-24,4.2,7,2.8,2.8,GOLD
2026-07-14,Nyara Sabally,BENCH,18-24,4.7,4,-0.7000000000000002,0.7000000000000002,GOLD
2026-07-17,Nyara Sabally,BENCH,18-24,4.6,1,-3.5999999999999996,3.5999999999999996,GOLD
2026-07-30,Nyara Sabally,BENCH,18-24,4.2,2,-2.2,2.2,GOLD
2026-08-02,Nyara Sabally,STARTER,18-24,3.5,8,4.5,4.5,GOLD
2026-08-04,Nyara Sabally,STARTER,18-24,4.4,6,1.5999999999999996,1.5999999999999996,GOLD
2026-08-06,Nyara Sabally,STARTER,18-24,4.3,5,0.7000000000000002,0.7000000000000002,GOLD
2026-08-10,Nyara Sabally,STARTER,18-24,4.5,12,7.5,7.5,GOLD
2026-06-01,Olivia Miles,STARTER,30-36,6,4,-2,2,GOLD
2026-06-04,Olivia Miles,STARTER,30-36,5.6,4,-1.5999999999999996,1.5999999999999996,GOLD
2026-06-06,Olivia Miles,STARTER,30-36,5.5,6,0.5,0.5,GOLD
2026-06-09,Olivia Miles,STARTER,30-36,5.2,7,1.7999999999999998,1.7999999999999998,GOLD
2026-06-13,Olivia Miles,STARTER,30-36,5.5,4,-1.5,1.5,GOLD
2026-06-15,Olivia Miles,STARTER,30-36,5.2,4,-1.2000000000000002,1.2000000000000002,GOLD
2026-06-17,Olivia Miles,STARTER,30-36,5.1,4,-1.0999999999999996,1.0999999999999996,GOLD
2026-06-19,Olivia Miles,STARTER,24-30,5.1,5,-0.09999999999999964,0.09999999999999964,GOLD
2026-06-21,Olivia Miles,STARTER,24-30,5,5,0,0,GOLD
2026-06-24,Olivia Miles,STARTER,24-30,4.7,4,-0.7000000000000002,0.7000000000000002,GOLD
2026-06-28,Olivia Miles,STARTER,30-36,4.7,3,-1.7000000000000002,1.7000000000000002,GOLD
2026-07-03,Olivia Miles,STARTER,30-36,4.5,5,0.5,0.5,GOLD
2026-07-11,Olivia Miles,STARTER,30-36,4.6,5,0.40000000000000036,0.40000000000000036,GOLD
2026-07-13,Olivia Miles,STARTER,30-36,4.6,3,-1.5999999999999996,1.5999999999999996,GOLD
2026-07-15,Olivia Miles,STARTER,30-36,4.4,4,-0.40000000000000036,0.40000000000000036,GOLD
2026-07-18,Olivia Miles,STARTER,30-36,4.3,4,-0.2999999999999998,0.2999999999999998,GOLD
2026-07-20,Olivia Miles,STARTER,30-36,4.4,8,3.5999999999999996,3.5999999999999996,GOLD
2026-07-22,Olivia Miles,STARTER,30-36,4.9,3,-1.9000000000000004,1.9000000000000004,GOLD
2026-07-25,Olivia Miles,STARTER,30-36,4.6,12,7.4,7.4,GOLD
2026-07-28,Olivia Miles,STARTER,30-36,5.8,6,0.20000000000000018,0.20000000000000018,GOLD
2026-07-30,Olivia Miles,STARTER,30-36,6,3,-3,3,GOLD
2026-08-02,Olivia Miles,STARTER,24-30,5.9,4,-1.9000000000000004,1.9000000000000004,GOLD
2026-08-06,Olivia Miles,STARTER,24-30,5.4,8,2.5999999999999996,2.5999999999999996,GOLD
2026-08-08,Olivia Miles,STARTER,24-30,6.1,4,-2.0999999999999996,2.0999999999999996,GOLD
2026-08-09,Olivia Miles,STARTER,30-36,5.1,1,-4.1,4.1,GOLD
2026-06-02,Rachel Banham,BENCH,18-24,1.8,0,-1.8,1.8,GOLD
2026-06-05,Rachel Banham,STARTER,12-18,1.6,2,0.3999999999999999,0.3999999999999999,GOLD
2026-06-07,Rachel Banham,STARTER,18-24,1.8,2,0.19999999999999996,0.19999999999999996,GOLD
2026-06-09,Rachel Banham,BENCH,18-24,2.1,0,-2.1,2.1,GOLD
2026-06-11,Rachel Banham,BENCH,18-24,1.9,0,-1.9,1.9,GOLD
2026-06-17,Rachel Banham,BENCH,12-18,1,2,1,1,GOLD
2026-06-22,Rachel Banham,BENCH,12-18,1.3,0,-1.3,1.3,GOLD
2026-06-24,Rachel Banham,BENCH,12-18,1,0,-1,1,GOLD
2026-06-26,Rachel Banham,BENCH,0-12,0.7,0,-0.7,0.7,GOLD
2026-07-07,Rachel Banham,BENCH,0-12,0.6,2,1.4,1.4,GOLD
2026-07-10,Rachel Banham,BENCH,0-12,0.9,3,2.1,2.1,GOLD
2026-07-12,Rachel Banham,BENCH,12-18,1.1,0,-1.1,1.1,GOLD
2026-07-15,Rachel Banham,BENCH,12-18,1.1,2,0.8999999999999999,0.8999999999999999,GOLD
2026-07-17,Rachel Banham,BENCH,12-18,1.4,0,-1.4,1.4,GOLD
2026-07-19,Rachel Banham,BENCH,0-12,1.4,0,-1.4,1.4,GOLD
2026-07-22,Rachel Banham,BENCH,0-12,1.1,0,-1.1,1.1,GOLD
2026-08-01,Rachel Banham,BENCH,0-12,0.6,1,0.4,0.4,GOLD
2026-08-03,Rachel Banham,BENCH,0-12,0.8,1,0.19999999999999996,0.19999999999999996,GOLD
2026-08-05,Rachel Banham,BENCH,0-12,0.7,3,2.3,2.3,GOLD
2026-08-08,Rachel Banham,BENCH,0-12,1.1,1,-0.10000000000000009,0.10000000000000009,GOLD
2026-08-10,Rachel Banham,BENCH,0-12,1.2,1,-0.19999999999999996,0.19999999999999996,GOLD
2026-06-02,Rae Burrell,STARTER,24-30,2.5,1,-1.5,1.5,GOLD
2026-06-05,Rae Burrell,BENCH,24-30,2.2,2,-0.20000000000000018,0.20000000000000018,GOLD
2026-06-07,Rae Burrell,BENCH,24-30,2.3,3,0.7000000000000002,0.7000000000000002,GOLD
2026-06-10,Rae Burrell,BENCH,24-30,2.4,2,-0.3999999999999999,0.3999999999999999,GOLD
2026-06-13,Rae Burrell,BENCH,24-30,2.4,3,0.6000000000000001,0.6000000000000001,GOLD
2026-06-15,Rae Burrell,BENCH,24-30,2.2,1,-1.2000000000000002,1.2000000000000002,GOLD
2026-06-17,Rae Burrell,STARTER,24-30,2.1,0,-2.1,2.1,GOLD
2026-06-21,Rae Burrell,BENCH,24-30,1.8,3,1.2,1.2,GOLD
2026-06-25,Rae Burrell,STARTER,24-30,1.9,2,0.10000000000000009,0.10000000000000009,GOLD
2026-06-27,Rae Burrell,STARTER,24-30,1.9,2,0.10000000000000009,0.10000000000000009,GOLD
2026-07-06,Rae Burrell,STARTER,24-30,1.7,1,-0.7,0.7,GOLD
2026-07-08,Rae Burrell,STARTER,24-30,1.7,3,1.3,1.3,GOLD
2026-07-10,Rae Burrell,STARTER,24-30,2.1,1,-1.1,1.1,GOLD
2026-07-13,Rae Burrell,STARTER,24-30,1.8,4,2.2,2.2,GOLD
2026-07-15,Rae Burrell,STARTER,24-30,2.1,4,1.9,1.9,GOLD
2026-07-17,Rae Burrell,STARTER,30-36,2.4,1,-1.4,1.4,GOLD
2026-07-19,Rae Burrell,STARTER,30-36,2.3,2,-0.2999999999999998,0.2999999999999998,GOLD
2026-07-22,Rae Burrell,STARTER,30-36,2.2,3,0.7999999999999998,0.7999999999999998,GOLD
2026-07-28,Rae Burrell,STARTER,30-36,2.5,3,0.5,0.5,GOLD
2026-08-02,Rae Burrell,STARTER,30-36,2.4,2,-0.3999999999999999,0.3999999999999999,GOLD
2026-08-05,Rae Burrell,STARTER,30-36,2.1,2,-0.10000000000000009,0.10000000000000009,GOLD
2026-08-06,Rae Burrell,STARTER,30-36,2.2,2,-0.20000000000000018,0.20000000000000018,GOLD
2026-08-09,Rae Burrell,STARTER,30-36,2.2,3,0.7999999999999998,0.7999999999999998,GOLD
2026-08-11,Rae Burrell,STARTER,24-30,2.2,3,0.7999999999999998,0.7999999999999998,GOLD
2026-06-04,Raven Johnson,BENCH,12-18,2.6,2,-0.6000000000000001,0.6000000000000001,GOLD
2026-06-06,Raven Johnson,BENCH,18-24,2.4,2,-0.3999999999999999,0.3999999999999999,GOLD
2026-06-08,Raven Johnson,BENCH,12-18,2.3,0,-2.3,2.3,GOLD
2026-06-11,Raven Johnson,BENCH,12-18,1.9,0,-1.9,1.9,GOLD
2026-06-13,Raven Johnson,BENCH,12-18,1.3,1,-0.30000000000000004,0.30000000000000004,GOLD
2026-06-16,Raven Johnson,BENCH,12-18,1.3,0,-1.3,1.3,GOLD
2026-06-18,Raven Johnson,BENCH,12-18,1,0,-1,1,GOLD
2026-06-20,Raven Johnson,BENCH,0-12,0.6,6,5.4,5.4,GOLD
2026-06-22,Raven Johnson,BENCH,12-18,1.6,5,3.4,3.4,GOLD
2026-06-24,Raven Johnson,BENCH,12-18,2.3,5,2.7,2.7,GOLD
2026-06-27,Raven Johnson,BENCH,12-18,2.8,3,0.20000000000000018,0.20000000000000018,GOLD
2026-07-05,Raven Johnson,BENCH,12-18,3.2,6,2.8,2.8,GOLD
2026-07-08,Raven Johnson,BENCH,18-24,3.8,2,-1.7999999999999998,1.7999999999999998,GOLD
2026-07-09,Raven Johnson,BENCH,12-18,3.5,6,2.5,2.5,GOLD
2026-07-12,Raven Johnson,BENCH,18-24,3.7,1,-2.7,2.7,GOLD
2026-07-15,Raven Johnson,BENCH,12-18,3.2,0,-3.2,3.2,GOLD
2026-07-17,Raven Johnson,BENCH,12-18,2.8,0,-2.8,2.8,GOLD
2026-07-18,Raven Johnson,BENCH,0-12,2.1,1,-1.1,1.1,GOLD
2026-07-31,Raven Johnson,BENCH,0-12,2,0,-2,2,GOLD
2026-08-02,Raven Johnson,BENCH,0-12,1.1,0,-1.1,1.1,GOLD
2026-08-08,Raven Johnson,BENCH,0-12,0.7,1,0.30000000000000004,0.30000000000000004,GOLD
2026-08-11,Raven Johnson,BENCH,0-12,0.9,0,-0.9,0.9,GOLD
2026-08-05,Shatori Walker-Kimbrough,BENCH,0-12,0.4,0,-0.4,0.4,GOLD
2026-08-07,Shatori Walker-Kimbrough,BENCH,0-12,0.4,0,-0.4,0.4,GOLD
2026-08-10,Shatori Walker-Kimbrough,BENCH,0-12,0.4,0,-0.4,0.4,GOLD
2026-06-02,Sika Kone,BENCH,0-12,0.8,0,-0.8,0.8,GOLD
2026-06-04,Sika Kone,BENCH,0-12,0.7,1,0.30000000000000004,0.30000000000000004,GOLD
2026-06-06,Sika Kone,BENCH,0-12,0.8,6,5.2,5.2,GOLD
2026-06-09,Sika Kone,BENCH,0-12,1.8,0,-1.8,1.8,GOLD
2026-06-11,Sika Kone,BENCH,0-12,1.3,1,-0.30000000000000004,0.30000000000000004,GOLD
2026-06-14,Sika Kone,BENCH,0-12,1.5,1,-0.5,0.5,GOLD
2026-06-18,Sika Kone,BENCH,0-12,1.6,1,-0.6000000000000001,0.6000000000000001,GOLD
2026-06-20,Sika Kone,BENCH,0-12,1.6,0,-1.6,1.6,GOLD
2026-06-22,Sika Kone,BENCH,0-12,0.8,0,-0.8,0.8,GOLD
2026-06-24,Sika Kone,BENCH,0-12,0.8,3,2.2,2.2,GOLD
2026-06-27,Sika Kone,BENCH,0-12,1.1,2,0.8999999999999999,0.8999999999999999,GOLD
2026-07-02,Sika Kone,STARTER,0-12,1.2,2,0.8,0.8,GOLD
2026-07-04,Sika Kone,BENCH,0-12,1.4,0,-1.4,1.4,GOLD
2026-07-09,Sika Kone,BENCH,0-12,1.4,0,-1.4,1.4,GOLD
2026-07-11,Sika Kone,BENCH,0-12,1.4,5,3.6,3.6,GOLD
2026-07-13,Sika Kone,BENCH,0-12,1.7,1,-0.7,0.7,GOLD
2026-07-17,Sika Kone,BENCH,0-12,1.5,0,-1.5,1.5,GOLD
2026-08-03,Sika Kone,BENCH,0-12,1.2,1,-0.19999999999999996,0.19999999999999996,GOLD
2026-08-05,Sika Kone,BENCH,0-12,1.3,0,-1.3,1.3,GOLD
2026-08-10,Sika Kone,BENCH,0-12,1.3,0,-1.3,1.3,GOLD
2026-06-04,Sophie Cunningham,BENCH,18-24,1.9,2,0.10000000000000009,0.10000000000000009,GOLD
2026-06-06,Sophie Cunningham,BENCH,18-24,1.8,1,-0.8,0.8,GOLD
2026-06-08,Sophie Cunningham,BENCH,18-24,1.6,2,0.3999999999999999,0.3999999999999999,GOLD
2026-06-13,Sophie Cunningham,BENCH,18-24,1.9,2,0.10000000000000009,0.10000000000000009,GOLD
2026-06-16,Sophie Cunningham,BENCH,18-24,1.9,6,4.1,4.1,GOLD
2026-06-18,Sophie Cunningham,BENCH,18-24,2.4,2,-0.3999999999999999,0.3999999999999999,GOLD
2026-06-20,Sophie Cunningham,BENCH,18-24,2.4,1,-1.4,1.4,GOLD
2026-06-22,Sophie Cunningham,BENCH,18-24,2.3,6,3.7,3.7,GOLD
2026-06-24,Sophie Cunningham,BENCH,24-30,2.9,0,-2.9,2.9,GOLD
2026-06-27,Sophie Cunningham,BENCH,24-30,2.6,2,-0.6000000000000001,0.6000000000000001,GOLD
2026-07-05,Sophie Cunningham,BENCH,18-24,2.1,1,-1.1,1.1,GOLD
2026-07-08,Sophie Cunningham,BENCH,18-24,2,1,-1,1,GOLD
2026-07-09,Sophie Cunningham,BENCH,18-24,2.1,2,-0.10000000000000009,0.10000000000000009,GOLD
2026-07-12,Sophie Cunningham,BENCH,18-24,1.5,0,-1.5,1.5,GOLD
2026-07-15,Sophie Cunningham,BENCH,18-24,1.4,2,0.6000000000000001,0.6000000000000001,GOLD
2026-07-17,Sophie Cunningham,BENCH,18-24,1.5,2,0.5,0.5,GOLD
2026-07-18,Sophie Cunningham,BENCH,18-24,1.6,4,2.4,2.4,GOLD
2026-07-22,Sophie Cunningham,BENCH,24-30,2,3,1,1,GOLD
2026-07-28,Sophie Cunningham,BENCH,18-24,2.1,5,2.9,2.9,GOLD
2026-07-31,Sophie Cunningham,BENCH,18-24,2.7,0,-2.7,2.7,GOLD
2026-08-02,Sophie Cunningham,BENCH,18-24,2.4,1,-1.4,1.4,GOLD
2026-08-06,Sophie Cunningham,BENCH,18-24,2.3,3,0.7000000000000002,0.7000000000000002,GOLD
2026-08-08,Sophie Cunningham,BENCH,24-30,2.2,1,-1.2000000000000002,1.2000000000000002,GOLD
2026-08-11,Sophie Cunningham,BENCH,18-24,2,2,0,0,GOLD
2026-05-30,Stefanie Dolson,STARTER,24-30,3.6,4,0.3999999999999999,0.3999999999999999,GOLD
2026-06-01,Stefanie Dolson,STARTER,24-30,3.5,2,-1.5,1.5,GOLD
2026-06-03,Stefanie Dolson,STARTER,18-24,3.3,2,-1.2999999999999998,1.2999999999999998,GOLD
2026-06-06,Stefanie Dolson,STARTER,18-24,3,4,1,1,GOLD
2026-06-08,Stefanie Dolson,BENCH,18-24,3.1,0,-3.1,3.1,GOLD
2026-06-10,Stefanie Dolson,BENCH,18-24,2.6,2,-0.6000000000000001,0.6000000000000001,GOLD
2026-06-12,Stefanie Dolson,BENCH,18-24,2.3,1,-1.2999999999999998,1.2999999999999998,GOLD
2026-06-17,Stefanie Dolson,BENCH,18-24,2.2,2,-0.20000000000000018,0.20000000000000018,GOLD
2026-06-20,Stefanie Dolson,BENCH,12-18,2.1,3,0.8999999999999999,0.8999999999999999,GOLD
2026-06-22,Stefanie Dolson,BENCH,12-18,2,1,-1,1,GOLD
2026-06-25,Stefanie Dolson,BENCH,12-18,2.1,2,-0.10000000000000009,0.10000000000000009,GOLD
2026-06-27,Stefanie Dolson,BENCH,12-18,2.1,2,-0.10000000000000009,0.10000000000000009,GOLD
2026-07-02,Stefanie Dolson,BENCH,12-18,2.2,1,-1.2000000000000002,1.2000000000000002,GOLD
2026-07-04,Stefanie Dolson,BENCH,12-18,2.1,1,-1.1,1.1,GOLD
2026-07-06,Stefanie Dolson,BENCH,12-18,1.8,2,0.19999999999999996,0.19999999999999996,GOLD
2026-07-09,Stefanie Dolson,BENCH,12-18,1.9,2,0.10000000000000009,0.10000000000000009,GOLD
2026-07-12,Stefanie Dolson,BENCH,12-18,1.9,1,-0.8999999999999999,0.8999999999999999,GOLD
2026-07-15,Stefanie Dolson,BENCH,12-18,1.7,6,4.3,4.3,GOLD
2026-07-17,Stefanie Dolson,BENCH,12-18,2.5,0,-2.5,2.5,GOLD
2026-07-20,Stefanie Dolson,BENCH,12-18,2.4,1,-1.4,1.4,GOLD
2026-07-22,Stefanie Dolson,BENCH,12-18,2.2,2,-0.20000000000000018,0.20000000000000018,GOLD
2026-07-28,Stefanie Dolson,BENCH,12-18,2.2,6,3.8,3.8,GOLD
2026-07-31,Stefanie Dolson,BENCH,12-18,3,0,-3,3,GOLD
2026-08-03,Stefanie Dolson,BENCH,0-12,2.1,0,-2.1,2.1,GOLD
2026-08-05,Stefanie Dolson,BENCH,12-18,2,3,1,1,GOLD
2026-08-08,Stefanie Dolson,BENCH,12-18,2.3,1,-1.2999999999999998,1.2999999999999998,GOLD
2026-08-10,Stefanie Dolson,BENCH,12-18,2.2,3,0.7999999999999998,0.7999999999999998,GOLD
2026-06-06,Stephanie Talbot,STARTER,18-24,4.8,0,-4.8,4.8,GOLD
2026-06-08,Stephanie Talbot,STARTER,18-24,3.9,3,-0.8999999999999999,0.8999999999999999,GOLD
2026-06-11,Stephanie Talbot,STARTER,18-24,3.8,10,6.2,6.2,GOLD
2026-06-13,Stephanie Talbot,STARTER,18-24,5,3,-2,2,GOLD
2026-06-15,Stephanie Talbot,STARTER,18-24,4.4,4,-0.40000000000000036,0.40000000000000036,GOLD
2026-06-17,Stephanie Talbot,STARTER,18-24,4.2,2,-2.2,2.2,GOLD
2026-06-21,Stephanie Talbot,STARTER,18-24,4.3,0,-4.3,4.3,GOLD
2026-06-23,Stephanie Talbot,STARTER,18-24,3.8,3,-0.7999999999999998,0.7999999999999998,GOLD
2026-06-25,Stephanie Talbot,STARTER,18-24,2.9,1,-1.9,1.9,GOLD
2026-06-28,Stephanie Talbot,STARTER,18-24,2.6,1,-1.6,1.6,GOLD
2026-06-30,Stephanie Talbot,STARTER,18-24,2.2,1,-1.2000000000000002,1.2000000000000002,GOLD
2026-07-03,Stephanie Talbot,STARTER,12-18,2,5,3,3,GOLD
2026-07-05,Stephanie Talbot,BENCH,18-24,2.6,4,1.4,1.4,GOLD
2026-07-09,Stephanie Talbot,STARTER,18-24,2.8,2,-0.7999999999999998,0.7999999999999998,GOLD
2026-07-11,Stephanie Talbot,STARTER,18-24,2.9,7,4.1,4.1,GOLD
2026-07-12,Stephanie Talbot,STARTER,18-24,3.7,2,-1.7000000000000002,1.7000000000000002,GOLD
2026-07-20,Stephanie Talbot,STARTER,18-24,3.8,1,-2.8,2.8,GOLD
2026-07-22,Stephanie Talbot,STARTER,12-18,3.2,0,-3.2,3.2,GOLD
2026-07-28,Stephanie Talbot,STARTER,12-18,2.7,0,-2.7,2.7,GOLD
2026-07-30,Stephanie Talbot,STARTER,12-18,2.4,1,-1.4,1.4,GOLD
2026-08-01,Stephanie Talbot,STARTER,12-18,1.5,2,0.5,0.5,GOLD
2026-08-03,Stephanie Talbot,STARTER,12-18,1.5,0,-1.5,1.5,GOLD
2026-08-06,Stephanie Talbot,STARTER,12-18,1.3,2,0.7,0.7,GOLD
2026-08-08,Stephanie Talbot,STARTER,12-18,1.6,1,-0.6000000000000001,0.6000000000000001,GOLD
2026-08-09,Stephanie Talbot,STARTER,12-18,1.8,2,0.19999999999999996,0.19999999999999996,GOLD
2026-08-11,Stephanie Talbot,STARTER,12-18,1.9,0,-1.9,1.9,GOLD
2026-06-05,Sydney Taylor,BENCH,18-24,1.6,1,-0.6000000000000001,0.6000000000000001,GOLD
2026-06-07,Sydney Taylor,BENCH,18-24,1.6,0,-1.6,1.6,GOLD
2026-06-09,Sydney Taylor,BENCH,12-18,1.2,0,-1.2,1.2,GOLD
2026-06-11,Sydney Taylor,BENCH,12-18,0.9,2,1.1,1.1,GOLD
2026-06-17,Sydney Taylor,STARTER,12-18,1,1,0,0,GOLD
2026-06-20,Sydney Taylor,STARTER,12-18,1,2,1,1,GOLD
2026-06-22,Sydney Taylor,STARTER,12-18,1.1,1,-0.10000000000000009,0.10000000000000009,GOLD
2026-06-24,Sydney Taylor,STARTER,18-24,1.2,1,-0.19999999999999996,0.19999999999999996,GOLD
2026-06-26,Sydney Taylor,STARTER,18-24,1.3,3,1.7,1.7,GOLD
2026-06-28,Sydney Taylor,STARTER,18-24,1.4,3,1.6,1.6,GOLD
2026-07-03,Sydney Taylor,STARTER,18-24,1.7,1,-0.7,0.7,GOLD
2026-07-07,Sydney Taylor,STARTER,18-24,1.6,1,-0.6000000000000001,0.6000000000000001,GOLD
2026-07-10,Sydney Taylor,STARTER,18-24,1.6,1,-0.6000000000000001,0.6000000000000001,GOLD
2026-07-12,Sydney Taylor,STARTER,18-24,1.6,1,-0.6000000000000001,0.6000000000000001,GOLD
2026-07-15,Sydney Taylor,STARTER,18-24,1.3,5,3.7,3.7,GOLD
2026-07-17,Sydney Taylor,STARTER,18-24,1.6,1,-0.6000000000000001,0.6000000000000001,GOLD
2026-07-19,Sydney Taylor,STARTER,18-24,1.6,3,1.4,1.4,GOLD
2026-07-22,Sydney Taylor,STARTER,18-24,1.9,3,1.1,1.1,GOLD
2026-07-30,Sydney Taylor,STARTER,24-30,2.1,2,-0.10000000000000009,0.10000000000000009,GOLD
2026-08-01,Sydney Taylor,STARTER,24-30,2.2,2,-0.20000000000000018,0.20000000000000018,GOLD
2026-08-03,Sydney Taylor,STARTER,24-30,1.9,2,0.10000000000000009,0.10000000000000009,GOLD
2026-06-02,Te-Hina Paopao,BENCH,12-18,1,1,0,0,GOLD
2026-06-04,Te-Hina Paopao,BENCH,12-18,0.9,2,1.1,1.1,GOLD
2026-06-06,Te-Hina Paopao,BENCH,12-18,0.9,1,0.09999999999999998,0.09999999999999998,GOLD
2026-06-09,Te-Hina Paopao,BENCH,12-18,0.9,2,1.1,1.1,GOLD
2026-06-11,Te-Hina Paopao,BENCH,12-18,1.2,0,-1.2,1.2,GOLD
2026-06-14,Te-Hina Paopao,BENCH,12-18,1.2,0,-1.2,1.2,GOLD
2026-06-18,Te-Hina Paopao,BENCH,12-18,1,1,0,0,GOLD
2026-06-20,Te-Hina Paopao,BENCH,12-18,0.9,0,-0.9,0.9,GOLD
2026-06-22,Te-Hina Paopao,BENCH,12-18,0.7,1,0.30000000000000004,0.30000000000000004,GOLD
2026-06-24,Te-Hina Paopao,BENCH,12-18,0.6,0,-0.6,0.6,GOLD
2026-06-26,Te-Hina Paopao,BENCH,12-18,0.6,0,-0.6,0.6,GOLD
2026-06-27,Te-Hina Paopao,BENCH,12-18,0.6,0,-0.6,0.6,GOLD
2026-07-02,Te-Hina Paopao,BENCH,12-18,0.4,1,0.6,0.6,GOLD
2026-07-04,Te-Hina Paopao,BENCH,12-18,0.5,0,-0.5,0.5,GOLD
2026-07-09,Te-Hina Paopao,BENCH,0-12,0.4,0,-0.4,0.4,GOLD
2026-07-11,Te-Hina Paopao,BENCH,0-12,0.4,0,-0.4,0.4,GOLD
2026-07-13,Te-Hina Paopao,BENCH,0-12,0.4,0,-0.4,0.4,GOLD
2026-05-30,Teonni Key,BENCH,12-18,3,1,-2,2,GOLD
2026-06-03,Teonni Key,BENCH,12-18,2.1,1,-1.1,1.1,GOLD
2026-06-07,Teonni Key,BENCH,0-12,1.9,4,2.1,2.1,GOLD
2026-06-10,Teonni Key,BENCH,0-12,2.1,3,0.8999999999999999,0.8999999999999999,GOLD
2026-06-12,Teonni Key,BENCH,0-12,2.2,1,-1.2000000000000002,1.2000000000000002,GOLD
2026-06-14,Teonni Key,BENCH,0-12,2.2,2,-0.20000000000000018,0.20000000000000018,GOLD
2026-06-16,Teonni Key,BENCH,0-12,2.3,2,-0.2999999999999998,0.2999999999999998,GOLD
2026-06-19,Teonni Key,BENCH,0-12,2.4,0,-2.4,2.4,GOLD
2026-06-22,Teonni Key,BENCH,0-12,1.8,1,-0.8,0.8,GOLD
2026-06-25,Teonni Key,BENCH,0-12,1.6,0,-1.6,1.6,GOLD
2026-07-05,Teonni Key,BENCH,0-12,1.4,0,-1.4,1.4,GOLD
2026-07-08,Teonni Key,BENCH,0-12,1,1,0,0,GOLD
2026-07-10,Teonni Key,BENCH,0-12,0.9,0,-0.9,0.9,GOLD
2026-07-14,Teonni Key,BENCH,0-12,0.8,0,-0.8,0.8,GOLD
2026-07-17,Teonni Key,BENCH,0-12,0.7,0,-0.7,0.7,GOLD
2026-07-20,Teonni Key,BENCH,0-12,0.6,1,0.4,0.4,GOLD
2026-07-28,Teonni Key,BENCH,0-12,0.8,3,2.2,2.2,GOLD
2026-07-30,Teonni Key,BENCH,0-12,1.1,1,-0.10000000000000009,0.10000000000000009,GOLD
2026-08-02,Teonni Key,BENCH,0-12,1.2,1,-0.19999999999999996,0.19999999999999996,GOLD
2026-08-06,Teonni Key,BENCH,0-12,1.3,0,-1.3,1.3,GOLD
2026-06-11,Tyasha Harris,BENCH,12-18,1.6,0,-1.6,1.6,GOLD
2026-06-13,Tyasha Harris,BENCH,12-18,1,0,-1,1,GOLD
2026-06-18,Tyasha Harris,BENCH,0-12,0.8,2,1.2,1.2,GOLD
2026-06-20,Tyasha Harris,BENCH,0-12,1.1,0,-1.1,1.1,GOLD
2026-06-24,Tyasha Harris,BENCH,0-12,0.8,0,-0.8,0.8,GOLD
2026-06-27,Tyasha Harris,STARTER,0-12,0.6,5,4.4,4.4,GOLD
2026-07-05,Tyasha Harris,STARTER,0-12,1.4,1,-0.3999999999999999,0.3999999999999999,GOLD
2026-07-08,Tyasha Harris,BENCH,12-18,1.5,3,1.5,1.5,GOLD
2026-07-09,Tyasha Harris,STARTER,12-18,1.7,1,-0.7,0.7,GOLD
2026-07-12,Tyasha Harris,BENCH,18-24,1.7,2,0.30000000000000004,0.30000000000000004,GOLD
2026-07-15,Tyasha Harris,BENCH,18-24,1.9,2,0.10000000000000009,0.10000000000000009,GOLD
2026-07-17,Tyasha Harris,BENCH,18-24,1.6,0,-1.6,1.6,GOLD
2026-07-18,Tyasha Harris,BENCH,18-24,1.5,2,0.5,0.5,GOLD
2026-07-22,Tyasha Harris,BENCH,18-24,1.4,0,-1.4,1.4,GOLD
2026-07-28,Tyasha Harris,BENCH,18-24,1.3,1,-0.30000000000000004,0.30000000000000004,GOLD
2026-07-31,Tyasha Harris,BENCH,12-18,1.1,1,-0.10000000000000009,0.10000000000000009,GOLD
2026-08-02,Tyasha Harris,BENCH,12-18,1,0,-1,1,GOLD
2026-08-06,Tyasha Harris,BENCH,12-18,1,1,0,0,GOLD
2026-08-08,Tyasha Harris,BENCH,12-18,0.8,0,-0.8,0.8,GOLD
2026-08-11,Tyasha Harris,BENCH,0-12,0.8,0,-0.8,0.8,GOLD
2026-05-30,Zia Cooke,BENCH,18-24,2.1,0,-2.1,2.1,GOLD
2026-06-01,Zia Cooke,BENCH,18-24,1.9,2,0.10000000000000009,0.10000000000000009,GOLD
2026-06-03,Zia Cooke,BENCH,12-18,1.7,1,-0.7,0.7,GOLD
2026-06-06,Zia Cooke,BENCH,12-18,1.2,2,0.8,0.8,GOLD
2026-06-08,Zia Cooke,BENCH,12-18,1.3,0,-1.3,1.3,GOLD
2026-06-10,Zia Cooke,BENCH,12-18,1.2,1,-0.19999999999999996,0.19999999999999996,GOLD
2026-06-12,Zia Cooke,BENCH,12-18,1.3,1,-0.30000000000000004,0.30000000000000004,GOLD
2026-06-17,Zia Cooke,BENCH,0-12,1.2,3,1.8,1.8,GOLD
2026-06-20,Zia Cooke,BENCH,12-18,1.5,2,0.5,0.5,GOLD
2026-06-22,Zia Cooke,BENCH,12-18,1.5,2,0.5,0.5,GOLD
2026-06-25,Zia Cooke,BENCH,12-18,1.7,4,2.3,2.3,GOLD
2026-06-27,Zia Cooke,BENCH,12-18,2.2,1,-1.2000000000000002,1.2000000000000002,GOLD
2026-07-02,Zia Cooke,BENCH,12-18,2.1,1,-1.1,1.1,GOLD
2026-07-04,Zia Cooke,BENCH,12-18,1.9,1,-0.8999999999999999,0.8999999999999999,GOLD
2026-07-06,Zia Cooke,BENCH,12-18,1.8,2,0.19999999999999996,0.19999999999999996,GOLD
2026-07-09,Zia Cooke,BENCH,12-18,1.8,2,0.19999999999999996,0.19999999999999996,GOLD
2026-07-12,Zia Cooke,BENCH,12-18,1.5,1,-0.5,0.5,GOLD
2026-07-15,Zia Cooke,BENCH,12-18,1.5,1,-0.5,0.5,GOLD
2026-07-17,Zia Cooke,BENCH,12-18,1.5,0,-1.5,1.5,GOLD
2026-07-20,Zia Cooke,BENCH,0-12,1.4,2,0.6000000000000001,0.6000000000000001,GOLD
2026-07-22,Zia Cooke,BENCH,12-18,1.4,1,-0.3999999999999999,0.3999999999999999,GOLD
2026-07-28,Zia Cooke,BENCH,12-18,1.2,2,0.8,0.8,GOLD
2026-07-31,Zia Cooke,BENCH,12-18,1.4,1,-0.3999999999999999,0.3999999999999999,GOLD
2026-08-03,Zia Cooke,BENCH,12-18,1.4,0,-1.4,1.4,GOLD
2026-08-05,Zia Cooke,BENCH,12-18,1.3,2,0.7,0.7,GOLD
2026-08-08,Zia Cooke,BENCH,12-18,1.3,1,-0.30000000000000004,0.30000000000000004,GOLD
2026-08-10,Zia Cooke,BENCH,12-18,1.3,2,0.7,0.7,GOLD
2026-06-08,Aaliyah Edwards,STARTER,18-24,4,5,1,1,GOLD
2026-06-10,Aaliyah Edwards,STARTER,18-24,4.4,4,-0.40000000000000036,0.40000000000000036,GOLD
2026-06-13,Aaliyah Edwards,STARTER,18-24,4.4,3,-1.4000000000000004,1.4000000000000004,GOLD
2026-06-17,Aaliyah Edwards,STARTER,18-24,3.9,3,-0.8999999999999999,0.8999999999999999,GOLD
2026-06-19,Aaliyah Edwards,STARTER,18-24,3.6,2,-1.6,1.6,GOLD
2026-06-22,Aaliyah Edwards,BENCH,18-24,3.5,5,1.5,1.5,GOLD
2026-06-26,Aaliyah Edwards,BENCH,18-24,3.6,5,1.4,1.4,GOLD
2026-07-02,Aaliyah Edwards,BENCH,12-18,3.7,3,-0.7000000000000002,0.7000000000000002,GOLD
2026-07-06,Aaliyah Edwards,BENCH,18-24,3.7,2,-1.7000000000000002,1.7000000000000002,GOLD
2026-07-08,Aaliyah Edwards,STARTER,12-18,3.5,4,0.5,0.5,GOLD
2026-07-10,Aaliyah Edwards,STARTER,12-18,3.8,2,-1.7999999999999998,1.7999999999999998,GOLD
2026-07-14,Aaliyah Edwards,BENCH,18-24,3.4,8,4.6,4.6,GOLD
2026-07-17,Aaliyah Edwards,BENCH,18-24,3.8,7,3.2,3.2,GOLD
2026-07-19,Aaliyah Edwards,BENCH,18-24,4.4,0,-4.4,4.4,GOLD
2026-08-07,Aaliyah Edwards,BENCH,18-24,4.1,8,3.9000000000000004,3.9000000000000004,GOLD
2026-06-05,Alanna Smith,BENCH,12-18,3,2,-1,1,GOLD
2026-06-09,Alanna Smith,BENCH,12-18,3,2,-1,1,GOLD
2026-06-11,Alanna Smith,BENCH,12-18,2.5,5,2.5,2.5,GOLD
2026-06-13,Alanna Smith,BENCH,12-18,3,3,0,0,GOLD
2026-06-15,Alanna Smith,BENCH,12-18,3.1,1,-2.1,2.1,GOLD
2026-06-17,Alanna Smith,BENCH,12-18,2.7,3,0.2999999999999998,0.2999999999999998,GOLD
2026-06-20,Alanna Smith,BENCH,12-18,2.8,0,-2.8,2.8,GOLD
2026-07-02,Alanna Smith,BENCH,0-12,2.5,3,0.5,0.5,GOLD
2026-07-05,Alanna Smith,BENCH,0-12,2.2,4,1.7999999999999998,1.7999999999999998,GOLD
2026-07-07,Alanna Smith,BENCH,12-18,2.4,5,2.6,2.6,GOLD
2026-07-10,Alanna Smith,BENCH,12-18,2.9,0,-2.9,2.9,GOLD
2026-07-12,Alanna Smith,BENCH,0-12,2.5,1,-1.5,1.5,GOLD
2026-07-31,Alanna Smith,BENCH,0-12,2.6,5,2.4,2.4,GOLD
2026-08-02,Alanna Smith,STARTER,12-18,2.9,3,0.10000000000000009,0.10000000000000009,GOLD
2026-08-05,Alanna Smith,STARTER,12-18,2.8,11,8.2,8.2,GOLD
2026-08-07,Alanna Smith,STARTER,12-18,3.6,6,2.4,2.4,GOLD
2026-08-09,Alanna Smith,STARTER,12-18,4.4,8,3.5999999999999996,3.5999999999999996,GOLD
2026-06-09,Alysha Clark,BENCH,0-12,1.2,1,-0.19999999999999996,0.19999999999999996,GOLD
2026-06-11,Alysha Clark,BENCH,0-12,1.2,0,-1.2,1.2,GOLD
2026-06-13,Alysha Clark,BENCH,0-12,1.1,1,-0.10000000000000009,0.10000000000000009,GOLD
2026-06-15,Alysha Clark,BENCH,0-12,1.2,1,-0.19999999999999996,0.19999999999999996,GOLD
2026-06-25,Alysha Clark,BENCH,0-12,0.7,1,0.30000000000000004,0.30000000000000004,GOLD
2026-07-05,Alysha Clark,BENCH,0-12,0.9,1,0.09999999999999998,0.09999999999999998,GOLD
2026-07-10,Alysha Clark,BENCH,0-12,0.9,0,-0.9,0.9,GOLD
2026-07-12,Alysha Clark,BENCH,0-12,0.8,0,-0.8,0.8,GOLD
2026-07-19,Alysha Clark,BENCH,0-12,0.7,2,1.3,1.3,GOLD
2026-07-20,Alysha Clark,BENCH,0-12,0.9,0,-0.9,0.9,GOLD
2026-07-31,Alysha Clark,BENCH,0-12,0.7,4,3.3,3.3,GOLD
2026-08-02,Alysha Clark,BENCH,0-12,1.1,3,1.9,1.9,GOLD
2026-05-30,Aneesah Morrow,STARTER,18-24,9.2,14,4.800000000000001,4.800000000000001,GOLD
2026-06-02,Aneesah Morrow,STARTER,18-24,9.8,13,3.1999999999999993,3.1999999999999993,GOLD
2026-06-05,Aneesah Morrow,STARTER,24-30,11.2,17,5.800000000000001,5.800000000000001,GOLD
2026-06-13,Aneesah Morrow,BENCH,24-30,12.9,5,-7.9,7.9,GOLD
2026-06-17,Aneesah Morrow,BENCH,24-30,12,10,-2,2,GOLD
2026-06-19,Aneesah Morrow,BENCH,24-30,11.6,10,-1.5999999999999996,1.5999999999999996,GOLD
2026-06-22,Aneesah Morrow,BENCH,24-30,11.1,2,-9.1,9.1,GOLD
2026-07-02,Aneesah Morrow,BENCH,18-24,9.5,1,-8.5,8.5,GOLD
2026-07-22,Aneesah Morrow,STARTER,12-18,7.1,8,0.9000000000000004,0.9000000000000004,GOLD
2026-07-28,Aneesah Morrow,STARTER,12-18,7.6,4,-3.5999999999999996,3.5999999999999996,GOLD
2026-07-30,Aneesah Morrow,STARTER,18-24,6.5,7,0.5,0.5,GOLD
2026-08-04,Aneesah Morrow,BENCH,18-24,6.1,5,-1.0999999999999996,1.0999999999999996,GOLD
2026-08-06,Aneesah Morrow,BENCH,18-24,6.5,8,1.5,1.5,GOLD
2026-08-10,Aneesah Morrow,BENCH,18-24,7.5,1,-6.5,6.5,GOLD
2026-06-06,Angela Dugalic,BENCH,12-18,4.2,9,4.8,4.8,GOLD
2026-06-08,Angela Dugalic,BENCH,12-18,5.2,5,-0.20000000000000018,0.20000000000000018,GOLD
2026-06-12,Angela Dugalic,STARTER,12-18,5.5,6,0.5,0.5,GOLD
2026-06-14,Angela Dugalic,STARTER,12-18,5.9,6,0.09999999999999964,0.09999999999999964,GOLD
2026-06-17,Angela Dugalic,STARTER,12-18,6,2,-4,4,GOLD
2026-06-19,Angela Dugalic,BENCH,18-24,5.3,1,-4.3,4.3,GOLD
2026-06-21,Angela Dugalic,BENCH,18-24,4.3,5,0.7000000000000002,0.7000000000000002,GOLD
2026-06-24,Angela Dugalic,BENCH,12-18,4.3,0,-4.3,4.3,GOLD
2026-06-26,Angela Dugalic,BENCH,12-18,3.4,1,-2.4,2.4,GOLD
2026-06-28,Angela Dugalic,BENCH,12-18,2.6,2,-0.6000000000000001,0.6000000000000001,GOLD
2026-07-02,Angela Dugalic,BENCH,0-12,2.5,0,-2.5,2.5,GOLD
2026-07-06,Angela Dugalic,BENCH,0-12,2.3,1,-1.2999999999999998,1.2999999999999998,GOLD
2026-07-12,Angela Dugalic,BENCH,0-12,1.7,0,-1.7,1.7,GOLD
2026-07-14,Angela Dugalic,BENCH,0-12,1.6,2,0.3999999999999999,0.3999999999999999,GOLD
2026-07-16,Angela Dugalic,BENCH,0-12,1.7,3,1.3,1.3,GOLD
2026-07-18,Angela Dugalic,BENCH,0-12,1.9,1,-0.8999999999999999,0.8999999999999999,GOLD
2026-07-22,Angela Dugalic,BENCH,0-12,2.1,2,-0.10000000000000009,0.10000000000000009,GOLD
2026-07-28,Angela Dugalic,BENCH,0-12,2.4,1,-1.4,1.4,GOLD
2026-08-09,Angela Dugalic,BENCH,0-12,2.5,3,0.5,0.5,GOLD
2026-08-11,Angela Dugalic,BENCH,0-12,2.5,1,-1.5,1.5,GOLD
2026-06-01,Arike Ogunbowale,STARTER,24-30,1.2,5,3.8,3.8,GOLD
2026-06-05,Arike Ogunbowale,STARTER,24-30,2,6,4,4,GOLD
2026-06-09,Arike Ogunbowale,STARTER,24-30,2.7,3,0.2999999999999998,0.2999999999999998,GOLD
2026-06-11,Arike Ogunbowale,STARTER,24-30,3,6,3,3,GOLD
2026-06-13,Arike Ogunbowale,STARTER,24-30,3.5,6,2.5,2.5,GOLD
2026-06-15,Arike Ogunbowale,STARTER,24-30,4.4,4,-0.40000000000000036,0.40000000000000036,GOLD
2026-06-17,Arike Ogunbowale,STARTER,30-36,4.3,2,-2.3,2.3,GOLD
2026-06-20,Arike Ogunbowale,STARTER,24-30,3.8,3,-0.7999999999999998,0.7999999999999998,GOLD
2026-06-22,Arike Ogunbowale,STARTER,30-36,3.8,2,-1.7999999999999998,1.7999999999999998,GOLD
2026-06-25,Arike Ogunbowale,STARTER,24-30,3.3,1,-2.3,2.3,GOLD
2026-06-28,Arike Ogunbowale,STARTER,24-30,2.5,4,1.5,1.5,GOLD
2026-07-02,Arike Ogunbowale,STARTER,24-30,2.6,2,-0.6000000000000001,0.6000000000000001,GOLD
2026-07-05,Arike Ogunbowale,STARTER,24-30,2.5,6,3.5,3.5,GOLD
2026-07-07,Arike Ogunbowale,STARTER,24-30,3,1,-2,2,GOLD
2026-07-10,Arike Ogunbowale,STARTER,24-30,2.9,3,0.10000000000000009,0.10000000000000009,GOLD
2026-07-12,Arike Ogunbowale,STARTER,24-30,3.1,3,-0.10000000000000009,0.10000000000000009,GOLD
2026-07-19,Arike Ogunbowale,STARTER,24-30,3,2,-1,1,GOLD
2026-07-20,Arike Ogunbowale,STARTER,24-30,2.9,5,2.1,2.1,GOLD
2026-07-22,Arike Ogunbowale,STARTER,30-36,2.9,3,0.10000000000000009,0.10000000000000009,GOLD
2026-07-29,Arike Ogunbowale,STARTER,30-36,3.1,6,2.9,2.9,GOLD
2026-07-31,Arike Ogunbowale,STARTER,30-36,3.5,2,-1.5,1.5,GOLD
2026-08-02,Arike Ogunbowale,STARTER,30-36,3.4,5,1.6,1.6,GOLD
2026-08-05,Arike Ogunbowale,STARTER,30-36,3.8,3,-0.7999999999999998,0.7999999999999998,GOLD
2026-08-07,Arike Ogunbowale,STARTER,30-36,3.5,4,0.5,0.5,GOLD
2026-08-09,Arike Ogunbowale,STARTER,30-36,3.7,0,-3.7,3.7,GOLD
2026-06-11,Awak Kuier,BENCH,12-18,3.6,3,-0.6000000000000001,0.6000000000000001,GOLD
2026-06-13,Awak Kuier,BENCH,12-18,3.6,5,1.4,1.4,GOLD
2026-06-15,Awak Kuier,STARTER,18-24,4.1,4,-0.09999999999999964,0.09999999999999964,GOLD
2026-06-17,Awak Kuier,STARTER,18-24,4.1,2,-2.0999999999999996,2.0999999999999996,GOLD
2026-06-20,Awak Kuier,STARTER,18-24,3.6,0,-3.6,3.6,GOLD
2026-06-22,Awak Kuier,STARTER,18-24,3,4,1,1,GOLD
2026-06-25,Awak Kuier,STARTER,18-24,3.1,2,-1.1,1.1,GOLD
2026-06-28,Awak Kuier,STARTER,18-24,2.7,3,0.2999999999999998,0.2999999999999998,GOLD
2026-07-02,Awak Kuier,STARTER,18-24,2.6,0,-2.6,2.6,GOLD
2026-07-05,Awak Kuier,STARTER,18-24,2.2,6,3.8,3.8,GOLD
2026-07-07,Awak Kuier,STARTER,18-24,3.1,12,8.9,8.9,GOLD
2026-07-10,Awak Kuier,STARTER,18-24,4.2,1,-3.2,3.2,GOLD
2026-07-12,Awak Kuier,STARTER,18-24,4.1,2,-2.0999999999999996,2.0999999999999996,GOLD
2026-07-19,Awak Kuier,STARTER,12-18,3.9,1,-2.9,2.9,GOLD
2026-07-20,Awak Kuier,STARTER,12-18,4,4,0,0,GOLD
2026-07-22,Awak Kuier,STARTER,12-18,3.8,3,-0.7999999999999998,0.7999999999999998,GOLD
2026-07-29,Awak Kuier,STARTER,12-18,2.6,2,-0.6000000000000001,0.6000000000000001,GOLD
2026-07-31,Awak Kuier,STARTER,12-18,2.7,1,-1.7000000000000002,1.7000000000000002,GOLD
2026-08-02,Awak Kuier,BENCH,12-18,2.6,2,-0.6000000000000001,0.6000000000000001,GOLD
2026-08-05,Awak Kuier,BENCH,12-18,2.7,0,-2.7,2.7,GOLD
2026-08-07,Awak Kuier,BENCH,12-18,2.1,1,-1.1,1.1,GOLD
2026-08-09,Awak Kuier,BENCH,0-12,1.8,7,5.2,5.2,GOLD
2026-06-01,Aziaha James,BENCH,0-12,2.4,3,0.6000000000000001,0.6000000000000001,GOLD
2026-06-05,Aziaha James,BENCH,0-12,2.5,1,-1.5,1.5,GOLD
2026-06-09,Aziaha James,BENCH,0-12,2.1,5,2.9,2.9,GOLD
2026-06-11,Aziaha James,BENCH,0-12,2.4,1,-1.4,1.4,GOLD
2026-06-13,Aziaha James,STARTER,12-18,2.3,6,3.7,3.7,GOLD
2026-06-15,Aziaha James,BENCH,12-18,3.1,4,0.8999999999999999,0.8999999999999999,GOLD
2026-06-17,Aziaha James,BENCH,12-18,3.2,2,-1.2000000000000002,1.2000000000000002,GOLD
2026-06-20,Aziaha James,BENCH,12-18,3.3,3,-0.2999999999999998,0.2999999999999998,GOLD
2026-06-22,Aziaha James,BENCH,12-18,3.1,6,2.9,2.9,GOLD
2026-06-25,Aziaha James,BENCH,12-18,3.7,1,-2.7,2.7,GOLD
2026-06-28,Aziaha James,BENCH,12-18,3.1,1,-2.1,2.1,GOLD
2026-07-02,Aziaha James,BENCH,12-18,2.7,3,0.2999999999999998,0.2999999999999998,GOLD
2026-07-05,Aziaha James,BENCH,12-18,2.8,4,1.2000000000000002,1.2000000000000002,GOLD
2026-07-07,Aziaha James,BENCH,12-18,3,0,-3,3,GOLD
2026-07-10,Aziaha James,BENCH,0-12,2.2,2,-0.20000000000000018,0.20000000000000018,GOLD
2026-07-12,Aziaha James,BENCH,0-12,2.3,0,-2.3,2.3,GOLD
2026-07-19,Aziaha James,BENCH,0-12,2.1,1,-1.1,1.1,GOLD
2026-07-20,Aziaha James,BENCH,0-12,1.8,2,0.19999999999999996,0.19999999999999996,GOLD
2026-07-22,Aziaha James,BENCH,0-12,1.5,2,0.5,0.5,GOLD
2026-07-29,Aziaha James,BENCH,0-12,1.8,1,-0.8,0.8,GOLD
2026-07-31,Aziaha James,BENCH,0-12,1.6,1,-0.6000000000000001,0.6000000000000001,GOLD
2026-08-02,Aziaha James,BENCH,0-12,1.8,2,0.19999999999999996,0.19999999999999996,GOLD
2026-08-05,Aziaha James,BENCH,0-12,1.9,0,-1.9,1.9,GOLD
2026-08-07,Aziaha James,STARTER,0-12,1.6,4,2.4,2.4,GOLD
2026-08-09,Aziaha James,BENCH,0-12,1.9,6,4.1,4.1,GOLD
2026-06-01,Azzi Fudd,STARTER,24-30,1.5,1,-0.5,0.5,GOLD
2026-06-05,Azzi Fudd,STARTER,24-30,1.4,1,-0.3999999999999999,0.3999999999999999,GOLD
2026-06-09,Azzi Fudd,STARTER,24-30,1.5,0,-1.5,1.5,GOLD
2026-06-11,Azzi Fudd,STARTER,30-36,1.3,3,1.7,1.7,GOLD
2026-06-13,Azzi Fudd,STARTER,30-36,1.5,4,2.5,2.5,GOLD
2026-06-15,Azzi Fudd,STARTER,30-36,1.7,0,-1.7,1.7,GOLD
2026-06-17,Azzi Fudd,STARTER,30-36,1.5,1,-0.5,0.5,GOLD
2026-06-20,Azzi Fudd,STARTER,30-36,1.5,5,3.5,3.5,GOLD
2026-06-22,Azzi Fudd,STARTER,30-36,2.2,3,0.7999999999999998,0.7999999999999998,GOLD
2026-06-25,Azzi Fudd,STARTER,30-36,2.2,1,-1.2000000000000002,1.2000000000000002,GOLD
2026-06-28,Azzi Fudd,STARTER,30-36,1.8,1,-0.8,0.8,GOLD
2026-07-02,Azzi Fudd,STARTER,30-36,1.9,4,2.1,2.1,GOLD
2026-07-05,Azzi Fudd,STARTER,30-36,2.3,3,0.7000000000000002,0.7000000000000002,GOLD
2026-07-07,Azzi Fudd,STARTER,30-36,2.1,0,-2.1,2.1,GOLD
2026-07-10,Azzi Fudd,STARTER,30-36,1.7,2,0.30000000000000004,0.30000000000000004,GOLD
2026-07-12,Azzi Fudd,STARTER,30-36,1.9,1,-0.8999999999999999,0.8999999999999999,GOLD
2026-07-19,Azzi Fudd,STARTER,30-36,1.8,4,2.2,2.2,GOLD
2026-07-20,Azzi Fudd,STARTER,30-36,1.9,1,-0.8999999999999999,0.8999999999999999,GOLD
2026-07-22,Azzi Fudd,STARTER,30-36,1.7,0,-1.7,1.7,GOLD
2026-07-29,Azzi Fudd,STARTER,30-36,1.6,3,1.4,1.4,GOLD
2026-07-31,Azzi Fudd,STARTER,30-36,1.7,1,-0.7,0.7,GOLD
2026-08-02,Azzi Fudd,STARTER,30-36,1.7,2,0.30000000000000004,0.30000000000000004,GOLD
2026-08-05,Azzi Fudd,STARTER,30-36,1.5,1,-0.5,0.5,GOLD
2026-05-30,Bridget Carleton,STARTER,24-30,4,2,-2,2,GOLD
2026-06-02,Bridget Carleton,STARTER,24-30,3.5,3,-0.5,0.5,GOLD
2026-06-05,Bridget Carleton,STARTER,24-30,3.5,4,0.5,0.5,GOLD
2026-06-07,Bridget Carleton,STARTER,24-30,3.7,7,3.3,3.3,GOLD
2026-06-11,Bridget Carleton,STARTER,24-30,4.4,1,-3.4000000000000004,3.4000000000000004,GOLD
2026-06-13,Bridget Carleton,STARTER,24-30,3.5,4,0.5,0.5,GOLD
2026-06-15,Bridget Carleton,STARTER,24-30,3.8,1,-2.8,2.8,GOLD
2026-06-17,Bridget Carleton,STARTER,24-30,3.4,4,0.6000000000000001,0.6000000000000001,GOLD
2026-06-24,Bridget Carleton,STARTER,24-30,3.5,5,1.5,1.5,GOLD
2026-06-26,Bridget Carleton,STARTER,24-30,3.3,4,0.7000000000000002,0.7000000000000002,GOLD
2026-06-28,Bridget Carleton,STARTER,24-30,3.6,3,-0.6000000000000001,0.6000000000000001,GOLD
2026-07-04,Bridget Carleton,STARTER,30-36,3.5,7,3.5,3.5,GOLD
2026-07-09,Bridget Carleton,STARTER,30-36,4.3,6,1.7000000000000002,1.7000000000000002,GOLD
2026-07-11,Bridget Carleton,STARTER,30-36,4.6,3,-1.5999999999999996,1.5999999999999996,GOLD
2026-07-14,Bridget Carleton,STARTER,30-36,4.3,3,-1.2999999999999998,1.2999999999999998,GOLD
2026-07-16,Bridget Carleton,STARTER,30-36,4.2,3,-1.2000000000000002,1.2000000000000002,GOLD
2026-07-18,Bridget Carleton,STARTER,30-36,4.2,8,3.8,3.8,GOLD
2026-07-22,Bridget Carleton,STARTER,30-36,4.4,5,0.5999999999999996,0.5999999999999996,GOLD
2026-07-28,Bridget Carleton,STARTER,30-36,4.3,4,-0.2999999999999998,0.2999999999999998,GOLD
2026-07-31,Bridget Carleton,STARTER,24-30,4.4,3,-1.4000000000000004,1.4000000000000004,GOLD
2026-08-02,Bridget Carleton,STARTER,30-36,4.4,11,6.6,6.6,GOLD
2026-08-06,Bridget Carleton,STARTER,30-36,5.4,11,5.6,5.6,GOLD
2026-08-08,Bridget Carleton,STARTER,30-36,5.9,6,0.09999999999999964,0.09999999999999964,GOLD
2026-06-17,Brittney Griner,STARTER,24-30,4.2,3,-1.2000000000000002,1.2000000000000002,GOLD
2026-06-19,Brittney Griner,STARTER,18-24,3.9,8,4.1,4.1,GOLD
2026-06-22,Brittney Griner,STARTER,24-30,4.8,8,3.2,3.2,GOLD
2026-06-26,Brittney Griner,STARTER,18-24,5.5,2,-3.5,3.5,GOLD
2026-07-02,Brittney Griner,STARTER,18-24,4.6,11,6.4,6.4,GOLD
2026-07-06,Brittney Griner,STARTER,24-30,6,10,4,4,GOLD
2026-07-14,Brittney Griner,STARTER,24-30,7,4,-3,3,GOLD
2026-07-17,Brittney Griner,STARTER,24-30,6.4,6,-0.40000000000000036,0.40000000000000036,GOLD
2026-07-19,Brittney Griner,STARTER,24-30,6.2,5,-1.2000000000000002,1.2000000000000002,GOLD
2026-08-07,Brittney Griner,STARTER,24-30,6.5,7,0.5,0.5,GOLD
2026-06-06,Cassandre Prosper,BENCH,12-18,1.2,0,-1.2,1.2,GOLD
2026-06-08,Cassandre Prosper,BENCH,12-18,1.1,1,-0.10000000000000009,0.10000000000000009,GOLD
2026-06-12,Cassandre Prosper,BENCH,12-18,1.3,0,-1.3,1.3,GOLD
2026-06-14,Cassandre Prosper,BENCH,0-12,1.1,0,-1.1,1.1,GOLD
2026-06-17,Cassandre Prosper,BENCH,0-12,1.1,2,0.8999999999999999,0.8999999999999999,GOLD
2026-06-19,Cassandre Prosper,BENCH,0-12,0.7,1,0.30000000000000004,0.30000000000000004,GOLD
2026-07-02,Cassandre Prosper,BENCH,0-12,0.9,2,1.1,1.1,GOLD
2026-07-06,Cassandre Prosper,BENCH,0-12,1,1,0,0,GOLD
2026-07-12,Cassandre Prosper,BENCH,0-12,1.1,0,-1.1,1.1,GOLD
2026-07-14,Cassandre Prosper,BENCH,0-12,1.1,2,0.8999999999999999,0.8999999999999999,GOLD
2026-07-16,Cassandre Prosper,BENCH,0-12,1.1,2,0.8999999999999999,0.8999999999999999,GOLD
2026-07-18,Cassandre Prosper,BENCH,12-18,1.3,2,0.7,0.7,GOLD
2026-07-20,Cassandre Prosper,BENCH,0-12,1.3,2,0.7,0.7,GOLD
2026-07-22,Cassandre Prosper,BENCH,0-12,1.4,0,-1.4,1.4,GOLD
2026-07-28,Cassandre Prosper,BENCH,0-12,1.4,0,-1.4,1.4,GOLD
2026-07-31,Cassandre Prosper,BENCH,0-12,1.2,0,-1.2,1.2,GOLD
2026-08-05,Cassandre Prosper,BENCH,0-12,0.9,1,0.09999999999999998,0.09999999999999998,GOLD
2026-08-07,Cassandre Prosper,BENCH,0-12,0.8,4,3.2,3.2,GOLD
2026-08-09,Cassandre Prosper,BENCH,0-12,1.1,2,0.8999999999999999,0.8999999999999999,GOLD
2026-08-11,Cassandre Prosper,BENCH,0-12,1.3,0,-1.3,1.3,GOLD
2026-05-30,Charlisse Leger-Walker,BENCH,24-30,1.9,1,-0.8999999999999999,0.8999999999999999,GOLD
2026-06-02,Charlisse Leger-Walker,BENCH,18-24,1.9,0,-1.9,1.9,GOLD
2026-06-05,Charlisse Leger-Walker,BENCH,18-24,1.5,0,-1.5,1.5,GOLD
2026-06-08,Charlisse Leger-Walker,BENCH,18-24,1.1,2,0.8999999999999999,0.8999999999999999,GOLD
2026-06-10,Charlisse Leger-Walker,BENCH,12-18,1.2,1,-0.19999999999999996,0.19999999999999996,GOLD
2026-06-13,Charlisse Leger-Walker,BENCH,12-18,1,0,-1,1,GOLD
2026-06-17,Charlisse Leger-Walker,BENCH,12-18,0.8,2,1.2,1.2,GOLD
2026-06-19,Charlisse Leger-Walker,BENCH,12-18,1.1,2,0.8999999999999999,0.8999999999999999,GOLD
2026-06-22,Charlisse Leger-Walker,STARTER,12-18,1.4,7,5.6,5.6,GOLD
2026-06-26,Charlisse Leger-Walker,STARTER,18-24,2.2,3,0.7999999999999998,0.7999999999999998,GOLD
2026-07-02,Charlisse Leger-Walker,STARTER,18-24,2.3,2,-0.2999999999999998,0.2999999999999998,GOLD
2026-07-06,Charlisse Leger-Walker,STARTER,18-24,2.5,4,1.5,1.5,GOLD
2026-07-08,Charlisse Leger-Walker,STARTER,24-30,2.8,4,1.2000000000000002,1.2000000000000002,GOLD
2026-07-10,Charlisse Leger-Walker,STARTER,24-30,3,1,-2,2,GOLD
2026-07-14,Charlisse Leger-Walker,STARTER,24-30,2.4,4,1.6,1.6,GOLD
2026-07-17,Charlisse Leger-Walker,STARTER,24-30,2.5,4,1.5,1.5,GOLD
2026-07-19,Charlisse Leger-Walker,STARTER,24-30,2.8,3,0.20000000000000018,0.20000000000000018,GOLD
2026-07-22,Charlisse Leger-Walker,STARTER,24-30,2.7,2,-0.7000000000000002,0.7000000000000002,GOLD
2026-07-28,Charlisse Leger-Walker,STARTER,24-30,2.5,3,0.5,0.5,GOLD
2026-07-30,Charlisse Leger-Walker,STARTER,24-30,2.7,1,-1.7000000000000002,1.7000000000000002,GOLD
2026-08-02,Charlisse Leger-Walker,STARTER,24-30,2.4,0,-2.4,2.4,GOLD
2026-08-07,Charlisse Leger-Walker,STARTER,24-30,1.9,1,-0.8999999999999999,0.8999999999999999,GOLD
2026-06-06,Cotie McMahon,BENCH,12-18,1,2,1,1,GOLD
2026-06-08,Cotie McMahon,BENCH,12-18,1.2,7,5.8,5.8,GOLD
2026-06-12,Cotie McMahon,BENCH,12-18,2.1,2,-0.10000000000000009,0.10000000000000009,GOLD
2026-06-14,Cotie McMahon,BENCH,12-18,2.3,3,0.7000000000000002,0.7000000000000002,GOLD
2026-06-17,Cotie McMahon,BENCH,18-24,2.6,6,3.4,3.4,GOLD
2026-06-19,Cotie McMahon,BENCH,18-24,3.2,1,-2.2,2.2,GOLD
2026-06-21,Cotie McMahon,BENCH,18-24,3.1,3,-0.10000000000000009,0.10000000000000009,GOLD
2026-06-24,Cotie McMahon,BENCH,18-24,2.7,3,0.2999999999999998,0.2999999999999998,GOLD
2026-06-26,Cotie McMahon,BENCH,18-24,2.8,2,-0.7999999999999998,0.7999999999999998,GOLD
2026-06-28,Cotie McMahon,BENCH,18-24,2.6,1,-1.6,1.6,GOLD
2026-07-02,Cotie McMahon,STARTER,18-24,2.1,3,0.8999999999999999,0.8999999999999999,GOLD
2026-07-06,Cotie McMahon,STARTER,24-30,2.3,5,2.7,2.7,GOLD
2026-07-12,Cotie McMahon,BENCH,24-30,2.6,1,-1.6,1.6,GOLD
2026-07-14,Cotie McMahon,BENCH,18-24,2.3,5,2.7,2.7,GOLD
2026-07-16,Cotie McMahon,BENCH,18-24,2.7,4,1.2999999999999998,1.2999999999999998,GOLD
2026-07-18,Cotie McMahon,BENCH,18-24,3.1,5,1.9,1.9,GOLD
2026-07-20,Cotie McMahon,BENCH,18-24,3.5,2,-1.5,1.5,GOLD
2026-07-22,Cotie McMahon,BENCH,12-18,3.2,6,2.8,2.8,GOLD
2026-07-28,Cotie McMahon,BENCH,12-18,3.9,2,-1.9,1.9,GOLD
2026-07-31,Cotie McMahon,BENCH,18-24,3.4,6,2.6,2.6,GOLD
2026-08-05,Cotie McMahon,BENCH,18-24,3.5,3,-0.5,0.5,GOLD
2026-08-07,Cotie McMahon,BENCH,18-24,3.3,5,1.7000000000000002,1.7000000000000002,GOLD
2026-08-09,Cotie McMahon,BENCH,18-24,3.8,0,-3.8,3.8,GOLD
2026-08-11,Cotie McMahon,BENCH,18-24,3,2,-1,1,GOLD
2026-05-30,Diamond Miller,STARTER,12-18,1.2,1,-0.19999999999999996,0.19999999999999996,GOLD
2026-06-02,Diamond Miller,STARTER,18-24,1.3,3,1.7,1.7,GOLD
2026-06-05,Diamond Miller,STARTER,18-24,1.5,3,1.5,1.5,GOLD
2026-06-08,Diamond Miller,STARTER,18-24,1.5,2,0.5,0.5,GOLD
2026-06-10,Diamond Miller,STARTER,18-24,1.7,4,2.3,2.3,GOLD
2026-06-13,Diamond Miller,STARTER,18-24,2.2,1,-1.2000000000000002,1.2000000000000002,GOLD
2026-06-17,Diamond Miller,STARTER,18-24,2.2,0,-2.2,2.2,GOLD
2026-06-19,Diamond Miller,STARTER,18-24,1.8,3,1.2,1.2,GOLD
2026-06-22,Diamond Miller,STARTER,18-24,1.8,1,-0.8,0.8,GOLD
2026-06-26,Diamond Miller,STARTER,18-24,1.7,4,2.3,2.3,GOLD
2026-07-02,Diamond Miller,STARTER,18-24,1.8,3,1.2,1.2,GOLD
2026-07-06,Diamond Miller,STARTER,18-24,2,4,2,2,GOLD
2026-07-08,Diamond Miller,STARTER,18-24,2.5,4,1.5,1.5,GOLD
2026-07-10,Diamond Miller,STARTER,18-24,2.7,3,0.2999999999999998,0.2999999999999998,GOLD
2026-07-14,Diamond Miller,STARTER,18-24,2.9,1,-1.9,1.9,GOLD
2026-07-17,Diamond Miller,STARTER,18-24,2.5,1,-1.5,1.5,GOLD
2026-07-19,Diamond Miller,STARTER,18-24,2.3,7,4.7,4.7,GOLD
2026-07-22,Diamond Miller,STARTER,24-30,2.7,2,-0.7000000000000002,0.7000000000000002,GOLD
2026-07-28,Diamond Miller,STARTER,24-30,2.5,1,-1.5,1.5,GOLD
2026-07-30,Diamond Miller,STARTER,24-30,2.3,3,0.7000000000000002,0.7000000000000002,GOLD
2026-08-02,Diamond Miller,STARTER,24-30,2.5,4,1.5,1.5,GOLD
2026-08-07,Diamond Miller,STARTER,24-30,2.8,4,1.2000000000000002,1.2000000000000002,GOLD
2026-05-29,Emily Engstler,STARTER,18-24,3.6,2,-1.6,1.6,GOLD
2026-05-30,Emily Engstler,STARTER,18-24,3.4,10,6.6,6.6,GOLD
2026-06-02,Emily Engstler,STARTER,18-24,4.7,8,3.3,3.3,GOLD
2026-06-05,Emily Engstler,STARTER,24-30,5,5,0,0,GOLD
2026-06-07,Emily Engstler,STARTER,18-24,5,8,3,3,GOLD
2026-06-11,Emily Engstler,STARTER,18-24,6,6,0,0,GOLD
2026-06-13,Emily Engstler,STARTER,24-30,6.5,6,-0.5,0.5,GOLD
2026-06-15,Emily Engstler,STARTER,18-24,6,2,-4,4,GOLD
2026-06-17,Emily Engstler,STARTER,18-24,5.3,6,0.7000000000000002,0.7000000000000002,GOLD
2026-06-24,Emily Engstler,STARTER,18-24,5.4,4,-1.4000000000000004,1.4000000000000004,GOLD
2026-06-26,Emily Engstler,STARTER,18-24,4.9,5,0.09999999999999964,0.09999999999999964,GOLD
2026-06-28,Emily Engstler,STARTER,18-24,4.8,11,6.2,6.2,GOLD
2026-07-04,Emily Engstler,STARTER,18-24,5.5,8,2.5,2.5,GOLD
2026-07-09,Emily Engstler,STARTER,24-30,6.3,7,0.7000000000000002,0.7000000000000002,GOLD
2026-07-11,Emily Engstler,STARTER,24-30,6.4,11,4.6,4.6,GOLD
2026-07-14,Emily Engstler,STARTER,24-30,7.3,6,-1.2999999999999998,1.2999999999999998,GOLD
2026-07-16,Emily Engstler,STARTER,24-30,7.5,3,-4.5,4.5,GOLD
2026-07-18,Emily Engstler,STARTER,24-30,6.5,6,-0.5,0.5,GOLD
2026-07-22,Emily Engstler,STARTER,24-30,6.2,1,-5.2,5.2,GOLD
2026-07-28,Emily Engstler,STARTER,24-30,5.5,10,4.5,4.5,GOLD
2026-07-31,Emily Engstler,STARTER,24-30,5.4,2,-3.4000000000000004,3.4000000000000004,GOLD
2026-08-02,Emily Engstler,STARTER,24-30,4.9,3,-1.9000000000000004,1.9000000000000004,GOLD
2026-08-06,Emily Engstler,STARTER,24-30,4.8,6,1.2000000000000002,1.2000000000000002,GOLD
2026-08-08,Emily Engstler,STARTER,18-24,4.8,4,-0.7999999999999998,0.7999999999999998,GOLD
2026-06-06,Georgia Amoore,STARTER,24-30,1,2,1,1,GOLD
2026-06-08,Georgia Amoore,STARTER,24-30,1.1,1,-0.10000000000000009,0.10000000000000009,GOLD
2026-06-12,Georgia Amoore,STARTER,24-30,1,0,-1,1,GOLD
2026-06-14,Georgia Amoore,STARTER,24-30,1,2,1,1,GOLD
2026-06-17,Georgia Amoore,STARTER,18-24,1.1,0,-1.1,1.1,GOLD
2026-06-19,Georgia Amoore,STARTER,18-24,1,0,-1,1,GOLD
2026-06-21,Georgia Amoore,STARTER,18-24,0.7,2,1.3,1.3,GOLD
2026-06-24,Georgia Amoore,STARTER,24-30,0.8,1,0.19999999999999996,0.19999999999999996,GOLD
2026-06-26,Georgia Amoore,STARTER,24-30,1,2,1,1,GOLD
2026-06-28,Georgia Amoore,STARTER,24-30,1,0,-1,1,GOLD
2026-07-02,Georgia Amoore,STARTER,24-30,1,1,0,0,GOLD
2026-07-06,Georgia Amoore,STARTER,18-24,1.1,2,0.8999999999999999,0.8999999999999999,GOLD
2026-07-12,Georgia Amoore,STARTER,18-24,1.1,3,1.9,1.9,GOLD
2026-07-14,Georgia Amoore,STARTER,18-24,1.4,1,-0.3999999999999999,0.3999999999999999,GOLD
2026-07-16,Georgia Amoore,STARTER,18-24,1.3,1,-0.30000000000000004,0.30000000000000004,GOLD
2026-07-18,Georgia Amoore,STARTER,18-24,1.5,3,1.5,1.5,GOLD
2026-07-20,Georgia Amoore,STARTER,18-24,1.6,0,-1.6,1.6,GOLD
2026-07-22,Georgia Amoore,STARTER,18-24,1.4,2,0.6000000000000001,0.6000000000000001,GOLD
2026-07-28,Georgia Amoore,STARTER,18-24,1.3,3,1.7,1.7,GOLD
2026-07-31,Georgia Amoore,STARTER,18-24,1.5,1,-0.5,0.5,GOLD
2026-08-05,Georgia Amoore,STARTER,18-24,1.5,0,-1.5,1.5,GOLD
2026-08-07,Georgia Amoore,STARTER,24-30,1.2,1,-0.19999999999999996,0.19999999999999996,GOLD
2026-08-09,Georgia Amoore,STARTER,18-24,1.3,1,-0.30000000000000004,0.30000000000000004,GOLD
2026-08-11,Georgia Amoore,STARTER,18-24,1.2,0,-1.2,1.2,GOLD
2026-05-30,Gianna Kneepkens,BENCH,0-12,0.8,0,-0.8,0.8,GOLD
2026-06-02,Gianna Kneepkens,BENCH,0-12,0.7,1,0.30000000000000004,0.30000000000000004,GOLD
2026-06-05,Gianna Kneepkens,BENCH,0-12,0.8,0,-0.8,0.8,GOLD
2026-06-08,Gianna Kneepkens,BENCH,0-12,0.6,1,0.4,0.4,GOLD
2026-06-17,Gianna Kneepkens,BENCH,0-12,0.6,1,0.4,0.4,GOLD
2026-06-22,Gianna Kneepkens,BENCH,0-12,0.6,1,0.4,0.4,GOLD
2026-07-06,Gianna Kneepkens,BENCH,0-12,0.8,0,-0.8,0.8,GOLD
2026-07-08,Gianna Kneepkens,BENCH,0-12,0.6,0,-0.6,0.6,GOLD
2026-07-10,Gianna Kneepkens,BENCH,0-12,0.6,1,0.4,0.4,GOLD
2026-07-17,Gianna Kneepkens,BENCH,0-12,0.6,1,0.4,0.4,GOLD
2026-07-19,Gianna Kneepkens,BENCH,0-12,0.6,1,0.4,0.4,GOLD
2026-07-22,Gianna Kneepkens,BENCH,0-12,0.6,0,-0.6,0.6,GOLD
2026-08-02,Gianna Kneepkens,BENCH,0-12,0.6,1,0.4,0.4,GOLD
2026-06-05,Hailey Van Lith,BENCH,12-18,1,1,0,0,GOLD
2026-07-10,Hailey Van Lith,BENCH,12-18,1,0,-1,1,GOLD
2026-07-19,Hailey Van Lith,BENCH,12-18,1,0,-1,1,GOLD
2026-08-07,Hailey Van Lith,BENCH,0-12,0.9,2,1.1,1.1,GOLD
2026-06-02,Holly Winterburn,BENCH,0-12,1.2,1,-0.19999999999999996,0.19999999999999996,GOLD
2026-06-15,Holly Winterburn,BENCH,0-12,1.2,0,-1.2,1.2,GOLD
2026-06-24,Holly Winterburn,BENCH,0-12,0.9,0,-0.9,0.9,GOLD
2026-06-26,Holly Winterburn,BENCH,0-12,0.8,0,-0.8,0.8,GOLD
2026-07-04,Holly Winterburn,BENCH,0-12,0.4,1,0.6,0.6,GOLD
2026-07-09,Holly Winterburn,BENCH,0-12,0.5,0,-0.5,0.5,GOLD
2026-07-11,Holly Winterburn,BENCH,0-12,0.4,0,-0.4,0.4,GOLD
2026-07-16,Holly Winterburn,BENCH,0-12,0.4,0,-0.4,0.4,GOLD
2026-07-22,Holly Winterburn,BENCH,0-12,0.3,1,0.7,0.7,GOLD
2026-07-28,Holly Winterburn,BENCH,0-12,0.5,0,-0.5,0.5,GOLD
2026-07-31,Holly Winterburn,BENCH,0-12,0.4,1,0.6,0.6,GOLD
2026-08-02,Holly Winterburn,BENCH,0-12,0.5,2,1.5,1.5,GOLD
2026-08-06,Holly Winterburn,BENCH,0-12,0.8,1,0.19999999999999996,0.19999999999999996,GOLD
2026-08-08,Holly Winterburn,BENCH,0-12,0.9,2,1.1,1.1,GOLD
2026-06-01,Jessica Shepard,STARTER,30-36,14.1,8,-6.1,6.1,GOLD
2026-06-05,Jessica Shepard,STARTER,30-36,12.8,15,2.1999999999999993,2.1999999999999993,GOLD
2026-06-09,Jessica Shepard,STARTER,30-36,13.5,9,-4.5,4.5,GOLD
2026-06-11,Jessica Shepard,STARTER,30-36,13.1,10,-3.0999999999999996,3.0999999999999996,GOLD
2026-06-13,Jessica Shepard,STARTER,30-36,12.8,14,1.1999999999999993,1.1999999999999993,GOLD
2026-06-15,Jessica Shepard,STARTER,30-36,12.1,15,2.9000000000000004,2.9000000000000004,GOLD
2026-06-17,Jessica Shepard,STARTER,30-36,13.1,10,-3.0999999999999996,3.0999999999999996,GOLD
2026-06-20,Jessica Shepard,STARTER,30-36,12.4,8,-4.4,4.4,GOLD
2026-06-22,Jessica Shepard,STARTER,30-36,12.2,9,-3.1999999999999993,3.1999999999999993,GOLD
2026-06-25,Jessica Shepard,STARTER,30-36,11.9,14,2.0999999999999996,2.0999999999999996,GOLD
2026-06-28,Jessica Shepard,STARTER,30-36,12,16,4,4,GOLD
2026-07-02,Jessica Shepard,STARTER,30-36,12.2,6,-6.199999999999999,6.199999999999999,GOLD
2026-07-05,Jessica Shepard,STARTER,30-36,11.6,15,3.4000000000000004,3.4000000000000004,GOLD
2026-07-07,Jessica Shepard,STARTER,30-36,12.5,12,-0.5,0.5,GOLD
2026-07-10,Jessica Shepard,STARTER,30-36,12.9,17,4.1,4.1,GOLD
2026-07-12,Jessica Shepard,STARTER,30-36,13.4,10,-3.4000000000000004,3.4000000000000004,GOLD
2026-07-19,Jessica Shepard,STARTER,30-36,12.6,14,1.4000000000000004,1.4000000000000004,GOLD
2026-07-20,Jessica Shepard,STARTER,30-36,13.6,16,2.4000000000000004,2.4000000000000004,GOLD
2026-07-22,Jessica Shepard,STARTER,30-36,13.8,15,1.1999999999999993,1.1999999999999993,GOLD
2026-07-25,Jessica Shepard,STARTER,30-36,14.2,5,-9.2,9.2,GOLD
2026-07-29,Jessica Shepard,STARTER,30-36,12.6,14,1.4000000000000004,1.4000000000000004,GOLD
2026-07-31,Jessica Shepard,STARTER,30-36,13.1,6,-7.1,7.1,GOLD
2026-08-02,Jessica Shepard,STARTER,30-36,12,9,-3,3,GOLD
2026-08-05,Jessica Shepard,STARTER,30-36,11.1,11,-0.09999999999999964,0.09999999999999964,GOLD
2026-08-07,Jessica Shepard,STARTER,30-36,10.5,11,0.5,0.5,GOLD
2026-08-09,Jessica Shepard,STARTER,30-36,11.3,0,-11.3,11.3,GOLD
2026-05-30,Kennedy Burke,BENCH,18-24,3.8,6,2.2,2.2,GOLD
2026-06-02,Kennedy Burke,BENCH,18-24,3.9,3,-0.8999999999999999,0.8999999999999999,GOLD
2026-06-08,Kennedy Burke,BENCH,18-24,3.5,1,-2.5,2.5,GOLD
2026-06-10,Kennedy Burke,BENCH,18-24,3.1,6,2.9,2.9,GOLD
2026-06-13,Kennedy Burke,BENCH,18-24,3.7,4,0.2999999999999998,0.2999999999999998,GOLD
2026-06-17,Kennedy Burke,BENCH,18-24,4,0,-4,4,GOLD
2026-06-19,Kennedy Burke,BENCH,18-24,3.1,3,-0.10000000000000009,0.10000000000000009,GOLD
2026-06-22,Kennedy Burke,BENCH,18-24,3.1,4,0.8999999999999999,0.8999999999999999,GOLD
2026-06-26,Kennedy Burke,BENCH,24-30,3.5,3,-0.5,0.5,GOLD
2026-07-02,Kennedy Burke,BENCH,24-30,3.1,2,-1.1,1.1,GOLD
2026-07-06,Kennedy Burke,BENCH,24-30,2.8,0,-2.8,2.8,GOLD
2026-07-08,Kennedy Burke,BENCH,24-30,2.7,4,1.2999999999999998,1.2999999999999998,GOLD
2026-07-10,Kennedy Burke,BENCH,24-30,2.9,2,-0.8999999999999999,0.8999999999999999,GOLD
2026-07-14,Kennedy Burke,BENCH,24-30,2.6,6,3.4,3.4,GOLD
2026-07-17,Kennedy Burke,BENCH,18-24,3,4,1,1,GOLD
2026-07-19,Kennedy Burke,BENCH,18-24,3.3,1,-2.3,2.3,GOLD
2026-07-22,Kennedy Burke,BENCH,18-24,3.3,4,0.7000000000000002,0.7000000000000002,GOLD
2026-07-28,Kennedy Burke,BENCH,18-24,3.4,4,0.6000000000000001,0.6000000000000001,GOLD
2026-07-30,Kennedy Burke,BENCH,18-24,3.6,0,-3.6,3.6,GOLD
2026-08-02,Kennedy Burke,STARTER,18-24,2.8,7,4.2,4.2,GOLD
2026-08-07,Kennedy Burke,BENCH,18-24,3.2,2,-1.2000000000000002,1.2000000000000002,GOLD
2026-06-06,Kiki Iriafen,STARTER,24-30,8.9,3,-5.9,5.9,GOLD
2026-06-08,Kiki Iriafen,STARTER,24-30,7.7,2,-5.7,5.7,GOLD
2026-06-19,Kiki Iriafen,STARTER,18-24,6.8,6,-0.7999999999999998,0.7999999999999998,GOLD
2026-06-21,Kiki Iriafen,STARTER,18-24,6.4,7,0.5999999999999996,0.5999999999999996,GOLD
2026-06-24,Kiki Iriafen,STARTER,18-24,6.2,11,4.8,4.8,GOLD
2026-06-26,Kiki Iriafen,STARTER,24-30,6.6,14,7.4,7.4,GOLD
2026-06-28,Kiki Iriafen,STARTER,24-30,8.2,11,2.8000000000000007,2.8000000000000007,GOLD
2026-07-02,Kiki Iriafen,STARTER,30-36,9.5,10,0.5,0.5,GOLD
2026-07-06,Kiki Iriafen,STARTER,30-36,10,9,-1,1,GOLD
2026-07-12,Kiki Iriafen,STARTER,30-36,10.3,12,1.6999999999999993,1.6999999999999993,GOLD
2026-07-14,Kiki Iriafen,STARTER,30-36,10.5,14,3.5,3.5,GOLD
2026-07-16,Kiki Iriafen,STARTER,30-36,10.6,5,-5.6,5.6,GOLD
2026-07-18,Kiki Iriafen,STARTER,24-30,9.8,2,-7.800000000000001,7.800000000000001,GOLD
2026-07-20,Kiki Iriafen,STARTER,24-30,8.7,12,3.3000000000000007,3.3000000000000007,GOLD
2026-07-22,Kiki Iriafen,STARTER,24-30,9.1,10,0.9000000000000004,0.9000000000000004,GOLD
2026-07-25,Kiki Iriafen,BENCH,24-30,8.9,6,-2.9000000000000004,2.9000000000000004,GOLD
2026-07-28,Kiki Iriafen,STARTER,24-30,7.9,10,2.0999999999999996,2.0999999999999996,GOLD
2026-07-31,Kiki Iriafen,STARTER,24-30,8.5,9,0.5,0.5,GOLD
2026-08-05,Kiki Iriafen,STARTER,24-30,9.4,6,-3.4000000000000004,3.4000000000000004,GOLD
2026-08-07,Kiki Iriafen,STARTER,24-30,8.6,7,-1.5999999999999996,1.5999999999999996,GOLD
2026-08-09,Kiki Iriafen,STARTER,24-30,8.2,9,0.8000000000000007,0.8000000000000007,GOLD
2026-08-11,Kiki Iriafen,STARTER,24-30,8.6,13,4.4,4.4,GOLD
2026-06-06,Lauren Betts,BENCH,12-18,2.8,1,-1.7999999999999998,1.7999999999999998,GOLD
2026-06-08,Lauren Betts,BENCH,12-18,2.4,3,0.6000000000000001,0.6000000000000001,GOLD
2026-06-12,Lauren Betts,BENCH,12-18,2.5,4,1.5,1.5,GOLD
2026-06-14,Lauren Betts,BENCH,12-18,2.7,6,3.3,3.3,GOLD
2026-06-17,Lauren Betts,STARTER,12-18,3.4,7,3.6,3.6,GOLD
2026-06-19,Lauren Betts,BENCH,18-24,3.9,5,1.1,1.1,GOLD
2026-06-21,Lauren Betts,BENCH,18-24,4.4,2,-2.4000000000000004,2.4000000000000004,GOLD
2026-06-24,Lauren Betts,BENCH,18-24,4.3,4,-0.2999999999999998,0.2999999999999998,GOLD
2026-06-26,Lauren Betts,BENCH,18-24,4.3,6,1.7000000000000002,1.7000000000000002,GOLD
2026-06-28,Lauren Betts,BENCH,18-24,4.4,2,-2.4000000000000004,2.4000000000000004,GOLD
2026-07-02,Lauren Betts,BENCH,12-18,3.7,4,0.2999999999999998,0.2999999999999998,GOLD
2026-07-06,Lauren Betts,BENCH,12-18,3.6,5,1.4,1.4,GOLD
2026-07-12,Lauren Betts,BENCH,12-18,4,2,-2,2,GOLD
2026-07-14,Lauren Betts,BENCH,12-18,3.7,6,2.3,2.3,GOLD
2026-07-16,Lauren Betts,BENCH,12-18,3.8,4,0.20000000000000018,0.20000000000000018,GOLD
2026-07-18,Lauren Betts,BENCH,12-18,4,4,0,0,GOLD
2026-07-20,Lauren Betts,BENCH,12-18,4,2,-2,2,GOLD
2026-07-22,Lauren Betts,BENCH,12-18,3.6,3,-0.6000000000000001,0.6000000000000001,GOLD
2026-07-28,Lauren Betts,BENCH,12-18,3.7,8,4.3,4.3,GOLD
2026-07-31,Lauren Betts,BENCH,12-18,4.1,7,2.9000000000000004,2.9000000000000004,GOLD
2026-08-05,Lauren Betts,BENCH,12-18,4.5,7,2.5,2.5,GOLD
2026-08-07,Lauren Betts,BENCH,12-18,4.9,11,6.1,6.1,GOLD
2026-08-09,Lauren Betts,BENCH,12-18,6,6,0,0,GOLD
2026-08-11,Lauren Betts,BENCH,12-18,6.4,4,-2.4000000000000004,2.4000000000000004,GOLD
2026-06-09,Li Yueru,BENCH,0-12,3,2,-1,1,GOLD
2026-06-11,Li Yueru,BENCH,0-12,2.8,1,-1.7999999999999998,1.7999999999999998,GOLD
2026-06-15,Li Yueru,BENCH,0-12,1.7,4,2.3,2.3,GOLD
2026-06-20,Li Yueru,BENCH,0-12,2.3,6,3.7,3.7,GOLD
2026-06-22,Li Yueru,BENCH,0-12,3.1,3,-0.10000000000000009,0.10000000000000009,GOLD
2026-06-25,Li Yueru,BENCH,0-12,3.2,1,-2.2,2.2,GOLD
2026-06-28,Li Yueru,BENCH,0-12,3,4,1,1,GOLD
2026-07-02,Li Yueru,BENCH,0-12,3.4,2,-1.4,1.4,GOLD
2026-07-05,Li Yueru,BENCH,0-12,3.1,0,-3.1,3.1,GOLD
2026-07-12,Li Yueru,BENCH,0-12,2.3,10,7.7,7.7,GOLD
2026-07-19,Li Yueru,BENCH,0-12,3.3,4,0.7000000000000002,0.7000000000000002,GOLD
2026-07-20,Li Yueru,BENCH,0-12,3.7,0,-3.7,3.7,GOLD
2026-07-22,Li Yueru,BENCH,0-12,3.2,2,-1.2000000000000002,1.2000000000000002,GOLD
2026-07-29,Li Yueru,BENCH,0-12,3.2,2,-1.2000000000000002,1.2000000000000002,GOLD
2026-07-31,Li Yueru,BENCH,12-18,3.4,3,-0.3999999999999999,0.3999999999999999,GOLD
2026-08-02,Li Yueru,BENCH,12-18,2.6,1,-1.6,1.6,GOLD
2026-08-05,Li Yueru,BENCH,12-18,2.2,0,-2.2,2.2,GOLD
2026-08-07,Li Yueru,BENCH,0-12,2.1,3,0.8999999999999999,0.8999999999999999,GOLD
2026-08-09,Li Yueru,BENCH,0-12,2.2,6,3.8,3.8,GOLD
2026-06-19,Lucy Olsen,BENCH,0-12,1,2,1,1,GOLD
2026-06-21,Lucy Olsen,BENCH,0-12,1.3,0,-1.3,1.3,GOLD
2026-06-24,Lucy Olsen,BENCH,0-12,1,1,0,0,GOLD
2026-06-26,Lucy Olsen,BENCH,0-12,1,0,-1,1,GOLD
2026-06-28,Lucy Olsen,BENCH,0-12,1,2,1,1,GOLD
2026-07-02,Lucy Olsen,BENCH,0-12,1,0,-1,1,GOLD
2026-07-06,Lucy Olsen,BENCH,0-12,0.7,0,-0.7,0.7,GOLD
2026-07-14,Lucy Olsen,BENCH,0-12,0.7,0,-0.7,0.7,GOLD
2026-07-16,Lucy Olsen,BENCH,0-12,0.5,1,0.5,0.5,GOLD
2026-08-09,Lucy Olsen,BENCH,0-12,0.7,0,-0.7,0.7,GOLD
2026-05-29,Luisa Geiselsoder,STARTER,18-24,2.7,0,-2.7,2.7,GOLD
2026-05-30,Luisa Geiselsoder,BENCH,18-24,2.3,1,-1.2999999999999998,1.2999999999999998,GOLD
2026-06-02,Luisa Geiselsoder,BENCH,18-24,2.3,0,-2.3,2.3,GOLD
2026-06-05,Luisa Geiselsoder,BENCH,18-24,1.6,3,1.4,1.4,GOLD
2026-06-07,Luisa Geiselsoder,BENCH,12-18,1.4,4,2.6,2.6,GOLD
2026-06-11,Luisa Geiselsoder,BENCH,12-18,1.8,1,-0.8,0.8,GOLD
2026-06-13,Luisa Geiselsoder,BENCH,12-18,1.9,2,0.10000000000000009,0.10000000000000009,GOLD
2026-06-15,Luisa Geiselsoder,BENCH,12-18,2.1,4,1.9,1.9,GOLD
2026-06-24,Luisa Geiselsoder,BENCH,12-18,2.6,3,0.3999999999999999,0.3999999999999999,GOLD
2026-07-09,Luisa Geiselsoder,BENCH,12-18,2.6,1,-1.6,1.6,GOLD
2026-07-16,Luisa Geiselsoder,BENCH,12-18,2.2,2,-0.20000000000000018,0.20000000000000018,GOLD
2026-07-18,Luisa Geiselsoder,BENCH,12-18,2.4,1,-1.4,1.4,GOLD
2026-07-28,Luisa Geiselsoder,BENCH,12-18,2.2,2,-0.20000000000000018,0.20000000000000018,GOLD
2026-06-01,Maddy Siegrist,STARTER,12-18,2.2,9,6.8,6.8,GOLD
2026-06-05,Maddy Siegrist,STARTER,12-18,3.7,4,0.2999999999999998,0.2999999999999998,GOLD
2026-06-09,Maddy Siegrist,STARTER,12-18,4.1,7,2.9000000000000004,2.9000000000000004,GOLD
2026-06-11,Maddy Siegrist,STARTER,12-18,4.9,2,-2.9000000000000004,2.9000000000000004,GOLD
2026-06-13,Maddy Siegrist,STARTER,18-24,4.9,2,-2.9000000000000004,2.9000000000000004,GOLD
2026-06-15,Maddy Siegrist,BENCH,18-24,4.2,1,-3.2,3.2,GOLD
2026-06-17,Maddy Siegrist,BENCH,12-18,3.2,2,-1.2000000000000002,1.2000000000000002,GOLD
2026-06-20,Maddy Siegrist,BENCH,12-18,2.9,3,0.10000000000000009,0.10000000000000009,GOLD
2026-06-22,Maddy Siegrist,BENCH,12-18,2.4,0,-2.4,2.4,GOLD
2026-06-25,Maddy Siegrist,BENCH,12-18,2.1,1,-1.1,1.1,GOLD
2026-06-28,Maddy Siegrist,BENCH,12-18,1.9,5,3.1,3.1,GOLD
2026-07-02,Maddy Siegrist,BENCH,12-18,2.5,3,0.5,0.5,GOLD
2026-07-05,Maddy Siegrist,BENCH,12-18,2.6,0,-2.6,2.6,GOLD
2026-07-10,Maddy Siegrist,BENCH,12-18,2.2,0,-2.2,2.2,GOLD
2026-07-12,Maddy Siegrist,BENCH,12-18,2.1,0,-2.1,2.1,GOLD
2026-07-19,Maddy Siegrist,BENCH,12-18,1.9,2,0.10000000000000009,0.10000000000000009,GOLD
2026-07-20,Maddy Siegrist,BENCH,0-12,1.5,3,1.5,1.5,GOLD
2026-07-22,Maddy Siegrist,BENCH,0-12,1.5,5,3.5,3.5,GOLD
2026-07-31,Maddy Siegrist,BENCH,12-18,2.2,2,-0.20000000000000018,0.20000000000000018,GOLD
2026-08-02,Maddy Siegrist,BENCH,12-18,2.5,2,-0.5,0.5,GOLD
2026-08-07,Maddy Siegrist,BENCH,12-18,2.7,7,4.3,4.3,GOLD
2026-08-09,Maddy Siegrist,BENCH,12-18,3.3,0,-3.3,3.3,GOLD
2026-05-29,Megan DiLeo,BENCH,12-18,3.4,5,1.6,1.6,GOLD
2026-05-30,Megan DiLeo,STARTER,12-18,3.9,1,-2.9,2.9,GOLD
2026-06-02,Megan DiLeo,STARTER,18-24,3.1,8,4.9,4.9,GOLD
2026-06-05,Megan DiLeo,STARTER,18-24,3.8,2,-1.7999999999999998,1.7999999999999998,GOLD
2026-06-07,Megan DiLeo,STARTER,18-24,3.9,11,7.1,7.1,GOLD
2026-06-11,Megan DiLeo,STARTER,18-24,5,2,-3,3,GOLD
2026-06-13,Megan DiLeo,STARTER,18-24,4.6,6,1.4000000000000004,1.4000000000000004,GOLD
2026-06-15,Megan DiLeo,STARTER,18-24,5.2,3,-2.2,2.2,GOLD
2026-06-17,Megan DiLeo,STARTER,18-24,4.6,4,-0.5999999999999996,0.5999999999999996,GOLD
2026-06-24,Megan DiLeo,STARTER,18-24,4.8,2,-2.8,2.8,GOLD
2026-06-26,Megan DiLeo,STARTER,18-24,3.7,1,-2.7,2.7,GOLD
2026-06-28,Megan DiLeo,STARTER,18-24,3.5,5,1.5,1.5,GOLD
2026-07-04,Megan DiLeo,STARTER,24-30,3.5,9,5.5,5.5,GOLD
2026-07-09,Megan DiLeo,STARTER,24-30,4.3,3,-1.2999999999999998,1.2999999999999998,GOLD
2026-07-11,Megan DiLeo,STARTER,24-30,4.1,4,-0.09999999999999964,0.09999999999999964,GOLD
2026-07-14,Megan DiLeo,STARTER,24-30,4.4,5,0.5999999999999996,0.5999999999999996,GOLD
2026-07-22,Megan DiLeo,STARTER,24-30,4.8,2,-2.8,2.8,GOLD
2026-07-28,Megan DiLeo,STARTER,24-30,4.4,6,1.5999999999999996,1.5999999999999996,GOLD
2026-07-31,Megan DiLeo,STARTER,24-30,4.1,2,-2.0999999999999996,2.0999999999999996,GOLD
2026-08-02,Megan DiLeo,STARTER,24-30,3.9,8,4.1,4.1,GOLD
2026-08-06,Megan DiLeo,STARTER,24-30,4.5,3,-1.5,1.5,GOLD
2026-08-08,Megan DiLeo,STARTER,24-30,4.2,4,-0.20000000000000018,0.20000000000000018,GOLD
2026-05-30,Nell Angloma,BENCH,12-18,2.2,0,-2.2,2.2,GOLD
2026-06-02,Nell Angloma,BENCH,12-18,2,0,-2,2,GOLD
2026-06-05,Nell Angloma,BENCH,0-12,1.1,1,-0.10000000000000009,0.10000000000000009,GOLD
2026-06-08,Nell Angloma,BENCH,0-12,0.8,2,1.2,1.2,GOLD
2026-06-10,Nell Angloma,BENCH,0-12,0.9,2,1.1,1.1,GOLD
2026-06-13,Nell Angloma,BENCH,12-18,1.2,0,-1.2,1.2,GOLD
2026-06-17,Nell Angloma,BENCH,12-18,1.2,2,0.8,0.8,GOLD
2026-06-19,Nell Angloma,BENCH,12-18,1.4,0,-1.4,1.4,GOLD
2026-06-22,Nell Angloma,BENCH,0-12,1.3,1,-0.30000000000000004,0.30000000000000004,GOLD
2026-06-26,Nell Angloma,BENCH,0-12,1.1,0,-1.1,1.1,GOLD
2026-07-08,Nell Angloma,BENCH,0-12,0.8,7,6.2,6.2,GOLD
2026-07-10,Nell Angloma,BENCH,0-12,1.9,1,-0.8999999999999999,0.8999999999999999,GOLD
2026-07-14,Nell Angloma,BENCH,0-12,1.7,1,-0.7,0.7,GOLD
2026-07-17,Nell Angloma,BENCH,0-12,1.8,0,-1.8,1.8,GOLD
2026-07-19,Nell Angloma,BENCH,0-12,1.7,3,1.3,1.3,GOLD
2026-07-22,Nell Angloma,BENCH,0-12,2,2,0,0,GOLD
2026-07-28,Nell Angloma,BENCH,0-12,1.5,1,-0.5,0.5,GOLD
2026-07-30,Nell Angloma,BENCH,0-12,1.5,1,-0.5,0.5,GOLD
2026-08-02,Nell Angloma,BENCH,0-12,1.5,1,-0.5,0.5,GOLD
2026-08-07,Nell Angloma,BENCH,0-12,1.6,2,0.3999999999999999,0.3999999999999999,GOLD
2026-05-29,Nyadiew Puoch,STARTER,18-24,2.1,1,-1.1,1.1,GOLD
2026-05-30,Nyadiew Puoch,STARTER,18-24,1.8,2,0.19999999999999996,0.19999999999999996,GOLD
2026-06-02,Nyadiew Puoch,STARTER,18-24,1.9,2,0.10000000000000009,0.10000000000000009,GOLD
2026-06-05,Nyadiew Puoch,BENCH,12-18,1.8,1,-0.8,0.8,GOLD
2026-06-07,Nyadiew Puoch,BENCH,12-18,1.5,1,-0.5,0.5,GOLD
2026-06-11,Nyadiew Puoch,BENCH,12-18,1.6,0,-1.6,1.6,GOLD
2026-06-15,Nyadiew Puoch,BENCH,12-18,1.4,3,1.6,1.6,GOLD
2026-06-17,Nyadiew Puoch,BENCH,12-18,1.5,1,-0.5,0.5,GOLD
2026-06-24,Nyadiew Puoch,BENCH,12-18,1.4,0,-1.4,1.4,GOLD
2026-06-26,Nyadiew Puoch,BENCH,12-18,1.2,1,-0.19999999999999996,0.19999999999999996,GOLD
2026-06-28,Nyadiew Puoch,BENCH,12-18,1.2,2,0.8,0.8,GOLD
2026-07-04,Nyadiew Puoch,BENCH,12-18,1.5,2,0.5,0.5,GOLD
2026-07-09,Nyadiew Puoch,BENCH,12-18,1.3,2,0.7,0.7,GOLD
2026-07-11,Nyadiew Puoch,STARTER,12-18,1.5,0,-1.5,1.5,GOLD
2026-07-14,Nyadiew Puoch,BENCH,12-18,1.4,1,-0.3999999999999999,0.3999999999999999,GOLD
2026-07-16,Nyadiew Puoch,BENCH,12-18,1.4,2,0.6000000000000001,0.6000000000000001,GOLD
2026-07-18,Nyadiew Puoch,BENCH,12-18,1.4,3,1.6,1.6,GOLD
2026-07-22,Nyadiew Puoch,BENCH,12-18,1.6,1,-0.6000000000000001,0.6000000000000001,GOLD
2026-07-28,Nyadiew Puoch,STARTER,12-18,1.5,3,1.5,1.5,GOLD
2026-07-31,Nyadiew Puoch,STARTER,12-18,1.9,2,0.10000000000000009,0.10000000000000009,GOLD
2026-08-02,Nyadiew Puoch,STARTER,12-18,2,4,2,2,GOLD
2026-08-06,Nyadiew Puoch,STARTER,12-18,2.2,1,-1.2000000000000002,1.2000000000000002,GOLD
2026-08-08,Nyadiew Puoch,STARTER,12-18,2,2,0,0,GOLD
2026-06-01,Odyssey Sims,BENCH,12-18,0.4,2,1.6,1.6,GOLD
2026-06-05,Odyssey Sims,BENCH,12-18,0.7,1,0.30000000000000004,0.30000000000000004,GOLD
2026-07-02,Odyssey Sims,BENCH,12-18,0.9,1,0.09999999999999998,0.09999999999999998,GOLD
2026-07-05,Odyssey Sims,BENCH,0-12,0.9,0,-0.9,0.9,GOLD
2026-07-07,Odyssey Sims,BENCH,0-12,0.9,1,0.09999999999999998,0.09999999999999998,GOLD
2026-07-10,Odyssey Sims,BENCH,12-18,0.9,1,0.09999999999999998,0.09999999999999998,GOLD
2026-07-12,Odyssey Sims,BENCH,0-12,0.8,0,-0.8,0.8,GOLD
2026-07-19,Odyssey Sims,BENCH,0-12,0.6,0,-0.6,0.6,GOLD
2026-07-20,Odyssey Sims,STARTER,0-12,0.5,2,1.5,1.5,GOLD
2026-07-22,Odyssey Sims,BENCH,12-18,0.8,0,-0.8,0.8,GOLD
2026-07-29,Odyssey Sims,BENCH,12-18,0.6,0,-0.6,0.6,GOLD
2026-07-31,Odyssey Sims,BENCH,0-12,0.5,1,0.5,0.5,GOLD
2026-08-02,Odyssey Sims,BENCH,0-12,0.6,2,1.4,1.4,GOLD
2026-08-05,Odyssey Sims,BENCH,0-12,0.9,1,0.09999999999999998,0.09999999999999998,GOLD
2026-08-07,Odyssey Sims,BENCH,0-12,0.8,2,1.2,1.2,GOLD
2026-08-09,Odyssey Sims,STARTER,12-18,1,3,2,2,GOLD
2026-06-01,Paige Bueckers,STARTER,30-36,3.2,9,5.8,5.8,GOLD
2026-06-05,Paige Bueckers,STARTER,30-36,4.3,3,-1.2999999999999998,1.2999999999999998,GOLD
2026-06-09,Paige Bueckers,STARTER,30-36,4.2,1,-3.2,3.2,GOLD
2026-06-11,Paige Bueckers,STARTER,30-36,4.1,6,1.9000000000000004,1.9000000000000004,GOLD
2026-06-15,Paige Bueckers,STARTER,30-36,4.2,5,0.7999999999999998,0.7999999999999998,GOLD
2026-06-17,Paige Bueckers,STARTER,30-36,4.5,3,-1.5,1.5,GOLD
2026-06-20,Paige Bueckers,STARTER,30-36,3.7,7,3.3,3.3,GOLD
2026-06-22,Paige Bueckers,STARTER,30-36,4.3,5,0.7000000000000002,0.7000000000000002,GOLD
2026-06-25,Paige Bueckers,STARTER,30-36,4.8,2,-2.8,2.8,GOLD
2026-06-28,Paige Bueckers,STARTER,30-36,4.3,3,-1.2999999999999998,1.2999999999999998,GOLD
2026-07-02,Paige Bueckers,STARTER,30-36,4,7,3,3,GOLD
2026-07-05,Paige Bueckers,STARTER,30-36,4.5,3,-1.5,1.5,GOLD
2026-07-07,Paige Bueckers,STARTER,30-36,4,7,3,3,GOLD
2026-07-10,Paige Bueckers,STARTER,30-36,4.3,6,1.7000000000000002,1.7000000000000002,GOLD
2026-07-12,Paige Bueckers,STARTER,30-36,4.9,6,1.0999999999999996,1.0999999999999996,GOLD
2026-07-19,Paige Bueckers,STARTER,30-36,5.2,4,-1.2000000000000002,1.2000000000000002,GOLD
2026-07-22,Paige Bueckers,STARTER,30-36,4.9,4,-0.9000000000000004,0.9000000000000004,GOLD
2026-07-25,Paige Bueckers,STARTER,30-36,5,0,-5,5,GOLD
2026-07-29,Paige Bueckers,STARTER,30-36,4.1,4,-0.09999999999999964,0.09999999999999964,GOLD
2026-07-31,Paige Bueckers,STARTER,30-36,3.8,5,1.2000000000000002,1.2000000000000002,GOLD
2026-08-02,Paige Bueckers,STARTER,30-36,3.7,3,-0.7000000000000002,0.7000000000000002,GOLD
2026-08-05,Paige Bueckers,STARTER,30-36,3.6,5,1.4,1.4,GOLD
2026-08-07,Paige Bueckers,STARTER,30-36,3.7,1,-2.7,2.7,GOLD
2026-08-09,Paige Bueckers,STARTER,30-36,3.8,4,0.20000000000000018,0.20000000000000018,GOLD
2026-05-30,Raegan Beers,BENCH,12-18,4.2,7,2.8,2.8,GOLD
2026-06-05,Raegan Beers,BENCH,12-18,5,4,-1,1,GOLD
2026-06-08,Raegan Beers,BENCH,0-12,4.5,2,-2.5,2.5,GOLD
2026-06-10,Raegan Beers,BENCH,0-12,4.1,4,-0.09999999999999964,0.09999999999999964,GOLD
2026-06-13,Raegan Beers,BENCH,0-12,4.2,0,-4.2,4.2,GOLD
2026-06-17,Raegan Beers,BENCH,0-12,3.6,1,-2.6,2.6,GOLD
2026-06-22,Raegan Beers,BENCH,0-12,2.7,1,-1.7000000000000002,1.7000000000000002,GOLD
2026-06-26,Raegan Beers,BENCH,0-12,2.2,1,-1.2000000000000002,1.2000000000000002,GOLD
2026-07-08,Raegan Beers,BENCH,0-12,2,1,-1,1,GOLD
2026-07-10,Raegan Beers,BENCH,0-12,1.5,2,0.5,0.5,GOLD
2026-07-14,Raegan Beers,BENCH,0-12,1.9,0,-1.9,1.9,GOLD
2026-07-17,Raegan Beers,BENCH,0-12,1.6,1,-0.6000000000000001,0.6000000000000001,GOLD
2026-07-19,Raegan Beers,BENCH,0-12,1.6,2,0.3999999999999999,0.3999999999999999,GOLD
2026-07-22,Raegan Beers,BENCH,0-12,1.7,5,3.3,3.3,GOLD
2026-07-28,Raegan Beers,BENCH,0-12,2.3,5,2.7,2.7,GOLD
2026-07-30,Raegan Beers,BENCH,0-12,2.7,3,0.2999999999999998,0.2999999999999998,GOLD
2026-08-02,Raegan Beers,BENCH,0-12,3.1,3,-0.10000000000000009,0.10000000000000009,GOLD
2026-07-14,Rori Harmon,BENCH,0-12,0.4,0,-0.4,0.4,GOLD
2026-07-16,Rori Harmon,BENCH,0-12,0.2,0,-0.2,0.2,GOLD
2026-05-30,Saniya Rivers,STARTER,18-24,2.5,0,-2.5,2.5,GOLD
2026-06-02,Saniya Rivers,STARTER,18-24,2,1,-1,1,GOLD
2026-06-05,Saniya Rivers,STARTER,24-30,1.6,1,-0.6000000000000001,0.6000000000000001,GOLD
2026-06-08,Saniya Rivers,STARTER,24-30,1.4,5,3.6,3.6,GOLD
2026-06-10,Saniya Rivers,STARTER,24-30,1.8,7,5.2,5.2,GOLD
2026-06-13,Saniya Rivers,STARTER,24-30,2.7,3,0.2999999999999998,0.2999999999999998,GOLD
2026-06-17,Saniya Rivers,STARTER,24-30,3,2,-1,1,GOLD
2026-06-19,Saniya Rivers,STARTER,24-30,3.1,3,-0.10000000000000009,0.10000000000000009,GOLD
2026-06-22,Saniya Rivers,BENCH,24-30,3.3,3,-0.2999999999999998,0.2999999999999998,GOLD
2026-07-02,Saniya Rivers,BENCH,18-24,3.1,2,-1.1,1.1,GOLD
2026-07-06,Saniya Rivers,BENCH,18-24,2.7,2,-0.7000000000000002,0.7000000000000002,GOLD
2026-07-08,Saniya Rivers,BENCH,18-24,2.5,1,-1.5,1.5,GOLD
2026-07-17,Saniya Rivers,BENCH,12-18,2.4,0,-2.4,2.4,GOLD
2026-07-22,Saniya Rivers,BENCH,12-18,1.9,2,0.10000000000000009,0.10000000000000009,GOLD
2026-07-28,Saniya Rivers,BENCH,18-24,1.8,1,-0.8,0.8,GOLD
2026-07-30,Saniya Rivers,BENCH,18-24,1.6,3,1.4,1.4,GOLD
2026-08-02,Saniya Rivers,BENCH,18-24,1.7,2,0.30000000000000004,0.30000000000000004,GOLD
2026-08-07,Saniya Rivers,BENCH,18-24,1.8,1,-0.8,0.8,GOLD
2026-05-29,Sarah Ashlee Barker,BENCH,18-24,5.8,2,-3.8,3.8,GOLD
2026-05-30,Sarah Ashlee Barker,BENCH,18-24,5.3,6,0.7000000000000002,0.7000000000000002,GOLD
2026-06-02,Sarah Ashlee Barker,BENCH,18-24,5.3,3,-2.3,2.3,GOLD
2026-06-05,Sarah Ashlee Barker,STARTER,18-24,5.2,7,1.7999999999999998,1.7999999999999998,GOLD
2026-06-07,Sarah Ashlee Barker,STARTER,18-24,5.6,2,-3.5999999999999996,3.5999999999999996,GOLD
2026-06-11,Sarah Ashlee Barker,STARTER,24-30,4.4,1,-3.4000000000000004,3.4000000000000004,GOLD
2026-06-13,Sarah Ashlee Barker,STARTER,24-30,4.1,5,0.9000000000000004,0.9000000000000004,GOLD
2026-06-15,Sarah Ashlee Barker,STARTER,24-30,4.1,2,-2.0999999999999996,2.0999999999999996,GOLD
2026-06-17,Sarah Ashlee Barker,STARTER,24-30,3.9,6,2.1,2.1,GOLD
2026-06-24,Sarah Ashlee Barker,STARTER,24-30,3.8,5,1.2000000000000002,1.2000000000000002,GOLD
2026-06-26,Sarah Ashlee Barker,STARTER,24-30,4.1,3,-1.0999999999999996,1.0999999999999996,GOLD
2026-06-28,Sarah Ashlee Barker,STARTER,24-30,4.3,6,1.7000000000000002,1.7000000000000002,GOLD
2026-07-04,Sarah Ashlee Barker,STARTER,24-30,4.5,6,1.5,1.5,GOLD
2026-07-09,Sarah Ashlee Barker,STARTER,24-30,5,6,1,1,GOLD
2026-07-14,Sarah Ashlee Barker,STARTER,24-30,5,5,0,0,GOLD
2026-07-16,Sarah Ashlee Barker,STARTER,24-30,5,7,2,2,GOLD
2026-07-18,Sarah Ashlee Barker,STARTER,24-30,5.5,4,-1.5,1.5,GOLD
2026-07-22,Sarah Ashlee Barker,STARTER,24-30,5.3,3,-2.3,2.3,GOLD
2026-05-29,Serah Williams,BENCH,12-18,2.8,6,3.2,3.2,GOLD
2026-06-02,Serah Williams,BENCH,12-18,3.1,1,-2.1,2.1,GOLD
2026-06-11,Serah Williams,BENCH,12-18,2.9,1,-1.9,1.9,GOLD
2026-06-13,Serah Williams,BENCH,0-12,2.5,1,-1.5,1.5,GOLD
2026-06-15,Serah Williams,BENCH,0-12,2.2,2,-0.20000000000000018,0.20000000000000018,GOLD
2026-06-17,Serah Williams,BENCH,0-12,2.3,4,1.7000000000000002,1.7000000000000002,GOLD
2026-06-24,Serah Williams,BENCH,0-12,2.1,3,0.8999999999999999,0.8999999999999999,GOLD
2026-06-26,Serah Williams,BENCH,0-12,2.4,0,-2.4,2.4,GOLD
2026-06-28,Serah Williams,BENCH,0-12,2.2,7,4.8,4.8,GOLD
2026-07-04,Serah Williams,BENCH,0-12,3,2,-1,1,GOLD
2026-07-09,Serah Williams,BENCH,0-12,3,0,-3,3,GOLD
2026-07-11,Serah Williams,BENCH,0-12,2.5,2,-0.5,0.5,GOLD
2026-07-14,Serah Williams,BENCH,0-12,2.3,2,-0.2999999999999998,0.2999999999999998,GOLD
2026-07-16,Serah Williams,STARTER,0-12,2.6,5,2.4,2.4,GOLD
2026-07-18,Serah Williams,STARTER,12-18,2.4,2,-0.3999999999999999,0.3999999999999999,GOLD
2026-07-22,Serah Williams,BENCH,12-18,2.4,4,1.6,1.6,GOLD
2026-07-28,Serah Williams,BENCH,12-18,2.9,2,-0.8999999999999999,0.8999999999999999,GOLD
2026-07-31,Serah Williams,BENCH,12-18,2.9,4,1.1,1.1,GOLD
2026-08-02,Serah Williams,BENCH,12-18,3.1,1,-2.1,2.1,GOLD
2026-08-06,Serah Williams,BENCH,12-18,2.6,0,-2.6,2.6,GOLD
2026-08-08,Serah Williams,BENCH,12-18,2.3,0,-2.3,2.3,GOLD
2026-06-06,Shakira Austin,STARTER,24-30,8.1,5,-3.0999999999999996,3.0999999999999996,GOLD
2026-06-08,Shakira Austin,STARTER,24-30,8,9,1,1,GOLD
2026-06-12,Shakira Austin,STARTER,24-30,8.8,11,2.1999999999999993,2.1999999999999993,GOLD
2026-06-14,Shakira Austin,STARTER,24-30,8.7,6,-2.6999999999999993,2.6999999999999993,GOLD
2026-06-19,Shakira Austin,STARTER,24-30,8.1,7,-1.0999999999999996,1.0999999999999996,GOLD
2026-06-21,Shakira Austin,STARTER,24-30,7.9,8,0.09999999999999964,0.09999999999999964,GOLD
2026-06-24,Shakira Austin,STARTER,24-30,8.3,16,7.699999999999999,7.699999999999999,GOLD
2026-06-26,Shakira Austin,STARTER,24-30,9.5,12,2.5,2.5,GOLD
2026-06-28,Shakira Austin,STARTER,24-30,9.8,13,3.1999999999999993,3.1999999999999993,GOLD
2026-07-02,Shakira Austin,STARTER,24-30,10.7,9,-1.6999999999999993,1.6999999999999993,GOLD
2026-07-06,Shakira Austin,STARTER,24-30,11,11,0,0,GOLD
2026-07-12,Shakira Austin,STARTER,24-30,11.4,6,-5.4,5.4,GOLD
2026-07-14,Shakira Austin,STARTER,30-36,10.1,10,-0.09999999999999964,0.09999999999999964,GOLD
2026-07-16,Shakira Austin,STARTER,30-36,9.9,9,-0.9000000000000004,0.9000000000000004,GOLD
2026-07-18,Shakira Austin,STARTER,24-30,9.4,16,6.6,6.6,GOLD
2026-07-20,Shakira Austin,STARTER,24-30,10.4,15,4.6,4.6,GOLD
2026-07-22,Shakira Austin,STARTER,30-36,11,6,-5,5,GOLD
2026-07-28,Shakira Austin,STARTER,24-30,10.9,6,-4.9,4.9,GOLD
2026-07-31,Shakira Austin,STARTER,30-36,10.4,10,-0.40000000000000036,0.40000000000000036,GOLD
2026-08-05,Shakira Austin,STARTER,30-36,10.5,13,2.5,2.5,GOLD
2026-08-07,Shakira Austin,STARTER,30-36,10.2,11,0.8000000000000007,0.8000000000000007,GOLD
2026-08-09,Shakira Austin,STARTER,30-36,9.7,11,1.3000000000000007,1.3000000000000007,GOLD
2026-08-11,Shakira Austin,STARTER,30-36,10.4,8,-2.4000000000000004,2.4000000000000004,GOLD
2026-06-08,Sonia Citron,STARTER,30-36,2.5,0,-2.5,2.5,GOLD
2026-06-12,Sonia Citron,STARTER,30-36,2.2,5,2.8,2.8,GOLD
2026-06-14,Sonia Citron,STARTER,30-36,2.4,3,0.6000000000000001,0.6000000000000001,GOLD
2026-06-17,Sonia Citron,STARTER,30-36,2.3,11,8.7,8.7,GOLD
2026-06-19,Sonia Citron,STARTER,30-36,3.9,6,2.1,2.1,GOLD
2026-06-21,Sonia Citron,STARTER,30-36,4.5,3,-1.5,1.5,GOLD
2026-06-24,Sonia Citron,STARTER,30-36,4.8,3,-1.7999999999999998,1.7999999999999998,GOLD
2026-06-26,Sonia Citron,STARTER,30-36,4.6,6,1.4000000000000004,1.4000000000000004,GOLD
2026-06-28,Sonia Citron,STARTER,30-36,5,6,1,1,GOLD
2026-07-12,Sonia Citron,STARTER,36+,4.5,4,-0.5,0.5,GOLD
2026-07-14,Sonia Citron,STARTER,30-36,4.2,2,-2.2,2.2,GOLD
2026-07-16,Sonia Citron,STARTER,30-36,4.1,6,1.9000000000000004,1.9000000000000004,GOLD
2026-07-18,Sonia Citron,STARTER,30-36,4.5,1,-3.5,3.5,GOLD
2026-07-20,Sonia Citron,STARTER,30-36,3.8,2,-1.7999999999999998,1.7999999999999998,GOLD
2026-07-22,Sonia Citron,STARTER,30-36,3.3,4,0.7000000000000002,0.7000000000000002,GOLD
2026-07-25,Sonia Citron,BENCH,30-36,3.3,1,-2.3,2.3,GOLD
2026-07-28,Sonia Citron,STARTER,24-30,3.1,3,-0.10000000000000009,0.10000000000000009,GOLD
2026-07-31,Sonia Citron,STARTER,24-30,2.7,5,2.3,2.3,GOLD
2026-08-05,Sonia Citron,STARTER,30-36,3.3,2,-1.2999999999999998,1.2999999999999998,GOLD
2026-08-07,Sonia Citron,STARTER,30-36,3.2,3,-0.20000000000000018,0.20000000000000018,GOLD
2026-08-09,Sonia Citron,STARTER,30-36,3.1,4,0.8999999999999999,0.8999999999999999,GOLD
2026-08-11,Sonia Citron,STARTER,30-36,3.5,7,3.5,3.5,GOLD
2026-06-22,Sug Sutton,BENCH,18-24,0.8,2,1.2,1.2,GOLD
2026-06-25,Sug Sutton,BENCH,12-18,1,0,-1,1,GOLD
2026-06-28,Sug Sutton,BENCH,12-18,0.8,1,0.19999999999999996,0.19999999999999996,GOLD
2026-07-02,Sug Sutton,BENCH,12-18,0.7,0,-0.7,0.7,GOLD
2026-07-05,Sug Sutton,BENCH,0-12,0.7,0,-0.7,0.7,GOLD
2026-07-12,Sug Sutton,BENCH,0-12,0.7,0,-0.7,0.7,GOLD
2026-07-20,Sug Sutton,BENCH,0-12,0.3,1,0.7,0.7,GOLD
2026-07-22,Sug Sutton,BENCH,0-12,0.5,1,0.5,0.5,GOLD
2026-07-29,Sug Sutton,BENCH,0-12,0.5,0,-0.5,0.5,GOLD
2026-07-31,Sug Sutton,BENCH,0-12,0.5,1,0.5,0.5,GOLD
2026-08-02,Sug Sutton,BENCH,0-12,0.6,4,3.4,3.4,GOLD
2026-08-07,Sug Sutton,BENCH,0-12,1.2,0,-1.2,1.2,GOLD
2026-08-09,Sug Sutton,BENCH,0-12,1.2,0,-1.2,1.2,GOLD
2026-06-01,Alyssa Thomas,STARTER,30-36,7.3,3,-4.3,4.3,GOLD
2026-06-03,Alyssa Thomas,STARTER,30-36,6.4,9,2.5999999999999996,2.5999999999999996,GOLD
2026-06-09,Alyssa Thomas,STARTER,30-36,6.8,8,1.2000000000000002,1.2000000000000002,GOLD
2026-06-11,Alyssa Thomas,STARTER,30-36,6.3,9,2.7,2.7,GOLD
2026-06-13,Alyssa Thomas,STARTER,30-36,7,7,0,0,GOLD
2026-06-17,Alyssa Thomas,STARTER,30-36,7.4,5,-2.4000000000000004,2.4000000000000004,GOLD
2026-06-20,Alyssa Thomas,STARTER,30-36,7.3,3,-4.3,4.3,GOLD
2026-06-22,Alyssa Thomas,STARTER,30-36,6.5,5,-1.5,1.5,GOLD
2026-06-24,Alyssa Thomas,STARTER,30-36,6.1,4,-2.0999999999999996,2.0999999999999996,GOLD
2026-07-02,Alyssa Thomas,STARTER,30-36,5.4,13,7.6,7.6,GOLD
2026-07-07,Alyssa Thomas,STARTER,30-36,6.3,7,0.7000000000000002,0.7000000000000002,GOLD
2026-07-09,Alyssa Thomas,STARTER,30-36,6.5,6,-0.5,0.5,GOLD
2026-07-11,Alyssa Thomas,STARTER,30-36,6.9,6,-0.9000000000000004,0.9000000000000004,GOLD
2026-07-13,Alyssa Thomas,STARTER,30-36,7,8,1,1,GOLD
2026-07-17,Alyssa Thomas,STARTER,30-36,7.5,8,0.5,0.5,GOLD
2026-07-19,Alyssa Thomas,STARTER,30-36,6.9,6,-0.9000000000000004,0.9000000000000004,GOLD
2026-07-22,Alyssa Thomas,STARTER,30-36,6.8,11,4.2,4.2,GOLD
2026-07-29,Alyssa Thomas,STARTER,30-36,7.5,9,1.5,1.5,GOLD
2026-08-01,Alyssa Thomas,STARTER,30-36,8.2,6,-2.1999999999999993,2.1999999999999993,GOLD
2026-08-03,Alyssa Thomas,STARTER,30-36,7.9,15,7.1,7.1,GOLD
2026-08-05,Alyssa Thomas,STARTER,30-36,8.9,5,-3.9000000000000004,3.9000000000000004,GOLD
2026-08-07,Alyssa Thomas,STARTER,36+,8.7,8,-0.6999999999999993,0.6999999999999993,GOLD
2026-08-09,Alyssa Thomas,STARTER,30-36,8.4,10,1.5999999999999996,1.5999999999999996,GOLD
2026-08-11,Alyssa Thomas,STARTER,30-36,8.5,7,-1.5,1.5,GOLD
2026-06-01,DeWanna Bonner,BENCH,24-30,4,1,-3,3,GOLD
2026-06-03,DeWanna Bonner,BENCH,18-24,3.4,2,-1.4,1.4,GOLD
2026-06-05,DeWanna Bonner,STARTER,18-24,3,5,2,2,GOLD
2026-06-09,DeWanna Bonner,BENCH,18-24,3.3,4,0.7000000000000002,0.7000000000000002,GOLD
2026-06-11,DeWanna Bonner,BENCH,18-24,3.2,7,3.8,3.8,GOLD
2026-06-13,DeWanna Bonner,BENCH,24-30,3.8,1,-2.8,2.8,GOLD
2026-06-17,DeWanna Bonner,BENCH,24-30,3.7,3,-0.7000000000000002,0.7000000000000002,GOLD
2026-06-20,DeWanna Bonner,BENCH,24-30,3.8,4,0.20000000000000018,0.20000000000000018,GOLD
2026-06-22,DeWanna Bonner,BENCH,18-24,3.7,3,-0.7000000000000002,0.7000000000000002,GOLD
2026-06-24,DeWanna Bonner,STARTER,18-24,3.6,8,4.4,4.4,GOLD
2026-06-27,DeWanna Bonner,STARTER,18-24,3.8,11,7.2,7.2,GOLD
2026-07-02,DeWanna Bonner,STARTER,24-30,5.2,8,2.8,2.8,GOLD
2026-07-07,DeWanna Bonner,STARTER,24-30,5.9,7,1.0999999999999996,1.0999999999999996,GOLD
2026-07-09,DeWanna Bonner,STARTER,24-30,6.2,7,0.7999999999999998,0.7999999999999998,GOLD
2026-07-11,DeWanna Bonner,STARTER,24-30,6.7,4,-2.7,2.7,GOLD
2026-07-13,DeWanna Bonner,STARTER,24-30,6.3,9,2.7,2.7,GOLD
2026-07-17,DeWanna Bonner,STARTER,24-30,6.1,10,3.9000000000000004,3.9000000000000004,GOLD
2026-07-19,DeWanna Bonner,STARTER,24-30,6.5,6,-0.5,0.5,GOLD
2026-07-22,DeWanna Bonner,STARTER,24-30,6.4,7,0.5999999999999996,0.5999999999999996,GOLD
2026-07-29,DeWanna Bonner,STARTER,24-30,6.4,10,3.5999999999999996,3.5999999999999996,GOLD
2026-08-01,DeWanna Bonner,STARTER,24-30,7.2,7,-0.20000000000000018,0.20000000000000018,GOLD
2026-08-03,DeWanna Bonner,STARTER,24-30,7,8,1,1,GOLD
2026-08-05,DeWanna Bonner,STARTER,24-30,6.8,11,4.2,4.2,GOLD
2026-08-07,DeWanna Bonner,STARTER,24-30,7.4,11,3.5999999999999996,3.5999999999999996,GOLD
2026-08-09,DeWanna Bonner,STARTER,30-36,8,0,-8,8,GOLD
2026-08-11,DeWanna Bonner,STARTER,24-30,6.7,7,0.2999999999999998,0.2999999999999998,GOLD
2026-06-01,Jovana Nogic,BENCH,18-24,0.6,1,0.4,0.4,GOLD
2026-06-03,Jovana Nogic,BENCH,18-24,0.8,2,1.2,1.2,GOLD
2026-06-05,Jovana Nogic,STARTER,12-18,1,2,1,1,GOLD
2026-06-09,Jovana Nogic,BENCH,18-24,1.3,0,-1.3,1.3,GOLD
2026-06-11,Jovana Nogic,BENCH,12-18,1,2,1,1,GOLD
2026-06-13,Jovana Nogic,BENCH,12-18,1.3,1,-0.30000000000000004,0.30000000000000004,GOLD
2026-06-17,Jovana Nogic,BENCH,12-18,1.3,0,-1.3,1.3,GOLD
2026-06-01,Kahleah Copper,STARTER,30-36,3.2,2,-1.2000000000000002,1.2000000000000002,GOLD
2026-06-03,Kahleah Copper,STARTER,30-36,3,6,3,3,GOLD
2026-06-09,Kahleah Copper,STARTER,30-36,3.3,4,0.7000000000000002,0.7000000000000002,GOLD
2026-06-11,Kahleah Copper,STARTER,30-36,3.4,2,-1.4,1.4,GOLD
2026-06-13,Kahleah Copper,STARTER,30-36,3.4,10,6.6,6.6,GOLD
2026-06-17,Kahleah Copper,STARTER,30-36,4.5,4,-0.5,0.5,GOLD
2026-06-20,Kahleah Copper,STARTER,30-36,4.7,7,2.3,2.3,GOLD
2026-06-22,Kahleah Copper,STARTER,30-36,5,3,-2,2,GOLD
2026-06-24,Kahleah Copper,STARTER,30-36,4.8,3,-1.7999999999999998,1.7999999999999998,GOLD
2026-06-27,Kahleah Copper,STARTER,30-36,4.9,5,0.09999999999999964,0.09999999999999964,GOLD
2026-07-02,Kahleah Copper,STARTER,30-36,4.3,7,2.7,2.7,GOLD
2026-07-07,Kahleah Copper,STARTER,30-36,4.7,4,-0.7000000000000002,0.7000000000000002,GOLD
2026-07-09,Kahleah Copper,STARTER,30-36,4.4,5,0.5999999999999996,0.5999999999999996,GOLD
2026-07-11,Kahleah Copper,STARTER,30-36,4.6,4,-0.5999999999999996,0.5999999999999996,GOLD
2026-07-13,Kahleah Copper,STARTER,30-36,4.7,3,-1.7000000000000002,1.7000000000000002,GOLD
2026-07-17,Kahleah Copper,STARTER,30-36,4.5,3,-1.5,1.5,GOLD
2026-07-19,Kahleah Copper,STARTER,30-36,4,4,0,0,GOLD
2026-07-22,Kahleah Copper,STARTER,30-36,4,2,-2,2,GOLD
2026-07-25,Kahleah Copper,BENCH,30-36,3.6,4,0.3999999999999999,0.3999999999999999,GOLD
2026-07-29,Kahleah Copper,STARTER,24-30,3.5,4,0.5,0.5,GOLD
2026-08-01,Kahleah Copper,STARTER,30-36,3.7,2,-1.7000000000000002,1.7000000000000002,GOLD
2026-08-03,Kahleah Copper,STARTER,30-36,3.5,4,0.5,0.5,GOLD
2026-08-05,Kahleah Copper,STARTER,30-36,3.5,2,-1.5,1.5,GOLD
2026-08-07,Kahleah Copper,STARTER,30-36,3.5,2,-1.5,1.5,GOLD
2026-08-09,Kahleah Copper,STARTER,30-36,3.2,0,-3.2,3.2,GOLD
2026-08-11,Kahleah Copper,STARTER,30-36,2.7,4,1.2999999999999998,1.2999999999999998,GOLD
2026-06-25,Kiana Williams,BENCH,0-12,0.2,1,0.8,0.8,GOLD
2026-06-27,Kiana Williams,BENCH,12-18,0.4,1,0.6,0.6,GOLD
2026-07-06,Kiana Williams,BENCH,12-18,0.5,0,-0.5,0.5,GOLD
2026-07-08,Kiana Williams,BENCH,12-18,0.4,1,0.6,0.6,GOLD
2026-07-10,Kiana Williams,BENCH,12-18,0.5,0,-0.5,0.5,GOLD
2026-07-13,Kiana Williams,BENCH,12-18,0.5,0,-0.5,0.5,GOLD
2026-07-15,Kiana Williams,BENCH,12-18,0.4,0,-0.4,0.4,GOLD
2026-07-22,Kiana Williams,BENCH,12-18,0.3,0,-0.3,0.3,GOLD
2026-07-28,Kiana Williams,BENCH,0-12,0.2,0,-0.2,0.2,GOLD
2026-08-09,Kiana Williams,BENCH,0-12,0.1,0,-0.1,0.1,GOLD
2026-08-11,Kiana Williams,BENCH,0-12,0.1,1,0.9,0.9,GOLD
2026-06-05,Kyara Linskens,BENCH,0-12,2.6,1,-1.6,1.6,GOLD
2026-06-17,Kyara Linskens,BENCH,0-12,2.4,2,-0.3999999999999999,0.3999999999999999,GOLD
2026-06-20,Kyara Linskens,BENCH,0-12,2.4,2,-0.3999999999999999,0.3999999999999999,GOLD
2026-06-22,Kyara Linskens,BENCH,0-12,1.9,4,2.1,2.1,GOLD
2026-06-27,Kyara Linskens,STARTER,0-12,2.4,4,1.6,1.6,GOLD
2026-07-02,Kyara Linskens,BENCH,0-12,2.6,0,-2.6,2.6,GOLD
2026-07-07,Kyara Linskens,BENCH,0-12,2.4,1,-1.4,1.4,GOLD
2026-08-07,Kyara Linskens,BENCH,0-12,2.2,0,-2.2,2.2,GOLD
2026-08-09,Kyara Linskens,BENCH,0-12,1.9,8,6.1,6.1,GOLD
2026-06-01,Natasha Mack,STARTER,18-24,8.5,11,2.5,2.5,GOLD
2026-06-03,Natasha Mack,STARTER,18-24,8.9,10,1.0999999999999996,1.0999999999999996,GOLD
2026-06-05,Natasha Mack,STARTER,18-24,9,4,-5,5,GOLD
2026-06-09,Natasha Mack,STARTER,24-30,8.5,10,1.5,1.5,GOLD
2026-06-11,Natasha Mack,STARTER,24-30,9,3,-6,6,GOLD
2026-06-13,Natasha Mack,STARTER,24-30,8,12,4,4,GOLD
2026-06-17,Natasha Mack,STARTER,24-30,8.3,8,-0.3000000000000007,0.3000000000000007,GOLD
2026-06-20,Natasha Mack,STARTER,24-30,8.1,10,1.9000000000000004,1.9000000000000004,GOLD
2026-06-22,Natasha Mack,STARTER,24-30,8.8,7,-1.8000000000000007,1.8000000000000007,GOLD
2026-07-19,Natasha Mack,BENCH,24-30,8.5,5,-3.5,3.5,GOLD
2026-07-22,Natasha Mack,BENCH,24-30,8.6,3,-5.6,5.6,GOLD
2026-07-29,Natasha Mack,BENCH,18-24,7.4,3,-4.4,4.4,GOLD
2026-08-01,Natasha Mack,BENCH,18-24,6.6,3,-3.5999999999999996,3.5999999999999996,GOLD
2026-08-03,Natasha Mack,STARTER,18-24,5.5,3,-2.5,2.5,GOLD
2026-08-05,Natasha Mack,BENCH,18-24,4.9,1,-3.9000000000000004,3.9000000000000004,GOLD
2026-08-07,Natasha Mack,BENCH,18-24,4,6,2,2,GOLD
2026-08-09,Natasha Mack,STARTER,18-24,4.4,7,2.5999999999999996,2.5999999999999996,GOLD
2026-08-11,Natasha Mack,BENCH,18-24,5,4,-1,1,GOLD
2026-06-01,Noemie Brochant,STARTER,18-24,3,2,-1,1,GOLD
2026-06-03,Noemie Brochant,STARTER,18-24,2.6,4,1.4,1.4,GOLD
2026-06-05,Noemie Brochant,STARTER,18-24,2.9,2,-0.8999999999999999,0.8999999999999999,GOLD
2026-06-09,Noemie Brochant,STARTER,18-24,2.4,2,-0.3999999999999999,0.3999999999999999,GOLD
2026-06-11,Noemie Brochant,STARTER,24-30,2.3,2,-0.2999999999999998,0.2999999999999998,GOLD
2026-06-13,Noemie Brochant,STARTER,24-30,2.4,3,0.6000000000000001,0.6000000000000001,GOLD
2026-06-17,Noemie Brochant,STARTER,24-30,2.5,3,0.5,0.5,GOLD
2026-06-20,Noemie Brochant,STARTER,18-24,2.4,2,-0.3999999999999999,0.3999999999999999,GOLD
2026-06-22,Noemie Brochant,STARTER,24-30,2.4,2,-0.3999999999999999,0.3999999999999999,GOLD
2026-06-24,Noemie Brochant,STARTER,24-30,2.4,5,2.6,2.6,GOLD
2026-06-27,Noemie Brochant,STARTER,24-30,2.8,2,-0.7999999999999998,0.7999999999999998,GOLD
2026-07-07,Noemie Brochant,BENCH,24-30,2.7,3,0.2999999999999998,0.2999999999999998,GOLD
2026-07-09,Noemie Brochant,BENCH,24-30,2.7,1,-1.7000000000000002,1.7000000000000002,GOLD
2026-07-11,Noemie Brochant,BENCH,24-30,2.5,1,-1.5,1.5,GOLD
2026-07-13,Noemie Brochant,STARTER,18-24,2.4,2,-0.3999999999999999,0.3999999999999999,GOLD
2026-07-17,Noemie Brochant,STARTER,18-24,2,0,-2,2,GOLD
2026-07-19,Noemie Brochant,STARTER,18-24,1.8,3,1.2,1.2,GOLD
2026-07-22,Noemie Brochant,STARTER,18-24,1.7,2,0.30000000000000004,0.30000000000000004,GOLD
2026-07-29,Noemie Brochant,STARTER,18-24,1.8,0,-1.8,1.8,GOLD
2026-08-01,Noemie Brochant,STARTER,18-24,1.7,0,-1.7,1.7,GOLD
2026-08-03,Noemie Brochant,STARTER,18-24,1.4,2,0.6000000000000001,0.6000000000000001,GOLD
2026-08-05,Noemie Brochant,STARTER,18-24,1.7,1,-0.7,0.7,GOLD
2026-08-07,Noemie Brochant,STARTER,18-24,1.4,0,-1.4,1.4,GOLD
2026-08-09,Noemie Brochant,BENCH,18-24,1.1,2,0.8999999999999999,0.8999999999999999,GOLD
2026-08-11,Noemie Brochant,STARTER,18-24,1.4,3,1.6,1.6,GOLD
2026-06-03,Valeriane Ayayi,BENCH,0-12,1.4,3,1.6,1.6,GOLD
2026-06-05,Valeriane Ayayi,BENCH,0-12,1.5,2,0.5,0.5,GOLD
2026-06-17,Valeriane Ayayi,BENCH,0-12,1.5,1,-0.5,0.5,GOLD
2026-06-20,Valeriane Ayayi,BENCH,0-12,1.6,10,8.4,8.4,GOLD
2026-06-22,Valeriane Ayayi,BENCH,0-12,3.1,3,-0.10000000000000009,0.10000000000000009,GOLD
2026-06-24,Valeriane Ayayi,BENCH,0-12,3.3,3,-0.2999999999999998,0.2999999999999998,GOLD
2026-06-27,Valeriane Ayayi,BENCH,12-18,3.3,6,2.7,2.7,GOLD
2026-07-02,Valeriane Ayayi,STARTER,18-24,3.8,2,-1.7999999999999998,1.7999999999999998,GOLD
2026-07-07,Valeriane Ayayi,STARTER,18-24,3.9,6,2.1,2.1,GOLD
2026-07-09,Valeriane Ayayi,STARTER,18-24,3.8,2,-1.7999999999999998,1.7999999999999998,GOLD
2026-07-11,Valeriane Ayayi,STARTER,18-24,3.6,7,3.4,3.4,GOLD
2026-07-13,Valeriane Ayayi,BENCH,24-30,4.1,1,-3.0999999999999996,3.0999999999999996,GOLD
2026-07-17,Valeriane Ayayi,BENCH,18-24,3.5,1,-2.5,2.5,GOLD
2026-07-19,Valeriane Ayayi,BENCH,18-24,3.3,1,-2.3,2.3,GOLD
2026-07-22,Valeriane Ayayi,BENCH,18-24,2.6,3,0.3999999999999999,0.3999999999999999,GOLD
2026-07-29,Valeriane Ayayi,BENCH,18-24,2.7,7,4.3,4.3,GOLD
2026-08-01,Valeriane Ayayi,BENCH,12-18,2.8,1,-1.7999999999999998,1.7999999999999998,GOLD
2026-08-03,Valeriane Ayayi,BENCH,12-18,2.8,2,-0.7999999999999998,0.7999999999999998,GOLD
2026-08-05,Valeriane Ayayi,BENCH,18-24,2.9,2,-0.8999999999999999,0.8999999999999999,GOLD
2026-08-07,Valeriane Ayayi,BENCH,18-24,3,1,-2,2,GOLD
2026-08-09,Valeriane Ayayi,BENCH,12-18,2.7,1,-1.7000000000000002,1.7000000000000002,GOLD
2026-08-11,Valeriane Ayayi,BENCH,12-18,1.9,4,2.1,2.1,GOLD
2026-06-06,Aliyah Boston,STARTER,24-30,9.2,9,-0.1999999999999993,0.1999999999999993,GOLD
2026-06-08,Aliyah Boston,STARTER,24-30,9.3,10,0.6999999999999993,0.6999999999999993,GOLD
2026-06-11,Aliyah Boston,STARTER,24-30,8.6,12,3.4000000000000004,3.4000000000000004,GOLD
2026-06-13,Aliyah Boston,STARTER,24-30,9.5,11,1.5,1.5,GOLD
2026-06-16,Aliyah Boston,STARTER,24-30,10.1,11,0.9000000000000004,0.9000000000000004,GOLD
2026-06-18,Aliyah Boston,STARTER,24-30,10.6,8,-2.5999999999999996,2.5999999999999996,GOLD
2026-06-20,Aliyah Boston,STARTER,24-30,10.5,9,-1.5,1.5,GOLD
2026-06-22,Aliyah Boston,STARTER,24-30,10.3,9,-1.3000000000000007,1.3000000000000007,GOLD
2026-06-24,Aliyah Boston,STARTER,24-30,9.9,9,-0.9000000000000004,0.9000000000000004,GOLD
2026-06-27,Aliyah Boston,STARTER,24-30,9.7,7,-2.6999999999999993,2.6999999999999993,GOLD
2026-07-05,Aliyah Boston,STARTER,24-30,9.1,10,0.9000000000000004,0.9000000000000004,GOLD
2026-07-09,Aliyah Boston,STARTER,24-30,9.4,9,-0.40000000000000036,0.40000000000000036,GOLD
2026-07-12,Aliyah Boston,STARTER,24-30,9.4,11,1.5999999999999996,1.5999999999999996,GOLD
2026-07-15,Aliyah Boston,STARTER,24-30,9.7,7,-2.6999999999999993,2.6999999999999993,GOLD
2026-07-18,Aliyah Boston,STARTER,24-30,9.4,7,-2.4000000000000004,2.4000000000000004,GOLD
2026-07-22,Aliyah Boston,STARTER,24-30,9.3,6,-3.3000000000000007,3.3000000000000007,GOLD
2026-07-25,Aliyah Boston,STARTER,24-30,8.7,1,-7.699999999999999,7.699999999999999,GOLD
2026-07-28,Aliyah Boston,STARTER,18-24,7.6,2,-5.6,5.6,GOLD
2026-07-31,Aliyah Boston,STARTER,18-24,6.2,9,2.8,2.8,GOLD
2026-08-02,Aliyah Boston,STARTER,18-24,6.5,8,1.5,1.5,GOLD
2026-08-06,Aliyah Boston,STARTER,18-24,6.6,12,5.4,5.4,GOLD
2026-08-08,Aliyah Boston,STARTER,24-30,7.5,11,3.5,3.5,GOLD
2026-08-11,Aliyah Boston,STARTER,24-30,8.8,7,-1.8000000000000007,1.8000000000000007,GOLD
2026-06-26,Ashlon Jackson,BENCH,0-12,1.2,0,-1.2,1.2,GOLD
2026-08-02,Ashlon Jackson,BENCH,0-12,1,0,-1,1,GOLD
2026-05-30,Carla Leite,STARTER,18-24,1,1,0,0,GOLD
2026-06-02,Carla Leite,STARTER,18-24,1,1,0,0,GOLD
2026-06-05,Carla Leite,STARTER,18-24,0.7,2,1.3,1.3,GOLD
2026-06-07,Carla Leite,STARTER,18-24,1,4,3,3,GOLD
2026-06-11,Carla Leite,STARTER,24-30,1.6,3,1.4,1.4,GOLD
2026-06-13,Carla Leite,STARTER,24-30,1.9,5,3.1,3.1,GOLD
2026-06-15,Carla Leite,STARTER,24-30,2.4,2,-0.3999999999999999,0.3999999999999999,GOLD
2026-06-17,Carla Leite,STARTER,24-30,2.6,4,1.4,1.4,GOLD
2026-06-24,Carla Leite,STARTER,24-30,2.8,1,-1.7999999999999998,1.7999999999999998,GOLD
2026-06-26,Carla Leite,STARTER,24-30,2.5,1,-1.5,1.5,GOLD
2026-06-28,Carla Leite,STARTER,24-30,2.2,6,3.8,3.8,GOLD
2026-07-04,Carla Leite,STARTER,24-30,2.4,3,0.6000000000000001,0.6000000000000001,GOLD
2026-07-09,Carla Leite,STARTER,24-30,2.6,3,0.3999999999999999,0.3999999999999999,GOLD
2026-07-11,Carla Leite,STARTER,24-30,2.5,3,0.5,0.5,GOLD
2026-07-14,Carla Leite,STARTER,24-30,2.7,1,-1.7000000000000002,1.7000000000000002,GOLD
2026-07-16,Carla Leite,STARTER,24-30,2.7,1,-1.7000000000000002,1.7000000000000002,GOLD
2026-07-18,Carla Leite,STARTER,24-30,2.1,4,1.9,1.9,GOLD
2026-07-22,Carla Leite,STARTER,24-30,2.3,3,0.7000000000000002,0.7000000000000002,GOLD
2026-07-28,Carla Leite,STARTER,24-30,2.3,0,-2.3,2.3,GOLD
2026-07-31,Carla Leite,STARTER,24-30,1.9,2,0.10000000000000009,0.10000000000000009,GOLD
2026-08-02,Carla Leite,STARTER,24-30,2,1,-1,1,GOLD
2026-08-06,Carla Leite,STARTER,24-30,2,4,2,2,GOLD
2026-08-08,Carla Leite,STARTER,24-30,2,0,-2,2,GOLD
2026-06-05,Skylar Diggins,STARTER,30-36,3,3,0,0,GOLD
2026-06-07,Skylar Diggins,STARTER,30-36,3.2,1,-2.2,2.2,GOLD
2026-06-09,Skylar Diggins,STARTER,30-36,2.4,3,0.6000000000000001,0.6000000000000001,GOLD
2026-06-11,Skylar Diggins,STARTER,30-36,2.6,3,0.3999999999999999,0.3999999999999999,GOLD
2026-06-17,Skylar Diggins,STARTER,30-36,2.3,2,-0.2999999999999998,0.2999999999999998,GOLD
2026-06-20,Skylar Diggins,STARTER,30-36,2.4,1,-1.4,1.4,GOLD
2026-06-22,Skylar Diggins,STARTER,30-36,2.1,1,-1.1,1.1,GOLD
2026-06-24,Skylar Diggins,STARTER,24-30,2.1,3,0.8999999999999999,0.8999999999999999,GOLD
2026-06-26,Skylar Diggins,STARTER,24-30,2.1,3,0.8999999999999999,0.8999999999999999,GOLD
2026-06-28,Skylar Diggins,STARTER,24-30,2.1,6,3.9,3.9,GOLD
2026-07-03,Skylar Diggins,STARTER,24-30,2.7,1,-1.7000000000000002,1.7000000000000002,GOLD
2026-06-25,Taylor Thierry,BENCH,0-12,1.2,1,-0.19999999999999996,0.19999999999999996,GOLD
2026-06-27,Taylor Thierry,BENCH,0-12,1.1,0,-1.1,1.1,GOLD
2026-07-02,Taylor Thierry,BENCH,0-12,0.9,0,-0.9,0.9,GOLD
2026-07-06,Taylor Thierry,BENCH,0-12,0.8,1,0.19999999999999996,0.19999999999999996,GOLD
2026-08-10,Taylor Thierry,BENCH,0-12,0.8,6,5.2,5.2,GOLD
2026-06-05,Ariel Atkins,STARTER,24-30,3.4,5,1.6,1.6,GOLD
2026-06-07,Ariel Atkins,STARTER,24-30,4,2,-2,2,GOLD
2026-06-10,Ariel Atkins,STARTER,24-30,3.8,6,2.2,2.2,GOLD
2026-06-13,Ariel Atkins,STARTER,24-30,4.4,1,-3.4000000000000004,3.4000000000000004,GOLD
2026-06-15,Ariel Atkins,STARTER,24-30,3.9,0,-3.9,3.9,GOLD
2026-06-17,Ariel Atkins,STARTER,24-30,2.9,1,-1.9,1.9,GOLD
2026-06-21,Ariel Atkins,STARTER,24-30,2.3,2,-0.2999999999999998,0.2999999999999998,GOLD
2026-06-25,Ariel Atkins,STARTER,24-30,2.2,0,-2.2,2.2,GOLD
2026-06-27,Ariel Atkins,STARTER,24-30,1.4,3,1.6,1.6,GOLD
2026-07-06,Ariel Atkins,STARTER,18-24,1.7,5,3.3,3.3,GOLD
2026-07-08,Ariel Atkins,STARTER,18-24,2.3,3,0.7000000000000002,0.7000000000000002,GOLD
2026-07-10,Ariel Atkins,STARTER,24-30,2.6,3,0.3999999999999999,0.3999999999999999,GOLD
2026-07-13,Ariel Atkins,STARTER,24-30,2.7,3,0.2999999999999998,0.2999999999999998,GOLD
2026-07-15,Ariel Atkins,STARTER,24-30,3,2,-1,1,GOLD
2026-07-17,Ariel Atkins,STARTER,24-30,2.9,4,1.1,1.1,GOLD
2026-07-19,Ariel Atkins,STARTER,30-36,2.8,2,-0.7999999999999998,0.7999999999999998,GOLD
2026-07-22,Ariel Atkins,STARTER,30-36,2.7,4,1.2999999999999998,1.2999999999999998,GOLD
2026-07-28,Ariel Atkins,STARTER,30-36,2.8,5,2.2,2.2,GOLD
2026-08-02,Ariel Atkins,STARTER,30-36,3.1,3,-0.10000000000000009,0.10000000000000009,GOLD
2026-08-05,Ariel Atkins,STARTER,30-36,3.2,1,-2.2,2.2,GOLD
2026-08-06,Ariel Atkins,STARTER,24-30,2.8,2,-0.7999999999999998,0.7999999999999998,GOLD
2026-08-09,Ariel Atkins,STARTER,24-30,2.8,4,1.2000000000000002,1.2000000000000002,GOLD
2026-08-11,Ariel Atkins,STARTER,24-30,2.8,4,1.2000000000000002,1.2000000000000002,GOLD
2026-06-03,Breanna Stewart,STARTER,30-36,8.5,9,0.5,0.5,GOLD
2026-06-06,Breanna Stewart,STARTER,30-36,8.6,8,-0.5999999999999996,0.5999999999999996,GOLD
2026-06-08,Breanna Stewart,STARTER,30-36,8.2,9,0.8000000000000007,0.8000000000000007,GOLD
2026-06-11,Breanna Stewart,STARTER,30-36,8.5,11,2.5,2.5,GOLD
2026-06-14,Breanna Stewart,STARTER,30-36,9.2,12,2.8000000000000007,2.8000000000000007,GOLD
2026-06-17,Breanna Stewart,STARTER,30-36,9.9,6,-3.9000000000000004,3.9000000000000004,GOLD
2026-06-19,Breanna Stewart,STARTER,30-36,9.4,10,0.5999999999999996,0.5999999999999996,GOLD
2026-06-21,Breanna Stewart,STARTER,30-36,9.7,10,0.3000000000000007,0.3000000000000007,GOLD
2026-06-23,Breanna Stewart,STARTER,30-36,9.8,6,-3.8000000000000007,3.8000000000000007,GOLD
2026-06-28,Breanna Stewart,STARTER,30-36,9.1,4,-5.1,5.1,GOLD
2026-06-30,Breanna Stewart,STARTER,30-36,8,11,3,3,GOLD
2026-07-03,Breanna Stewart,STARTER,30-36,8.7,7,-1.6999999999999993,1.6999999999999993,GOLD
2026-07-07,Breanna Stewart,STARTER,30-36,8.3,9,0.6999999999999993,0.6999999999999993,GOLD
2026-07-11,Breanna Stewart,STARTER,30-36,8.2,7,-1.1999999999999993,1.1999999999999993,GOLD
2026-07-12,Breanna Stewart,STARTER,30-36,8.2,8,-0.1999999999999993,0.1999999999999993,GOLD
2026-07-18,Breanna Stewart,STARTER,30-36,8.7,8,-0.6999999999999993,0.6999999999999993,GOLD
2026-07-20,Breanna Stewart,STARTER,30-36,8.4,13,4.6,4.6,GOLD
2026-07-22,Breanna Stewart,STARTER,30-36,9.2,9,-0.1999999999999993,0.1999999999999993,GOLD
2026-07-25,Breanna Stewart,STARTER,30-36,9.2,13,3.8000000000000007,3.8000000000000007,GOLD
2026-07-28,Breanna Stewart,STARTER,30-36,10,4,-6,6,GOLD
2026-07-30,Breanna Stewart,STARTER,30-36,9.4,11,1.5999999999999996,1.5999999999999996,GOLD
2026-08-01,Breanna Stewart,STARTER,30-36,9.9,11,1.0999999999999996,1.0999999999999996,GOLD
2026-08-03,Breanna Stewart,STARTER,30-36,9.6,8,-1.5999999999999996,1.5999999999999996,GOLD
2026-08-05,Breanna Stewart,STARTER,30-36,9.5,8,-1.5,1.5,GOLD
2026-08-09,Breanna Stewart,STARTER,30-36,8.9,4,-4.9,4.9,GOLD
2026-08-11,Breanna Stewart,STARTER,30-36,8.8,7,-1.8000000000000007,1.8000000000000007,GOLD
2026-06-02,Gabby Williams,STARTER,18-24,2.7,2,-0.7000000000000002,0.7000000000000002,GOLD
2026-06-04,Gabby Williams,STARTER,24-30,2.6,5,2.4,2.4,GOLD
2026-06-06,Gabby Williams,STARTER,24-30,3.5,6,2.5,2.5,GOLD
2026-06-09,Gabby Williams,STARTER,24-30,4.1,4,-0.09999999999999964,0.09999999999999964,GOLD
2026-06-12,Gabby Williams,STARTER,24-30,3.9,1,-2.9,2.9,GOLD
2026-06-15,Gabby Williams,STARTER,24-30,3.4,4,0.6000000000000001,0.6000000000000001,GOLD
2026-06-17,Gabby Williams,STARTER,24-30,3.7,3,-0.7000000000000002,0.7000000000000002,GOLD
2026-06-19,Gabby Williams,STARTER,24-30,3.5,8,4.5,4.5,GOLD
2026-06-21,Gabby Williams,STARTER,24-30,3.9,1,-2.9,2.9,GOLD
2026-06-24,Gabby Williams,STARTER,24-30,3.4,5,1.6,1.6,GOLD
2026-06-26,Gabby Williams,STARTER,24-30,3.9,4,0.10000000000000009,0.10000000000000009,GOLD
2026-06-28,Gabby Williams,STARTER,24-30,3.9,2,-1.9,1.9,GOLD
2026-07-04,Gabby Williams,STARTER,24-30,3.8,1,-2.8,2.8,GOLD
2026-07-06,Gabby Williams,STARTER,24-30,2.9,3,0.10000000000000009,0.10000000000000009,GOLD
2026-07-08,Gabby Williams,STARTER,24-30,3.1,1,-2.1,2.1,GOLD
2026-07-15,Gabby Williams,STARTER,18-24,2.6,3,0.3999999999999999,0.3999999999999999,GOLD
2026-07-18,Gabby Williams,STARTER,18-24,2.4,3,0.6000000000000001,0.6000000000000001,GOLD
2026-07-20,Gabby Williams,STARTER,24-30,2.6,0,-2.6,2.6,GOLD
2026-07-25,Gabby Williams,STARTER,24-30,2.4,5,2.6,2.6,GOLD
2026-08-02,Gabby Williams,STARTER,24-30,2.7,2,-0.7000000000000002,0.7000000000000002,GOLD
2026-08-04,Gabby Williams,STARTER,24-30,2.8,7,4.2,4.2,GOLD
2026-08-07,Gabby Williams,STARTER,18-24,3.3,1,-2.3,2.3,GOLD
2026-08-09,Gabby Williams,STARTER,18-24,3.1,1,-2.1,2.1,GOLD
2026-06-03,Han Xu,BENCH,12-18,2.4,2,-0.3999999999999999,0.3999999999999999,GOLD
2026-06-06,Han Xu,BENCH,12-18,2.6,4,1.4,1.4,GOLD
2026-06-08,Han Xu,STARTER,12-18,2.9,6,3.1,3.1,GOLD
2026-06-11,Han Xu,BENCH,12-18,3.7,0,-3.7,3.7,GOLD
2026-06-14,Han Xu,BENCH,12-18,3.2,0,-3.2,3.2,GOLD
2026-06-17,Han Xu,BENCH,12-18,2.4,2,-0.3999999999999999,0.3999999999999999,GOLD
2026-06-19,Han Xu,BENCH,12-18,2.4,3,0.6000000000000001,0.6000000000000001,GOLD
2026-06-21,Han Xu,BENCH,12-18,2.3,2,-0.2999999999999998,0.2999999999999998,GOLD
2026-06-23,Han Xu,BENCH,0-12,1.8,2,0.19999999999999996,0.19999999999999996,GOLD
2026-06-25,Han Xu,BENCH,0-12,2,0,-2,2,GOLD
2026-06-28,Han Xu,BENCH,0-12,2,0,-2,2,GOLD
2026-07-03,Han Xu,BENCH,0-12,1.7,1,-0.7,0.7,GOLD
2026-07-07,Han Xu,BENCH,0-12,1.4,3,1.6,1.6,GOLD
2026-07-11,Han Xu,BENCH,0-12,1.5,1,-0.5,0.5,GOLD
2026-07-12,Han Xu,STARTER,0-12,1.4,1,-0.3999999999999999,0.3999999999999999,GOLD
2026-07-18,Han Xu,BENCH,12-18,1.5,4,2.5,2.5,GOLD
2026-07-20,Han Xu,BENCH,12-18,2,2,0,0,GOLD
2026-07-22,Han Xu,BENCH,12-18,2.1,2,-0.10000000000000009,0.10000000000000009,GOLD
2026-07-28,Han Xu,BENCH,12-18,2,3,1,1,GOLD
2026-07-30,Han Xu,BENCH,12-18,2.3,1,-1.2999999999999998,1.2999999999999998,GOLD
2026-08-01,Han Xu,BENCH,12-18,2.3,6,3.7,3.7,GOLD
2026-08-03,Han Xu,BENCH,12-18,2.6,7,4.4,4.4,GOLD
2026-08-05,Han Xu,BENCH,12-18,3.2,1,-2.2,2.2,GOLD
2026-08-09,Han Xu,BENCH,12-18,3.1,5,1.9,1.9,GOLD
2026-08-11,Han Xu,BENCH,12-18,3.3,5,1.7000000000000002,1.7000000000000002,GOLD
2026-06-02,Janelle Salaun,BENCH,18-24,4.6,4,-0.5999999999999996,0.5999999999999996,GOLD
2026-06-04,Janelle Salaun,BENCH,18-24,4.3,5,0.7000000000000002,0.7000000000000002,GOLD
2026-06-06,Janelle Salaun,BENCH,18-24,4.7,3,-1.7000000000000002,1.7000000000000002,GOLD
2026-06-09,Janelle Salaun,BENCH,18-24,4.5,5,0.5,0.5,GOLD
2026-06-12,Janelle Salaun,BENCH,18-24,4.3,7,2.7,2.7,GOLD
2026-06-15,Janelle Salaun,BENCH,24-30,4.8,4,-0.7999999999999998,0.7999999999999998,GOLD
2026-06-17,Janelle Salaun,BENCH,24-30,4.7,4,-0.7000000000000002,0.7000000000000002,GOLD
2026-06-19,Janelle Salaun,BENCH,24-30,4.6,6,1.4000000000000004,1.4000000000000004,GOLD
2026-06-21,Janelle Salaun,BENCH,24-30,5,3,-2,2,GOLD
2026-06-24,Janelle Salaun,BENCH,18-24,4.7,2,-2.7,2.7,GOLD
2026-06-26,Janelle Salaun,BENCH,18-24,4,7,3,3,GOLD
2026-06-28,Janelle Salaun,BENCH,18-24,4.5,4,-0.5,0.5,GOLD
2026-07-04,Janelle Salaun,BENCH,18-24,4.5,2,-2.5,2.5,GOLD
2026-07-06,Janelle Salaun,BENCH,18-24,3.9,1,-2.9,2.9,GOLD
2026-07-08,Janelle Salaun,BENCH,18-24,3.6,6,2.4,2.4,GOLD
2026-07-10,Janelle Salaun,BENCH,18-24,4.1,7,2.9000000000000004,2.9000000000000004,GOLD
2026-07-15,Janelle Salaun,BENCH,18-24,4.2,2,-2.2,2.2,GOLD
2026-07-18,Janelle Salaun,BENCH,18-24,3.9,3,-0.8999999999999999,0.8999999999999999,GOLD
2026-07-20,Janelle Salaun,BENCH,18-24,4,4,0,0,GOLD
2026-07-29,Janelle Salaun,BENCH,18-24,4.3,2,-2.3,2.3,GOLD
2026-08-02,Janelle Salaun,BENCH,18-24,3.8,3,-0.7999999999999998,0.7999999999999998,GOLD
2026-08-04,Janelle Salaun,BENCH,18-24,3.3,1,-2.3,2.3,GOLD
2026-08-07,Janelle Salaun,BENCH,18-24,3.2,3,-0.20000000000000018,0.20000000000000018,GOLD
2026-08-09,Janelle Salaun,BENCH,18-24,3.1,3,-0.10000000000000009,0.10000000000000009,GOLD
2026-06-03,Jonquel Jones,STARTER,30-36,9.8,17,7.199999999999999,7.199999999999999,GOLD
2026-06-06,Jonquel Jones,STARTER,30-36,11.4,12,0.5999999999999996,0.5999999999999996,GOLD
2026-06-11,Jonquel Jones,STARTER,30-36,12.1,10,-2.0999999999999996,2.0999999999999996,GOLD
2026-06-14,Jonquel Jones,STARTER,30-36,12,4,-8,8,GOLD
2026-06-17,Jonquel Jones,STARTER,24-30,10.6,8,-2.5999999999999996,2.5999999999999996,GOLD
2026-06-19,Jonquel Jones,STARTER,24-30,10.4,10,-0.40000000000000036,0.40000000000000036,GOLD
2026-06-21,Jonquel Jones,STARTER,24-30,9.6,8,-1.5999999999999996,1.5999999999999996,GOLD
2026-06-23,Jonquel Jones,STARTER,24-30,9,5,-4,4,GOLD
2026-06-25,Jonquel Jones,STARTER,24-30,8.2,8,-0.1999999999999993,0.1999999999999993,GOLD
2026-06-28,Jonquel Jones,STARTER,30-36,8.7,7,-1.6999999999999993,1.6999999999999993,GOLD
2026-06-30,Jonquel Jones,STARTER,30-36,8.5,9,0.5,0.5,GOLD
2026-07-03,Jonquel Jones,STARTER,30-36,8.4,15,6.6,6.6,GOLD
2026-07-07,Jonquel Jones,STARTER,30-36,9.4,12,2.5999999999999996,2.5999999999999996,GOLD
2026-07-11,Jonquel Jones,STARTER,30-36,10.3,12,1.6999999999999993,1.6999999999999993,GOLD
2026-07-12,Jonquel Jones,STARTER,30-36,10.9,10,-0.9000000000000004,0.9000000000000004,GOLD
2026-07-18,Jonquel Jones,STARTER,30-36,11.3,6,-5.300000000000001,5.300000000000001,GOLD
2026-07-20,Jonquel Jones,STARTER,30-36,10.8,10,-0.8000000000000007,0.8000000000000007,GOLD
2026-07-22,Jonquel Jones,STARTER,30-36,10.2,10,-0.1999999999999993,0.1999999999999993,GOLD
2026-07-25,Jonquel Jones,BENCH,30-36,10,13,3,3,GOLD
2026-07-28,Jonquel Jones,STARTER,24-30,10.2,5,-5.199999999999999,5.199999999999999,GOLD
2026-07-30,Jonquel Jones,STARTER,24-30,9.4,7,-2.4000000000000004,2.4000000000000004,GOLD
2026-08-01,Jonquel Jones,STARTER,24-30,9.5,9,-0.5,0.5,GOLD
2026-08-03,Jonquel Jones,STARTER,24-30,9.4,7,-2.4000000000000004,2.4000000000000004,GOLD
2026-08-05,Jonquel Jones,STARTER,24-30,9,15,6,6,GOLD
2026-08-09,Jonquel Jones,STARTER,24-30,9.3,8,-1.3000000000000007,1.3000000000000007,GOLD
2026-08-11,Jonquel Jones,STARTER,24-30,9.7,10,0.3000000000000007,0.3000000000000007,GOLD
2026-06-02,Kaila Charles,BENCH,18-24,5,3,-2,2,GOLD
2026-06-04,Kaila Charles,BENCH,12-18,4.4,2,-2.4000000000000004,2.4000000000000004,GOLD
2026-06-06,Kaila Charles,BENCH,12-18,3.6,6,2.4,2.4,GOLD
2026-06-09,Kaila Charles,BENCH,12-18,3.6,6,2.4,2.4,GOLD
2026-06-12,Kaila Charles,BENCH,12-18,3.9,3,-0.8999999999999999,0.8999999999999999,GOLD
2026-06-15,Kaila Charles,BENCH,12-18,4.2,8,3.8,3.8,GOLD
2026-06-17,Kaila Charles,BENCH,12-18,4.9,5,0.09999999999999964,0.09999999999999964,GOLD
2026-06-19,Kaila Charles,BENCH,18-24,5.3,1,-4.3,4.3,GOLD
2026-06-21,Kaila Charles,BENCH,18-24,4.6,4,-0.5999999999999996,0.5999999999999996,GOLD
2026-06-24,Kaila Charles,BENCH,18-24,4.3,3,-1.2999999999999998,1.2999999999999998,GOLD
2026-06-26,Kaila Charles,BENCH,18-24,4.3,4,-0.2999999999999998,0.2999999999999998,GOLD
2026-06-28,Kaila Charles,BENCH,12-18,3.8,2,-1.7999999999999998,1.7999999999999998,GOLD
2026-07-04,Kaila Charles,BENCH,18-24,3.4,8,4.6,4.6,GOLD
2026-07-06,Kaila Charles,BENCH,12-18,4.3,5,0.7000000000000002,0.7000000000000002,GOLD
2026-07-08,Kaila Charles,BENCH,18-24,4.4,5,0.5999999999999996,0.5999999999999996,GOLD
2026-07-10,Kaila Charles,STARTER,18-24,4.7,5,0.2999999999999998,0.2999999999999998,GOLD
2026-07-15,Kaila Charles,BENCH,18-24,4.8,1,-3.8,3.8,GOLD
2026-07-18,Kaila Charles,BENCH,18-24,4.6,0,-4.6,4.6,GOLD
2026-07-20,Kaila Charles,BENCH,18-24,3.6,5,1.4,1.4,GOLD
2026-07-29,Kaila Charles,STARTER,18-24,3.6,10,6.4,6.4,GOLD
2026-08-02,Kaila Charles,BENCH,18-24,4.3,1,-3.3,3.3,GOLD
2026-08-04,Kaila Charles,BENCH,18-24,3.8,3,-0.7999999999999998,0.7999999999999998,GOLD
2026-08-07,Kaila Charles,BENCH,18-24,4,4,0,0,GOLD
2026-08-09,Kaila Charles,BENCH,18-24,4.5,4,-0.5,0.5,GOLD
2026-06-02,Kaitlyn Chen,BENCH,12-18,1,0,-1,1,GOLD
2026-06-04,Kaitlyn Chen,BENCH,12-18,0.9,1,0.09999999999999998,0.09999999999999998,GOLD
2026-06-06,Kaitlyn Chen,BENCH,12-18,0.9,1,0.09999999999999998,0.09999999999999998,GOLD
2026-06-09,Kaitlyn Chen,BENCH,12-18,0.8,0,-0.8,0.8,GOLD
2026-06-12,Kaitlyn Chen,BENCH,0-12,0.7,2,1.3,1.3,GOLD
2026-06-15,Kaitlyn Chen,BENCH,0-12,0.8,3,2.2,2.2,GOLD
2026-06-17,Kaitlyn Chen,BENCH,0-12,1.4,2,0.6000000000000001,0.6000000000000001,GOLD
2026-06-19,Kaitlyn Chen,BENCH,12-18,1.5,0,-1.5,1.5,GOLD
2026-06-21,Kaitlyn Chen,BENCH,12-18,1.3,2,0.7,0.7,GOLD
2026-06-24,Kaitlyn Chen,BENCH,12-18,1.5,0,-1.5,1.5,GOLD
2026-06-26,Kaitlyn Chen,BENCH,12-18,1.3,3,1.7,1.7,GOLD
2026-06-28,Kaitlyn Chen,BENCH,12-18,1.3,0,-1.3,1.3,GOLD
2026-07-04,Kaitlyn Chen,BENCH,12-18,1.1,0,-1.1,1.1,GOLD
2026-07-06,Kaitlyn Chen,BENCH,12-18,1,1,0,0,GOLD
2026-07-08,Kaitlyn Chen,BENCH,12-18,0.9,1,0.09999999999999998,0.09999999999999998,GOLD
2026-07-10,Kaitlyn Chen,BENCH,12-18,1,1,0,0,GOLD
2026-07-15,Kaitlyn Chen,BENCH,12-18,0.8,0,-0.8,0.8,GOLD
2026-07-18,Kaitlyn Chen,BENCH,12-18,0.8,0,-0.8,0.8,GOLD
2026-07-20,Kaitlyn Chen,BENCH,12-18,0.8,2,1.2,1.2,GOLD
2026-07-29,Kaitlyn Chen,BENCH,12-18,0.9,0,-0.9,0.9,GOLD
2026-08-02,Kaitlyn Chen,BENCH,12-18,0.7,1,0.30000000000000004,0.30000000000000004,GOLD
2026-08-04,Kaitlyn Chen,BENCH,12-18,0.7,1,0.30000000000000004,0.30000000000000004,GOLD
2026-08-07,Kaitlyn Chen,BENCH,12-18,0.9,0,-0.9,0.9,GOLD
2026-08-09,Kaitlyn Chen,BENCH,12-18,0.9,1,0.09999999999999998,0.09999999999999998,GOLD
2026-06-02,Kayla Thornton,STARTER,18-24,4.4,8,3.5999999999999996,3.5999999999999996,GOLD
2026-06-04,Kayla Thornton,STARTER,18-24,5,5,0,0,GOLD
2026-06-06,Kayla Thornton,STARTER,18-24,5.4,9,3.5999999999999996,3.5999999999999996,GOLD
2026-06-09,Kayla Thornton,STARTER,24-30,5.7,4,-1.7000000000000002,1.7000000000000002,GOLD
2026-06-12,Kayla Thornton,STARTER,24-30,5.7,4,-1.7000000000000002,1.7000000000000002,GOLD
2026-06-15,Kayla Thornton,STARTER,24-30,5.7,2,-3.7,3.7,GOLD
2026-06-17,Kayla Thornton,STARTER,24-30,4.8,11,6.2,6.2,GOLD
2026-06-19,Kayla Thornton,STARTER,24-30,5.8,6,0.20000000000000018,0.20000000000000018,GOLD
2026-06-21,Kayla Thornton,STARTER,24-30,5.4,5,-0.40000000000000036,0.40000000000000036,GOLD
2026-06-24,Kayla Thornton,STARTER,24-30,5.5,5,-0.5,0.5,GOLD
2026-06-26,Kayla Thornton,STARTER,24-30,5.6,2,-3.5999999999999996,3.5999999999999996,GOLD
2026-06-28,Kayla Thornton,STARTER,24-30,5.6,4,-1.5999999999999996,1.5999999999999996,GOLD
2026-07-04,Kayla Thornton,STARTER,24-30,4.7,4,-0.7000000000000002,0.7000000000000002,GOLD
2026-07-06,Kayla Thornton,STARTER,24-30,4.4,0,-4.4,4.4,GOLD
2026-07-08,Kayla Thornton,STARTER,18-24,3.7,9,5.3,5.3,GOLD
2026-07-10,Kayla Thornton,STARTER,18-24,4.3,4,-0.2999999999999998,0.2999999999999998,GOLD
2026-07-15,Kayla Thornton,STARTER,18-24,4.5,8,3.5,3.5,GOLD
2026-07-18,Kayla Thornton,STARTER,18-24,5.1,4,-1.0999999999999996,1.0999999999999996,GOLD
2026-07-20,Kayla Thornton,STARTER,18-24,5,3,-2,2,GOLD
2026-07-29,Kayla Thornton,STARTER,24-30,5.4,8,2.5999999999999996,2.5999999999999996,GOLD
2026-08-02,Kayla Thornton,STARTER,24-30,5.3,1,-4.3,4.3,GOLD
2026-08-04,Kayla Thornton,STARTER,24-30,4.8,2,-2.8,2.8,GOLD
2026-08-07,Kayla Thornton,STARTER,24-30,4.1,10,5.9,5.9,GOLD
2026-08-09,Kayla Thornton,STARTER,24-30,4.9,7,2.0999999999999996,2.0999999999999996,GOLD
2026-06-02,Kiah Stokes,STARTER,18-24,4.4,5,0.5999999999999996,0.5999999999999996,GOLD
2026-06-04,Kiah Stokes,STARTER,18-24,4.7,3,-1.7000000000000002,1.7000000000000002,GOLD
2026-06-06,Kiah Stokes,STARTER,18-24,4.1,4,-0.09999999999999964,0.09999999999999964,GOLD
2026-06-09,Kiah Stokes,STARTER,18-24,4.5,4,-0.5,0.5,GOLD
2026-06-12,Kiah Stokes,STARTER,18-24,4.5,5,0.5,0.5,GOLD
2026-06-15,Kiah Stokes,STARTER,18-24,4.2,7,2.8,2.8,GOLD
2026-06-17,Kiah Stokes,STARTER,18-24,4.6,7,2.4000000000000004,2.4000000000000004,GOLD
2026-06-19,Kiah Stokes,STARTER,18-24,5.1,6,0.9000000000000004,0.9000000000000004,GOLD
2026-06-21,Kiah Stokes,STARTER,18-24,5.4,3,-2.4000000000000004,2.4000000000000004,GOLD
2026-06-24,Kiah Stokes,STARTER,18-24,5.2,5,-0.20000000000000018,0.20000000000000018,GOLD
2026-06-26,Kiah Stokes,STARTER,18-24,5.2,4,-1.2000000000000002,1.2000000000000002,GOLD
2026-06-28,Kiah Stokes,STARTER,18-24,4.9,4,-0.9000000000000004,0.9000000000000004,GOLD
2026-07-04,Kiah Stokes,STARTER,18-24,4.5,7,2.5,2.5,GOLD
2026-07-06,Kiah Stokes,STARTER,18-24,4.7,9,4.3,4.3,GOLD
2026-07-08,Kiah Stokes,STARTER,24-30,5.5,3,-2.5,2.5,GOLD
2026-07-10,Kiah Stokes,STARTER,18-24,5.2,4,-1.2000000000000002,1.2000000000000002,GOLD
2026-07-15,Kiah Stokes,STARTER,18-24,5.2,7,1.7999999999999998,1.7999999999999998,GOLD
2026-07-18,Kiah Stokes,STARTER,18-24,5.6,4,-1.5999999999999996,1.5999999999999996,GOLD
2026-07-20,Kiah Stokes,STARTER,18-24,5.2,4,-1.2000000000000002,1.2000000000000002,GOLD
2026-07-29,Kiah Stokes,STARTER,18-24,4.6,4,-0.5999999999999996,0.5999999999999996,GOLD
2026-08-02,Kiah Stokes,STARTER,18-24,4.7,11,6.3,6.3,GOLD
2026-08-04,Kiah Stokes,STARTER,18-24,5.6,7,1.4000000000000004,1.4000000000000004,GOLD
2026-08-07,Kiah Stokes,STARTER,18-24,5.6,7,1.4000000000000004,1.4000000000000004,GOLD
2026-08-09,Kiah Stokes,STARTER,24-30,6,7,1,1,GOLD
2026-06-02,Laeticia Amihere,BENCH,12-18,5,0,-5,5,GOLD
2026-06-15,Laeticia Amihere,BENCH,0-12,3.7,0,-3.7,3.7,GOLD
2026-06-17,Laeticia Amihere,BENCH,0-12,3,0,-3,3,GOLD
2026-06-19,Laeticia Amihere,BENCH,0-12,2.3,4,1.7000000000000002,1.7000000000000002,GOLD
2026-06-21,Laeticia Amihere,BENCH,0-12,2.2,3,0.7999999999999998,0.7999999999999998,GOLD
2026-06-24,Laeticia Amihere,BENCH,0-12,2,5,3,3,GOLD
2026-06-26,Laeticia Amihere,BENCH,0-12,2.8,3,0.20000000000000018,0.20000000000000018,GOLD
2026-06-28,Laeticia Amihere,BENCH,0-12,3.1,5,1.9,1.9,GOLD
2026-07-04,Laeticia Amihere,BENCH,0-12,3.8,5,1.2000000000000002,1.2000000000000002,GOLD
2026-07-06,Laeticia Amihere,BENCH,0-12,4,4,0,0,GOLD
2026-07-08,Laeticia Amihere,BENCH,0-12,4.1,3,-1.0999999999999996,1.0999999999999996,GOLD
2026-07-10,Laeticia Amihere,BENCH,12-18,3.8,5,1.2000000000000002,1.2000000000000002,GOLD
2026-07-15,Laeticia Amihere,BENCH,12-18,4.1,0,-4.1,4.1,GOLD
2026-07-18,Laeticia Amihere,BENCH,0-12,3.4,5,1.6,1.6,GOLD
2026-07-20,Laeticia Amihere,BENCH,0-12,3.5,2,-1.5,1.5,GOLD
2026-07-29,Laeticia Amihere,BENCH,0-12,3.2,2,-1.2000000000000002,1.2000000000000002,GOLD
2026-08-02,Laeticia Amihere,BENCH,0-12,3.1,1,-2.1,2.1,GOLD
2026-08-04,Laeticia Amihere,BENCH,0-12,2.5,3,0.5,0.5,GOLD
2026-08-07,Laeticia Amihere,BENCH,0-12,2.9,5,2.1,2.1,GOLD
2026-08-09,Laeticia Amihere,BENCH,0-12,2.9,3,0.10000000000000009,0.10000000000000009,GOLD
2026-06-28,Liatu King,BENCH,0-12,3.8,2,-1.7999999999999998,1.7999999999999998,GOLD
2026-07-03,Liatu King,BENCH,0-12,3.1,2,-1.1,1.1,GOLD
2026-07-15,Liatu King,BENCH,0-12,2.7,0,-2.7,2.7,GOLD
2026-06-03,Marine Johannes,STARTER,24-30,2.5,2,-0.5,0.5,GOLD
2026-06-06,Marine Johannes,STARTER,24-30,2.3,4,1.7000000000000002,1.7000000000000002,GOLD
2026-06-08,Marine Johannes,STARTER,24-30,2.5,4,1.5,1.5,GOLD
2026-06-11,Marine Johannes,STARTER,24-30,2.8,1,-1.7999999999999998,1.7999999999999998,GOLD
2026-06-14,Marine Johannes,STARTER,18-24,2.5,4,1.5,1.5,GOLD
2026-06-17,Marine Johannes,STARTER,18-24,2.8,1,-1.7999999999999998,1.7999999999999998,GOLD
2026-06-19,Marine Johannes,STARTER,18-24,2.6,3,0.3999999999999999,0.3999999999999999,GOLD
2026-06-21,Marine Johannes,BENCH,18-24,2.5,2,-0.5,0.5,GOLD
2026-06-23,Marine Johannes,BENCH,18-24,2.3,2,-0.2999999999999998,0.2999999999999998,GOLD
2026-06-25,Marine Johannes,BENCH,18-24,2.5,1,-1.5,1.5,GOLD
2026-06-28,Marine Johannes,BENCH,18-24,2.1,1,-1.1,1.1,GOLD
2026-06-30,Marine Johannes,BENCH,18-24,2,3,1,1,GOLD
2026-07-03,Marine Johannes,BENCH,18-24,2,4,2,2,GOLD
2026-07-07,Marine Johannes,BENCH,18-24,2.3,2,-0.2999999999999998,0.2999999999999998,GOLD
2026-07-11,Marine Johannes,BENCH,18-24,2.3,3,0.7000000000000002,0.7000000000000002,GOLD
2026-07-12,Marine Johannes,BENCH,18-24,2.6,3,0.3999999999999999,0.3999999999999999,GOLD
2026-07-18,Marine Johannes,STARTER,18-24,2.7,2,-0.7000000000000002,0.7000000000000002,GOLD
2026-07-30,Marine Johannes,BENCH,18-24,2.7,0,-2.7,2.7,GOLD
2026-08-01,Marine Johannes,BENCH,18-24,2.2,0,-2.2,2.2,GOLD
2026-08-03,Marine Johannes,BENCH,18-24,1.9,0,-1.9,1.9,GOLD
2026-08-05,Marine Johannes,BENCH,12-18,1.4,2,0.6000000000000001,0.6000000000000001,GOLD
2026-08-09,Marine Johannes,BENCH,12-18,1.3,1,-0.30000000000000004,0.30000000000000004,GOLD
2026-08-11,Marine Johannes,BENCH,12-18,1.1,0,-1.1,1.1,GOLD
2026-07-02,Marta Suarez,BENCH,0-12,1.2,3,1.8,1.8,GOLD
2026-07-07,Marta Suarez,BENCH,0-12,1.6,1,-0.6000000000000001,0.6000000000000001,GOLD
2026-07-09,Marta Suarez,BENCH,0-12,1.3,2,0.7,0.7,GOLD
2026-07-11,Marta Suarez,BENCH,0-12,1.6,0,-1.6,1.6,GOLD
2026-07-13,Marta Suarez,BENCH,0-12,1.3,1,-0.30000000000000004,0.30000000000000004,GOLD
2026-07-17,Marta Suarez,BENCH,0-12,1.4,2,0.6000000000000001,0.6000000000000001,GOLD
2026-08-09,Marta Suarez,BENCH,0-12,1.3,0,-1.3,1.3,GOLD
2026-08-11,Marta Suarez,BENCH,0-12,1.1,0,-1.1,1.1,GOLD
2026-06-03,Pauline Astier,STARTER,24-30,3.6,0,-3.6,3.6,GOLD
2026-06-06,Pauline Astier,STARTER,24-30,2.8,3,0.20000000000000018,0.20000000000000018,GOLD
2026-06-08,Pauline Astier,STARTER,24-30,3.1,3,-0.10000000000000009,0.10000000000000009,GOLD
2026-06-11,Pauline Astier,STARTER,24-30,3.1,8,4.9,4.9,GOLD
2026-06-14,Pauline Astier,STARTER,24-30,3.8,1,-2.8,2.8,GOLD
2026-06-17,Pauline Astier,BENCH,24-30,3.1,5,1.9,1.9,GOLD
2026-06-19,Pauline Astier,BENCH,24-30,3.8,1,-2.8,2.8,GOLD
2026-06-21,Pauline Astier,BENCH,18-24,3.5,4,0.5,0.5,GOLD
2026-06-23,Pauline Astier,BENCH,18-24,3.6,2,-1.6,1.6,GOLD
2026-06-25,Pauline Astier,STARTER,18-24,2.8,1,-1.7999999999999998,1.7999999999999998,GOLD
2026-06-28,Pauline Astier,STARTER,18-24,2.8,0,-2.8,2.8,GOLD
2026-06-30,Pauline Astier,STARTER,18-24,2.1,5,2.9,2.9,GOLD
2026-07-03,Pauline Astier,STARTER,24-30,2.6,2,-0.6000000000000001,0.6000000000000001,GOLD
2026-07-07,Pauline Astier,STARTER,24-30,2.3,2,-0.2999999999999998,0.2999999999999998,GOLD
2026-07-11,Pauline Astier,STARTER,24-30,2.3,0,-2.3,2.3,GOLD
2026-07-12,Pauline Astier,STARTER,24-30,2.1,3,0.8999999999999999,0.8999999999999999,GOLD
2026-07-18,Pauline Astier,STARTER,24-30,2.5,2,-0.5,0.5,GOLD
2026-07-20,Pauline Astier,STARTER,24-30,2.1,2,-0.10000000000000009,0.10000000000000009,GOLD
2026-07-22,Pauline Astier,STARTER,18-24,2.1,1,-1.1,1.1,GOLD
2026-07-28,Pauline Astier,STARTER,18-24,1.9,2,0.10000000000000009,0.10000000000000009,GOLD
2026-07-30,Pauline Astier,STARTER,18-24,2.1,1,-1.1,1.1,GOLD
2026-08-01,Pauline Astier,STARTER,18-24,1.9,0,-1.9,1.9,GOLD
2026-08-03,Pauline Astier,STARTER,18-24,1.6,0,-1.6,1.6,GOLD
2026-08-05,Pauline Astier,STARTER,18-24,1.3,3,1.7,1.7,GOLD
2026-08-09,Pauline Astier,STARTER,18-24,1.6,2,0.3999999999999999,0.3999999999999999,GOLD
2026-08-11,Pauline Astier,STARTER,18-24,1.6,3,1.4,1.4,GOLD
2026-06-28,Rebecca Allen,BENCH,12-18,1.8,0,-1.8,1.8,GOLD
2026-07-07,Rebecca Allen,BENCH,0-12,1.2,0,-1.2,1.2,GOLD
2026-07-11,Rebecca Allen,BENCH,0-12,0.7,2,1.3,1.3,GOLD
2026-07-18,Rebecca Allen,BENCH,0-12,0.7,1,0.30000000000000004,0.30000000000000004,GOLD
2026-07-20,Rebecca Allen,STARTER,0-12,0.9,3,2.1,2.1,GOLD
2026-07-22,Rebecca Allen,STARTER,12-18,1.3,4,2.7,2.7,GOLD
2026-07-28,Rebecca Allen,STARTER,12-18,1.9,2,0.10000000000000009,0.10000000000000009,GOLD
2026-07-30,Rebecca Allen,STARTER,18-24,2.1,1,-1.1,1.1,GOLD
2026-08-01,Rebecca Allen,STARTER,18-24,2,2,0,0,GOLD
2026-08-03,Rebecca Allen,STARTER,18-24,2.1,5,2.9,2.9,GOLD
2026-08-05,Rebecca Allen,STARTER,18-24,2.4,1,-1.4,1.4,GOLD
2026-08-09,Rebecca Allen,STARTER,18-24,2,8,6,6,GOLD
2026-08-11,Rebecca Allen,STARTER,18-24,2.8,2,-0.7999999999999998,0.7999999999999998,GOLD
2026-06-03,Rebekah Gardner,BENCH,12-18,1.2,3,1.8,1.8,GOLD
2026-06-06,Rebekah Gardner,BENCH,12-18,1.4,4,2.6,2.6,GOLD
2026-06-08,Rebekah Gardner,BENCH,12-18,1.9,1,-0.8999999999999999,0.8999999999999999,GOLD
2026-06-11,Rebekah Gardner,BENCH,12-18,2,3,1,1,GOLD
2026-06-14,Rebekah Gardner,BENCH,12-18,2.2,0,-2.2,2.2,GOLD
2026-06-17,Rebekah Gardner,BENCH,12-18,2,1,-1,1,GOLD
2026-06-19,Rebekah Gardner,BENCH,12-18,1.8,0,-1.8,1.8,GOLD
2026-06-21,Rebekah Gardner,BENCH,12-18,1.2,2,0.8,0.8,GOLD
2026-06-25,Rebekah Gardner,BENCH,12-18,1.3,4,2.7,2.7,GOLD
2026-06-28,Rebekah Gardner,BENCH,12-18,1.5,5,3.5,3.5,GOLD
2026-06-30,Rebekah Gardner,BENCH,12-18,2.2,1,-1.2000000000000002,1.2000000000000002,GOLD
2026-07-03,Rebekah Gardner,BENCH,12-18,2.2,0,-2.2,2.2,GOLD
2026-07-07,Rebekah Gardner,STARTER,0-12,2.2,3,0.7999999999999998,0.7999999999999998,GOLD
2026-07-11,Rebekah Gardner,STARTER,12-18,2.3,1,-1.2999999999999998,1.2999999999999998,GOLD
2026-07-12,Rebekah Gardner,BENCH,12-18,1.9,0,-1.9,1.9,GOLD
2026-07-20,Rebekah Gardner,BENCH,12-18,1.3,4,2.7,2.7,GOLD
2026-07-22,Rebekah Gardner,BENCH,12-18,1.7,6,4.3,4.3,GOLD
2026-07-28,Rebekah Gardner,BENCH,12-18,2.5,2,-0.5,0.5,GOLD
2026-07-30,Rebekah Gardner,BENCH,12-18,2.4,5,2.6,2.6,GOLD
2026-08-01,Rebekah Gardner,BENCH,12-18,2.9,1,-1.9,1.9,GOLD
2026-08-03,Rebekah Gardner,BENCH,12-18,2.9,3,0.10000000000000009,0.10000000000000009,GOLD
2026-08-05,Rebekah Gardner,BENCH,12-18,2.9,0,-2.9,2.9,GOLD
2026-08-09,Rebekah Gardner,BENCH,12-18,2.1,7,4.9,4.9,GOLD
2026-08-11,Rebekah Gardner,BENCH,12-18,2.8,6,3.2,3.2,GOLD
2026-06-06,Satou Sabally,BENCH,12-18,2.8,5,2.2,2.2,GOLD
2026-06-08,Satou Sabally,BENCH,12-18,3.1,2,-1.1,1.1,GOLD
2026-06-11,Satou Sabally,BENCH,12-18,3,3,0,0,GOLD
2026-06-14,Satou Sabally,BENCH,12-18,3.4,2,-1.4,1.4,GOLD
2026-06-17,Satou Sabally,BENCH,12-18,3.2,2,-1.2000000000000002,1.2000000000000002,GOLD
2026-06-19,Satou Sabally,BENCH,18-24,2.8,0,-2.8,2.8,GOLD
2026-06-21,Satou Sabally,STARTER,12-18,2.1,5,2.9,2.9,GOLD
2026-06-23,Satou Sabally,STARTER,18-24,2.6,3,0.3999999999999999,0.3999999999999999,GOLD
2026-06-02,Tiffany Hayes,BENCH,12-18,1.2,0,-1.2,1.2,GOLD
2026-06-04,Tiffany Hayes,BENCH,12-18,1,5,4,4,GOLD
2026-06-06,Tiffany Hayes,BENCH,12-18,1.6,3,1.4,1.4,GOLD
2026-06-09,Tiffany Hayes,BENCH,12-18,1.8,1,-0.8,0.8,GOLD
2026-06-12,Tiffany Hayes,BENCH,12-18,1.7,4,2.3,2.3,GOLD
2026-06-15,Tiffany Hayes,BENCH,12-18,2.3,0,-2.3,2.3,GOLD
2026-06-17,Tiffany Hayes,BENCH,12-18,2.2,0,-2.2,2.2,GOLD
2026-06-19,Tiffany Hayes,BENCH,12-18,1.6,1,-0.6000000000000001,0.6000000000000001,GOLD
2026-06-21,Tiffany Hayes,BENCH,12-18,1.3,1,-0.30000000000000004,0.30000000000000004,GOLD
2026-06-24,Tiffany Hayes,BENCH,12-18,1.3,1,-0.30000000000000004,0.30000000000000004,GOLD
2026-06-26,Tiffany Hayes,BENCH,12-18,0.9,2,1.1,1.1,GOLD
2026-06-28,Tiffany Hayes,BENCH,12-18,1.2,1,-0.19999999999999996,0.19999999999999996,GOLD
2026-07-04,Tiffany Hayes,BENCH,12-18,1.3,0,-1.3,1.3,GOLD
2026-07-06,Tiffany Hayes,BENCH,12-18,1.2,2,0.8,0.8,GOLD
2026-07-08,Tiffany Hayes,BENCH,12-18,1.3,0,-1.3,1.3,GOLD
2026-07-10,Tiffany Hayes,BENCH,12-18,1.2,0,-1.2,1.2,GOLD
2026-07-15,Tiffany Hayes,BENCH,12-18,0.9,2,1.1,1.1,GOLD
2026-07-18,Tiffany Hayes,BENCH,12-18,1,1,0,0,GOLD
2026-07-20,Tiffany Hayes,BENCH,12-18,1.1,0,-1.1,1.1,GOLD
2026-07-29,Tiffany Hayes,BENCH,12-18,0.9,3,2.1,2.1,GOLD
2026-08-02,Tiffany Hayes,BENCH,12-18,1.3,3,1.7,1.7,GOLD
2026-08-04,Tiffany Hayes,BENCH,12-18,1.6,4,2.4,2.4,GOLD
2026-08-07,Tiffany Hayes,BENCH,12-18,1.9,1,-0.8999999999999999,0.8999999999999999,GOLD
2026-08-09,Tiffany Hayes,BENCH,12-18,1.9,3,1.1,1.1,GOLD
2026-06-02,Veronica Burton,STARTER,24-30,3.6,3,-0.6000000000000001,0.6000000000000001,GOLD
2026-06-04,Veronica Burton,STARTER,24-30,3.4,2,-1.4,1.4,GOLD
2026-06-06,Veronica Burton,STARTER,24-30,3.2,5,1.7999999999999998,1.7999999999999998,GOLD
2026-06-09,Veronica Burton,STARTER,24-30,3.7,3,-0.7000000000000002,0.7000000000000002,GOLD
2026-06-12,Veronica Burton,STARTER,24-30,3.3,5,1.7000000000000002,1.7000000000000002,GOLD
2026-06-15,Veronica Burton,STARTER,24-30,3.6,2,-1.6,1.6,GOLD
2026-06-17,Veronica Burton,STARTER,30-36,3.4,8,4.6,4.6,GOLD
2026-06-19,Veronica Burton,STARTER,30-36,4.3,2,-2.3,2.3,GOLD
2026-06-21,Veronica Burton,STARTER,24-30,3.9,3,-0.8999999999999999,0.8999999999999999,GOLD
2026-06-24,Veronica Burton,STARTER,24-30,3.9,5,1.1,1.1,GOLD
2026-06-26,Veronica Burton,STARTER,24-30,3.9,1,-2.9,2.9,GOLD
2026-06-28,Veronica Burton,STARTER,24-30,3.7,6,2.3,2.3,GOLD
2026-07-04,Veronica Burton,STARTER,24-30,3.5,1,-2.5,2.5,GOLD
2026-07-06,Veronica Burton,STARTER,24-30,3.3,3,-0.2999999999999998,0.2999999999999998,GOLD
2026-07-08,Veronica Burton,STARTER,24-30,3.3,2,-1.2999999999999998,1.2999999999999998,GOLD
2026-07-10,Veronica Burton,STARTER,24-30,2.9,3,0.10000000000000009,0.10000000000000009,GOLD
2026-07-15,Veronica Burton,STARTER,24-30,3.2,5,1.7999999999999998,1.7999999999999998,GOLD
2026-07-18,Veronica Burton,STARTER,24-30,3.1,5,1.9,1.9,GOLD
2026-07-20,Veronica Burton,STARTER,24-30,3.6,2,-1.6,1.6,GOLD
2026-07-29,Veronica Burton,STARTER,24-30,3.4,3,-0.3999999999999999,0.3999999999999999,GOLD
2026-08-02,Veronica Burton,STARTER,24-30,3.6,2,-1.6,1.6,GOLD
2026-08-04,Veronica Burton,STARTER,24-30,3.4,8,4.6,4.6,GOLD
2026-08-07,Veronica Burton,STARTER,24-30,3.8,4,0.20000000000000018,0.20000000000000018,GOLD
2026-08-09,Veronica Burton,STARTER,24-30,3.7,0,-3.7,3.7,GOLD
2026-06-04,Rhyne Howard,STARTER,30-36,3.6,4,0.3999999999999999,0.3999999999999999,GOLD
2026-06-06,Rhyne Howard,STARTER,30-36,3.6,0,-3.6,3.6,GOLD
2026-06-09,Rhyne Howard,STARTER,30-36,2.5,3,0.5,0.5,GOLD
2026-06-11,Rhyne Howard,STARTER,30-36,2.6,4,1.4,1.4,GOLD
2026-06-14,Rhyne Howard,STARTER,30-36,2.8,6,3.2,3.2,GOLD
2026-06-18,Rhyne Howard,STARTER,30-36,3.4,4,0.6000000000000001,0.6000000000000001,GOLD
2026-06-20,Rhyne Howard,STARTER,30-36,3.5,4,0.5,0.5,GOLD
2026-06-22,Rhyne Howard,STARTER,30-36,4,7,3,3,GOLD
2026-06-24,Rhyne Howard,STARTER,30-36,4.5,5,0.5,0.5,GOLD
2026-06-26,Rhyne Howard,STARTER,30-36,4.7,5,0.2999999999999998,0.2999999999999998,GOLD
2026-06-27,Rhyne Howard,STARTER,30-36,4.6,0,-4.6,4.6,GOLD
2026-07-02,Rhyne Howard,STARTER,30-36,4,2,-2,2,GOLD
2026-07-04,Rhyne Howard,STARTER,30-36,3.7,5,1.2999999999999998,1.2999999999999998,GOLD
2026-07-09,Rhyne Howard,STARTER,30-36,3.5,4,0.5,0.5,GOLD
2026-07-11,Rhyne Howard,STARTER,36+,3.4,3,-0.3999999999999999,0.3999999999999999,GOLD
2026-07-13,Rhyne Howard,STARTER,30-36,3.2,5,1.7999999999999998,1.7999999999999998,GOLD
2026-07-17,Rhyne Howard,STARTER,30-36,3.8,4,0.20000000000000018,0.20000000000000018,GOLD
2026-07-19,Rhyne Howard,STARTER,30-36,4,6,2,2,GOLD
2026-07-25,Rhyne Howard,BENCH,30-36,4.2,3,-1.2000000000000002,1.2000000000000002,GOLD
2026-07-29,Rhyne Howard,STARTER,30-36,4.1,5,0.9000000000000004,0.9000000000000004,GOLD
2026-07-31,Rhyne Howard,STARTER,30-36,4.3,2,-2.3,2.3,GOLD
2026-08-03,Rhyne Howard,STARTER,30-36,3.9,1,-2.9,2.9,GOLD
2026-08-05,Rhyne Howard,STARTER,30-36,3.5,6,2.5,2.5,GOLD
2026-08-07,Rhyne Howard,STARTER,30-36,3.6,3,-0.6000000000000001,0.6000000000000001,GOLD
2026-08-10,Rhyne Howard,STARTER,30-36,3.5,4,0.5,0.5,GOLD
2026-06-07,Azura Stevens,STARTER,12-18,3.8,10,6.2,6.2,GOLD
2026-06-09,Azura Stevens,STARTER,18-24,5.1,7,1.9000000000000004,1.9000000000000004,GOLD
2026-06-11,Azura Stevens,STARTER,18-24,6,9,3,3,GOLD
2026-06-17,Azura Stevens,STARTER,18-24,7.1,6,-1.0999999999999996,1.0999999999999996,GOLD
2026-06-20,Azura Stevens,STARTER,18-24,7.3,11,3.7,3.7,GOLD
2026-06-22,Azura Stevens,STARTER,18-24,7.6,3,-4.6,4.6,GOLD
2026-06-24,Azura Stevens,STARTER,18-24,6.7,11,4.3,4.3,GOLD
2026-06-26,Azura Stevens,STARTER,24-30,7.3,6,-1.2999999999999998,1.2999999999999998,GOLD
2026-06-28,Azura Stevens,STARTER,24-30,7,6,-1,1,GOLD
2026-07-03,Azura Stevens,STARTER,24-30,7,2,-5,5,GOLD
2026-07-07,Azura Stevens,STARTER,24-30,5.8,10,4.2,4.2,GOLD
2026-07-10,Azura Stevens,STARTER,24-30,6.7,8,1.2999999999999998,1.2999999999999998,GOLD
2026-07-12,Azura Stevens,STARTER,24-30,6.4,13,6.6,6.6,GOLD
2026-07-15,Azura Stevens,STARTER,24-30,7.4,8,0.5999999999999996,0.5999999999999996,GOLD
2026-07-17,Azura Stevens,STARTER,24-30,7.6,6,-1.5999999999999996,1.5999999999999996,GOLD
2026-07-19,Azura Stevens,STARTER,24-30,8.1,9,0.9000000000000004,0.9000000000000004,GOLD
2026-07-22,Azura Stevens,STARTER,24-30,8,7,-1,1,GOLD
2026-08-08,Azura Stevens,STARTER,24-30,7.9,5,-2.9000000000000004,2.9000000000000004,GOLD
2026-08-10,Azura Stevens,STARTER,24-30,6.9,8,1.0999999999999996,1.0999999999999996,GOLD
2026-07-08,Emma Cannon,BENCH,0-12,1.2,0,-1.2,1.2,GOLD
2026-07-10,Emma Cannon,BENCH,0-12,1.1,4,2.9,2.9,GOLD
2026-07-13,Emma Cannon,BENCH,0-12,1.7,1,-0.7,0.7,GOLD
2026-07-17,Emma Cannon,BENCH,0-12,1.6,0,-1.6,1.6,GOLD
2026-07-19,Emma Cannon,BENCH,0-12,1.4,0,-1.4,1.4,GOLD
2026-08-05,Emma Cannon,BENCH,0-12,1,0,-1,1,GOLD
2026-06-05,Frieda Buhner,BENCH,12-18,0.8,4,3.2,3.2,GOLD
2026-06-07,Frieda Buhner,BENCH,12-18,1.3,2,0.7,0.7,GOLD
2026-06-11,Frieda Buhner,BENCH,12-18,1.4,0,-1.4,1.4,GOLD
2026-06-13,Frieda Buhner,BENCH,12-18,1.3,0,-1.3,1.3,GOLD
2026-06-15,Frieda Buhner,BENCH,12-18,1.2,2,0.8,0.8,GOLD
2026-06-17,Frieda Buhner,BENCH,12-18,1.4,2,0.6000000000000001,0.6000000000000001,GOLD
2026-06-24,Frieda Buhner,BENCH,12-18,1.2,3,1.8,1.8,GOLD
2026-06-26,Frieda Buhner,BENCH,12-18,1.4,5,3.6,3.6,GOLD
2026-06-28,Frieda Buhner,BENCH,12-18,2.1,1,-1.1,1.1,GOLD
2026-07-04,Frieda Buhner,BENCH,12-18,2.2,7,4.8,4.8,GOLD
2026-07-09,Frieda Buhner,BENCH,12-18,2.9,1,-1.9,1.9,GOLD
2026-07-11,Frieda Buhner,BENCH,12-18,2.8,2,-0.7999999999999998,0.7999999999999998,GOLD
2026-07-14,Frieda Buhner,BENCH,12-18,2.7,1,-1.7000000000000002,1.7000000000000002,GOLD
2026-07-16,Frieda Buhner,BENCH,12-18,2.2,5,2.8,2.8,GOLD
2026-07-18,Frieda Buhner,BENCH,12-18,2.7,2,-0.7000000000000002,0.7000000000000002,GOLD
2026-07-22,Frieda Buhner,BENCH,12-18,2.1,1,-1.1,1.1,GOLD
2026-07-28,Frieda Buhner,BENCH,12-18,2.1,5,2.9,2.9,GOLD
2026-07-31,Frieda Buhner,BENCH,12-18,2.5,3,0.5,0.5,GOLD
2026-08-02,Frieda Buhner,BENCH,12-18,2.8,0,-2.8,2.8,GOLD
2026-08-06,Frieda Buhner,BENCH,12-18,2.2,5,2.8,2.8,GOLD
2026-08-08,Frieda Buhner,BENCH,12-18,2.6,3,0.3999999999999999,0.3999999999999999,GOLD
2026-06-05,Teja Oblak,BENCH,12-18,1.2,1,-0.19999999999999996,0.19999999999999996,GOLD
2026-06-07,Teja Oblak,BENCH,12-18,1.2,2,0.8,0.8,GOLD
2026-06-11,Teja Oblak,BENCH,12-18,1.1,3,1.9,1.9,GOLD
2026-06-13,Teja Oblak,BENCH,12-18,1.6,1,-0.6000000000000001,0.6000000000000001,GOLD
2026-06-15,Teja Oblak,BENCH,12-18,1.5,6,4.5,4.5,GOLD
2026-06-17,Teja Oblak,BENCH,12-18,2.3,0,-2.3,2.3,GOLD
2026-06-24,Teja Oblak,BENCH,12-18,2.1,1,-1.1,1.1,GOLD
2026-06-26,Teja Oblak,BENCH,12-18,2,2,0,0,GOLD
2026-06-28,Teja Oblak,BENCH,12-18,1.9,3,1.1,1.1,GOLD
2026-07-04,Teja Oblak,BENCH,0-12,2.2,2,-0.20000000000000018,0.20000000000000018,GOLD
2026-07-09,Teja Oblak,BENCH,0-12,1.7,1,-0.7,0.7,GOLD
2026-07-11,Teja Oblak,BENCH,12-18,1.8,1,-0.8,0.8,GOLD
2026-07-14,Teja Oblak,BENCH,12-18,1.8,0,-1.8,1.8,GOLD
2026-07-16,Teja Oblak,BENCH,12-18,1.5,1,-0.5,0.5,GOLD
2026-07-18,Teja Oblak,BENCH,12-18,1.2,0,-1.2,1.2,GOLD
2026-07-22,Teja Oblak,BENCH,12-18,1,1,0,0,GOLD
2026-07-28,Teja Oblak,BENCH,12-18,0.9,0,-0.9,0.9,GOLD
2026-07-31,Teja Oblak,BENCH,12-18,0.8,2,1.2,1.2,GOLD
2026-08-02,Teja Oblak,BENCH,12-18,1,2,1,1,GOLD
2026-06-06,Awa Fam,STARTER,24-30,5,4,-1,1,GOLD
2026-06-08,Awa Fam,STARTER,24-30,5.2,3,-2.2,2.2,GOLD
2026-06-10,Awa Fam,STARTER,24-30,4.8,6,1.2000000000000002,1.2000000000000002,GOLD
2026-06-12,Awa Fam,STARTER,24-30,5,6,1,1,GOLD
2026-06-17,Awa Fam,STARTER,24-30,5,5,0,0,GOLD
2026-06-20,Awa Fam,STARTER,24-30,4.9,10,5.1,5.1,GOLD
2026-06-22,Awa Fam,STARTER,24-30,5.8,6,0.20000000000000018,0.20000000000000018,GOLD
2026-06-25,Awa Fam,STARTER,30-36,6.1,6,-0.09999999999999964,0.09999999999999964,GOLD
2026-06-27,Awa Fam,STARTER,30-36,6.1,1,-5.1,5.1,GOLD
2026-07-02,Awa Fam,STARTER,30-36,5.4,6,0.5999999999999996,0.5999999999999996,GOLD
2026-07-04,Awa Fam,STARTER,30-36,5.5,3,-2.5,2.5,GOLD
2026-07-06,Awa Fam,STARTER,30-36,4.7,5,0.2999999999999998,0.2999999999999998,GOLD
2026-07-09,Awa Fam,STARTER,24-30,4.6,5,0.40000000000000036,0.40000000000000036,GOLD
2026-07-12,Awa Fam,STARTER,24-30,4.4,9,4.6,4.6,GOLD
2026-07-15,Awa Fam,STARTER,24-30,5.5,7,1.5,1.5,GOLD
2026-07-17,Awa Fam,STARTER,30-36,5.6,9,3.4000000000000004,3.4000000000000004,GOLD
2026-07-20,Awa Fam,STARTER,24-30,6.4,11,4.6,4.6,GOLD
2026-07-22,Awa Fam,STARTER,30-36,7.2,10,2.8,2.8,GOLD
2026-07-28,Awa Fam,STARTER,30-36,7.9,5,-2.9000000000000004,2.9000000000000004,GOLD
2026-07-31,Awa Fam,STARTER,30-36,7.4,9,1.5999999999999996,1.5999999999999996,GOLD
2026-08-03,Awa Fam,BENCH,30-36,7.7,9,1.2999999999999998,1.2999999999999998,GOLD
2026-08-05,Awa Fam,BENCH,24-30,7.7,5,-2.7,2.7,GOLD
2026-08-08,Awa Fam,BENCH,24-30,7,1,-6,6,GOLD
2026-08-10,Awa Fam,BENCH,24-30,5.9,0,-5.9,5.9,GOLD
2026-06-06,Katie Lou Samuelson,BENCH,12-18,2.2,2,-0.20000000000000018,0.20000000000000018,GOLD
2026-06-08,Katie Lou Samuelson,BENCH,12-18,2.2,3,0.7999999999999998,0.7999999999999998,GOLD
2026-06-10,Katie Lou Samuelson,BENCH,12-18,2.5,0,-2.5,2.5,GOLD
2026-06-12,Katie Lou Samuelson,BENCH,12-18,1.9,1,-0.8999999999999999,0.8999999999999999,GOLD
2026-06-17,Katie Lou Samuelson,BENCH,12-18,1.7,1,-0.7,0.7,GOLD
2026-06-20,Katie Lou Samuelson,BENCH,12-18,1.6,5,3.4,3.4,GOLD
2026-06-22,Katie Lou Samuelson,STARTER,12-18,2,2,0,0,GOLD
2026-06-25,Katie Lou Samuelson,BENCH,12-18,1.9,5,3.1,3.1,GOLD
2026-06-27,Katie Lou Samuelson,BENCH,12-18,2.6,2,-0.6000000000000001,0.6000000000000001,GOLD
2026-07-02,Katie Lou Samuelson,BENCH,12-18,2.7,1,-1.7000000000000002,1.7000000000000002,GOLD
2026-07-04,Katie Lou Samuelson,BENCH,12-18,2.7,1,-1.7000000000000002,1.7000000000000002,GOLD
2026-07-06,Katie Lou Samuelson,BENCH,12-18,2.2,5,2.8,2.8,GOLD
2026-07-09,Katie Lou Samuelson,BENCH,12-18,2.6,0,-2.6,2.6,GOLD
2026-07-12,Katie Lou Samuelson,BENCH,12-18,1.9,0,-1.9,1.9,GOLD
2026-07-15,Katie Lou Samuelson,BENCH,12-18,1.6,3,1.4,1.4,GOLD
2026-07-17,Katie Lou Samuelson,BENCH,12-18,1.9,1,-0.8999999999999999,0.8999999999999999,GOLD
2026-07-20,Katie Lou Samuelson,BENCH,12-18,1.9,2,0.10000000000000009,0.10000000000000009,GOLD
2026-07-22,Katie Lou Samuelson,BENCH,12-18,1.5,4,2.5,2.5,GOLD
2026-07-28,Katie Lou Samuelson,BENCH,12-18,2,5,3,3,GOLD
2026-07-31,Katie Lou Samuelson,BENCH,12-18,2.7,0,-2.7,2.7,GOLD
2026-08-03,Katie Lou Samuelson,BENCH,12-18,2.3,1,-1.2999999999999998,1.2999999999999998,GOLD
2026-08-05,Katie Lou Samuelson,BENCH,12-18,2.3,2,-0.2999999999999998,0.2999999999999998,GOLD
2026-06-08,Michaela Onyenwere,STARTER,18-24,2.3,2,-0.2999999999999998,0.2999999999999998,GOLD
2026-06-12,Michaela Onyenwere,STARTER,18-24,2.5,8,5.5,5.5,GOLD
2026-06-14,Michaela Onyenwere,STARTER,18-24,3.7,4,0.2999999999999998,0.2999999999999998,GOLD
2026-06-17,Michaela Onyenwere,STARTER,18-24,3.8,3,-0.7999999999999998,0.7999999999999998,GOLD
2026-06-19,Michaela Onyenwere,STARTER,24-30,3.3,2,-1.2999999999999998,1.2999999999999998,GOLD
2026-06-21,Michaela Onyenwere,STARTER,24-30,3.5,3,-0.5,0.5,GOLD
2026-06-24,Michaela Onyenwere,STARTER,24-30,3.6,1,-2.6,2.6,GOLD
2026-06-26,Michaela Onyenwere,STARTER,24-30,2.6,2,-0.6000000000000001,0.6000000000000001,GOLD
2026-06-28,Michaela Onyenwere,STARTER,24-30,2.4,5,2.6,2.6,GOLD
2026-07-02,Michaela Onyenwere,STARTER,24-30,2.8,3,0.20000000000000018,0.20000000000000018,GOLD
2026-07-06,Michaela Onyenwere,STARTER,24-30,2.9,3,0.10000000000000009,0.10000000000000009,GOLD
2026-07-12,Michaela Onyenwere,STARTER,24-30,2.9,2,-0.8999999999999999,0.8999999999999999,GOLD
2026-07-14,Michaela Onyenwere,STARTER,24-30,2.9,5,2.1,2.1,GOLD
2026-07-16,Michaela Onyenwere,STARTER,24-30,3.4,6,2.6,2.6,GOLD
2026-07-18,Michaela Onyenwere,STARTER,24-30,3.6,3,-0.6000000000000001,0.6000000000000001,GOLD
2026-07-20,Michaela Onyenwere,STARTER,24-30,3.6,0,-3.6,3.6,GOLD
2026-07-22,Michaela Onyenwere,STARTER,24-30,3.1,1,-2.1,2.1,GOLD
2026-07-28,Michaela Onyenwere,STARTER,24-30,2.9,7,4.1,4.1,GOLD
2026-07-31,Michaela Onyenwere,STARTER,24-30,3.3,4,0.7000000000000002,0.7000000000000002,GOLD
2026-08-05,Michaela Onyenwere,STARTER,24-30,3.1,2,-1.1,1.1,GOLD
2026-08-07,Michaela Onyenwere,STARTER,24-30,2.9,3,0.10000000000000009,0.10000000000000009,GOLD
2026-08-09,Michaela Onyenwere,STARTER,24-30,3.3,2,-1.2999999999999998,1.2999999999999998,GOLD
2026-08-11,Michaela Onyenwere,STARTER,24-30,3.4,3,-0.3999999999999999,0.3999999999999999,GOLD
2026-06-21,Raquel Carrera,BENCH,0-12,1,0,-1,1,GOLD
2026-06-25,Raquel Carrera,BENCH,0-12,0.9,5,4.1,4.1,GOLD
2026-06-28,Raquel Carrera,BENCH,0-12,1.8,4,2.2,2.2,GOLD
2026-06-30,Raquel Carrera,BENCH,0-12,1.8,0,-1.8,1.8,GOLD
2026-07-03,Raquel Carrera,BENCH,0-12,1.7,0,-1.7,1.7,GOLD
2026-07-07,Raquel Carrera,BENCH,0-12,1.6,0,-1.6,1.6,GOLD
2026-07-11,Raquel Carrera,BENCH,0-12,1.6,0,-1.6,1.6,GOLD
2026-07-12,Raquel Carrera,BENCH,0-12,0.9,1,0.09999999999999998,0.09999999999999998,GOLD
2026-07-18,Raquel Carrera,BENCH,0-12,0.5,0,-0.5,0.5,GOLD
2026-07-20,Raquel Carrera,BENCH,0-12,0.5,0,-0.5,0.5,GOLD
2026-07-22,Raquel Carrera,BENCH,0-12,0.5,0,-0.5,0.5,GOLD
2026-07-28,Raquel Carrera,BENCH,0-12,0.5,0,-0.5,0.5,GOLD
2026-08-01,Raquel Carrera,BENCH,0-12,0.5,1,0.5,0.5,GOLD
2026-08-09,Raquel Carrera,BENCH,0-12,0.4,4,3.6,3.6,GOLD
2026-08-11,Raquel Carrera,BENCH,0-12,1,1,0,0,GOLD
2026-06-23,Sabrina Ionescu,STARTER,24-30,3,10,7,7,GOLD
2026-06-25,Sabrina Ionescu,STARTER,24-30,4.1,2,-2.0999999999999996,2.0999999999999996,GOLD
2026-06-28,Sabrina Ionescu,STARTER,24-30,3.8,3,-0.7999999999999998,0.7999999999999998,GOLD
2026-06-30,Sabrina Ionescu,STARTER,24-30,3.8,5,1.2000000000000002,1.2000000000000002,GOLD
2026-07-03,Sabrina Ionescu,STARTER,24-30,4.3,2,-2.3,2.3,GOLD
2026-07-07,Sabrina Ionescu,STARTER,24-30,4.1,3,-1.0999999999999996,1.0999999999999996,GOLD
2026-07-11,Sabrina Ionescu,STARTER,30-36,3.3,8,4.7,4.7,GOLD
2026-07-12,Sabrina Ionescu,STARTER,30-36,4.1,4,-0.09999999999999964,0.09999999999999964,GOLD
2026-07-18,Sabrina Ionescu,STARTER,30-36,4.2,1,-3.2,3.2,GOLD
2026-07-20,Sabrina Ionescu,STARTER,30-36,3.7,4,0.2999999999999998,0.2999999999999998,GOLD
2026-07-22,Sabrina Ionescu,STARTER,30-36,3.9,4,0.10000000000000009,0.10000000000000009,GOLD
2026-07-28,Sabrina Ionescu,STARTER,30-36,4,7,3,3,GOLD
2026-07-30,Sabrina Ionescu,STARTER,30-36,4,4,0,0,GOLD
2026-08-01,Sabrina Ionescu,STARTER,30-36,4,7,3,3,GOLD
2026-08-03,Sabrina Ionescu,STARTER,30-36,4.8,2,-2.8,2.8,GOLD
2026-08-05,Sabrina Ionescu,STARTER,30-36,4.5,5,0.5,0.5,GOLD
2026-08-09,Sabrina Ionescu,STARTER,30-36,4.6,3,-1.5999999999999996,1.5999999999999996,GOLD
2026-08-11,Sabrina Ionescu,STARTER,24-30,4.1,4,-0.09999999999999964,0.09999999999999964,GOLD
2026-06-06,Cecilia Zandalasini,STARTER,18-24,1.8,1,-0.8,0.8,GOLD
2026-06-09,Cecilia Zandalasini,STARTER,18-24,1.7,0,-1.7,1.7,GOLD
2026-06-12,Cecilia Zandalasini,STARTER,18-24,1.6,2,0.3999999999999999,0.3999999999999999,GOLD
2026-06-15,Cecilia Zandalasini,STARTER,18-24,1.4,3,1.6,1.6,GOLD
2026-06-17,Cecilia Zandalasini,STARTER,18-24,1.7,1,-0.7,0.7,GOLD
2026-06-19,Cecilia Zandalasini,STARTER,12-18,1.5,4,2.5,2.5,GOLD
2026-06-21,Cecilia Zandalasini,STARTER,12-18,1.9,3,1.1,1.1,GOLD
2026-06-24,Cecilia Zandalasini,STARTER,12-18,2.3,1,-1.2999999999999998,1.2999999999999998,GOLD
2026-06-26,Cecilia Zandalasini,STARTER,18-24,2.2,2,-0.20000000000000018,0.20000000000000018,GOLD
2026-06-28,Cecilia Zandalasini,STARTER,18-24,2.1,2,-0.10000000000000009,0.10000000000000009,GOLD
2026-07-04,Cecilia Zandalasini,STARTER,18-24,2.1,2,-0.10000000000000009,0.10000000000000009,GOLD
2026-07-06,Cecilia Zandalasini,STARTER,18-24,1.9,2,0.10000000000000009,0.10000000000000009,GOLD
2026-07-08,Cecilia Zandalasini,STARTER,18-24,1.8,1,-0.8,0.8,GOLD
2026-07-10,Cecilia Zandalasini,STARTER,12-18,1.8,1,-0.8,0.8,GOLD
2026-07-15,Cecilia Zandalasini,STARTER,12-18,1.7,2,0.30000000000000004,0.30000000000000004,GOLD
2026-07-18,Cecilia Zandalasini,STARTER,12-18,1.7,1,-0.7,0.7,GOLD
2026-07-20,Cecilia Zandalasini,STARTER,18-24,1.5,1,-0.5,0.5,GOLD
2026-07-29,Cecilia Zandalasini,STARTER,18-24,1.4,1,-0.3999999999999999,0.3999999999999999,GOLD
2026-08-02,Cecilia Zandalasini,STARTER,18-24,1.4,1,-0.3999999999999999,0.3999999999999999,GOLD
2026-08-04,Cecilia Zandalasini,STARTER,18-24,1.3,2,0.7,0.7,GOLD
2026-08-07,Cecilia Zandalasini,STARTER,18-24,1.3,3,1.7,1.7,GOLD
2026-08-09,Cecilia Zandalasini,STARTER,18-24,1.7,7,5.3,5.3,GOLD
2026-06-15,Juste Jocyte,BENCH,0-12,0.6,0,-0.6,0.6,GOLD
2026-06-21,Juste Jocyte,BENCH,0-12,0.6,2,1.4,1.4,GOLD
2026-06-28,Juste Jocyte,BENCH,0-12,0.9,0,-0.9,0.9,GOLD
2026-07-10,Juste Jocyte,BENCH,0-12,0.7,0,-0.7,0.7,GOLD
2026-06-07,Karlie Samuelson,BENCH,12-18,1.4,1,-0.3999999999999999,0.3999999999999999,GOLD
2026-06-11,Karlie Samuelson,BENCH,12-18,1.4,1,-0.3999999999999999,0.3999999999999999,GOLD
2026-06-13,Karlie Samuelson,BENCH,12-18,1.5,2,0.5,0.5,GOLD
2026-06-17,Karlie Samuelson,BENCH,12-18,1.4,1,-0.3999999999999999,0.3999999999999999,GOLD
2026-06-24,Karlie Samuelson,BENCH,12-18,1.5,2,0.5,0.5,GOLD
2026-07-09,Karlie Samuelson,BENCH,12-18,1.4,0,-1.4,1.4,GOLD
2026-07-11,Karlie Samuelson,BENCH,12-18,1.2,0,-1.2,1.2,GOLD
2026-07-14,Karlie Samuelson,BENCH,12-18,1.1,0,-1.1,1.1,GOLD
2026-07-16,Karlie Samuelson,BENCH,12-18,0.8,1,0.19999999999999996,0.19999999999999996,GOLD
2026-07-22,Karlie Samuelson,BENCH,12-18,0.8,0,-0.8,0.8,GOLD
2026-07-28,Karlie Samuelson,BENCH,12-18,0.5,1,0.5,0.5,GOLD
2026-07-31,Karlie Samuelson,BENCH,12-18,0.6,4,3.4,3.4,GOLD
2026-08-02,Karlie Samuelson,BENCH,12-18,1.2,2,0.8,0.8,GOLD
2026-08-06,Karlie Samuelson,BENCH,12-18,1.4,2,0.6000000000000001,0.6000000000000001,GOLD
2026-08-08,Karlie Samuelson,BENCH,12-18,1.6,3,1.4,1.4,GOLD
2026-06-08,Olivia Nelson-Ododa,STARTER,12-18,2.6,8,5.4,5.4,GOLD
2026-06-10,Olivia Nelson-Ododa,STARTER,12-18,3.8,13,9.2,9.2,GOLD
2026-06-13,Olivia Nelson-Ododa,BENCH,18-24,5.4,7,1.5999999999999996,1.5999999999999996,GOLD
2026-06-17,Olivia Nelson-Ododa,BENCH,18-24,5.9,0,-5.9,5.9,GOLD
2026-06-19,Olivia Nelson-Ododa,BENCH,18-24,5.5,3,-2.5,2.5,GOLD
2026-06-22,Olivia Nelson-Ododa,STARTER,18-24,5.5,15,9.5,9.5,GOLD
2026-06-26,Olivia Nelson-Ododa,STARTER,18-24,6.7,9,2.3,2.3,GOLD
2026-07-02,Olivia Nelson-Ododa,STARTER,18-24,6.3,8,1.7000000000000002,1.7000000000000002,GOLD
2026-07-06,Olivia Nelson-Ododa,STARTER,18-24,6.5,8,1.5,1.5,GOLD
2026-07-08,Olivia Nelson-Ododa,STARTER,18-24,7.5,5,-2.5,2.5,GOLD
2026-07-10,Olivia Nelson-Ododa,STARTER,24-30,7.7,8,0.2999999999999998,0.2999999999999998,GOLD
2026-07-14,Olivia Nelson-Ododa,STARTER,24-30,7,6,-1,1,GOLD
2026-07-17,Olivia Nelson-Ododa,STARTER,24-30,6.6,6,-0.5999999999999996,0.5999999999999996,GOLD
2026-07-19,Olivia Nelson-Ododa,STARTER,18-24,6.4,12,5.6,5.6,GOLD
2026-07-22,Olivia Nelson-Ododa,STARTER,18-24,7,1,-6,6,GOLD
2026-07-28,Olivia Nelson-Ododa,STARTER,18-24,6.4,6,-0.40000000000000036,0.40000000000000036,GOLD
2026-07-30,Olivia Nelson-Ododa,STARTER,18-24,6.2,11,4.8,4.8,GOLD
2026-08-02,Olivia Nelson-Ododa,STARTER,18-24,6.8,11,4.2,4.2,GOLD
2026-08-07,Olivia Nelson-Ododa,STARTER,24-30,7.5,4,-3.5,3.5,GOLD
2026-06-12,Alicia Florez,BENCH,18-24,1.8,3,1.2,1.2,GOLD
2026-06-14,Alicia Florez,BENCH,12-18,1.6,2,0.3999999999999999,0.3999999999999999,GOLD
2026-06-24,Alicia Florez,BENCH,12-18,1.8,0,-1.8,1.8,GOLD
2026-06-28,Alicia Florez,BENCH,12-18,1.7,3,1.3,1.3,GOLD
2026-07-02,Alicia Florez,BENCH,12-18,1.8,6,4.2,4.2,GOLD
2026-07-06,Alicia Florez,BENCH,18-24,2.6,4,1.4,1.4,GOLD
2026-07-12,Alicia Florez,BENCH,18-24,2.7,2,-0.7000000000000002,0.7000000000000002,GOLD
2026-07-14,Alicia Florez,BENCH,18-24,2.8,0,-2.8,2.8,GOLD
2026-07-16,Alicia Florez,BENCH,18-24,2.6,4,1.4,1.4,GOLD
2026-07-18,Alicia Florez,BENCH,18-24,2.9,0,-2.9,2.9,GOLD
2026-07-20,Alicia Florez,BENCH,12-18,2.1,0,-2.1,2.1,GOLD
2026-07-22,Alicia Florez,BENCH,12-18,1.5,0,-1.5,1.5,GOLD
2026-07-28,Alicia Florez,BENCH,12-18,1.2,1,-0.19999999999999996,0.19999999999999996,GOLD
2026-07-31,Alicia Florez,BENCH,0-12,1.3,0,-1.3,1.3,GOLD
2026-08-05,Alicia Florez,BENCH,0-12,0.6,0,-0.6,0.6,GOLD
2026-08-07,Alicia Florez,BENCH,0-12,0.6,1,0.4,0.4,GOLD
2026-08-09,Alicia Florez,BENCH,0-12,0.8,2,1.2,1.2,GOLD
2026-08-11,Alicia Florez,BENCH,0-12,1.2,1,-0.19999999999999996,0.19999999999999996,GOLD
2026-06-11,Betnijah Laney-Hamilton,BENCH,12-18,1.8,1,-0.8,0.8,GOLD
2026-06-14,Betnijah Laney-Hamilton,BENCH,12-18,1.9,2,0.10000000000000009,0.10000000000000009,GOLD
2026-06-23,Betnijah Laney-Hamilton,BENCH,12-18,1.8,3,1.2,1.2,GOLD
2026-06-25,Betnijah Laney-Hamilton,STARTER,12-18,2.2,5,2.8,2.8,GOLD
2026-06-28,Betnijah Laney-Hamilton,BENCH,12-18,2.8,0,-2.8,2.8,GOLD
2026-07-07,Betnijah Laney-Hamilton,BENCH,12-18,2.1,0,-2.1,2.1,GOLD
2026-07-11,Betnijah Laney-Hamilton,BENCH,12-18,1.9,0,-1.9,1.9,GOLD
2026-07-12,Betnijah Laney-Hamilton,BENCH,12-18,1.6,3,1.4,1.4,GOLD
2026-08-11,Betnijah Laney-Hamilton,BENCH,12-18,1.7,2,0.30000000000000004,0.30000000000000004,GOLD
2026-06-11,Leonie Fiebich,STARTER,24-30,3,3,0,0,GOLD
2026-06-14,Leonie Fiebich,STARTER,24-30,3.4,2,-1.4,1.4,GOLD
2026-06-17,Leonie Fiebich,STARTER,24-30,3.2,6,2.8,2.8,GOLD
2026-06-19,Leonie Fiebich,STARTER,24-30,4,2,-2,2,GOLD
2026-06-21,Leonie Fiebich,STARTER,24-30,3.7,2,-1.7000000000000002,1.7000000000000002,GOLD
2026-06-23,Leonie Fiebich,STARTER,24-30,3,1,-2,2,GOLD
2026-06-25,Leonie Fiebich,STARTER,24-30,2.6,2,-0.6000000000000001,0.6000000000000001,GOLD
2026-06-28,Leonie Fiebich,STARTER,24-30,2.6,0,-2.6,2.6,GOLD
2026-06-30,Leonie Fiebich,STARTER,24-30,1.8,8,6.2,6.2,GOLD
2026-07-03,Leonie Fiebich,STARTER,24-30,2.6,3,0.3999999999999999,0.3999999999999999,GOLD
2026-06-09,Monique Akoa Makani,STARTER,24-30,3,3,0,0,GOLD
2026-06-11,Monique Akoa Makani,STARTER,24-30,3.1,0,-3.1,3.1,GOLD
2026-06-13,Monique Akoa Makani,STARTER,24-30,2.5,2,-0.5,0.5,GOLD
2026-06-17,Monique Akoa Makani,STARTER,24-30,2.7,3,0.2999999999999998,0.2999999999999998,GOLD
2026-07-02,Monique Akoa Makani,BENCH,24-30,2.4,1,-1.4,1.4,GOLD
2026-07-07,Monique Akoa Makani,BENCH,18-24,2,1,-1,1,GOLD
2026-07-09,Monique Akoa Makani,BENCH,18-24,1.7,0,-1.7,1.7,GOLD
2026-07-11,Monique Akoa Makani,STARTER,18-24,1.7,1,-0.7,0.7,GOLD
2026-07-13,Monique Akoa Makani,STARTER,18-24,1.4,1,-0.3999999999999999,0.3999999999999999,GOLD
2026-07-17,Monique Akoa Makani,STARTER,18-24,1.2,2,0.8,0.8,GOLD
2026-07-19,Monique Akoa Makani,STARTER,18-24,1.3,6,4.7,4.7,GOLD
2026-07-22,Monique Akoa Makani,STARTER,24-30,2,1,-1,1,GOLD
2026-07-29,Monique Akoa Makani,STARTER,24-30,2.1,0,-2.1,2.1,GOLD
2026-08-01,Monique Akoa Makani,STARTER,18-24,1.9,3,1.1,1.1,GOLD
2026-08-05,Monique Akoa Makani,BENCH,18-24,2.2,1,-1.2000000000000002,1.2000000000000002,GOLD
2026-08-06,Monique Akoa Makani,BENCH,18-24,2,1,-1,1,GOLD
2026-06-13,Kierstan Bell,BENCH,12-18,1.6,0,-1.6,1.6,GOLD
2026-06-15,Kierstan Bell,BENCH,0-12,1.5,1,-0.5,0.5,GOLD
2026-06-17,Kierstan Bell,BENCH,0-12,1.5,0,-1.5,1.5,GOLD
2026-06-21,Kierstan Bell,BENCH,0-12,1.1,0,-1.1,1.1,GOLD
2026-06-23,Kierstan Bell,BENCH,0-12,1,3,2,2,GOLD
2026-06-25,Kierstan Bell,BENCH,0-12,1,1,0,0,GOLD
2026-06-28,Kierstan Bell,BENCH,0-12,1.1,0,-1.1,1.1,GOLD
2026-06-30,Kierstan Bell,BENCH,0-12,0.9,3,2.1,2.1,GOLD
2026-07-03,Kierstan Bell,BENCH,0-12,1.3,3,1.7,1.7,GOLD
2026-07-05,Kierstan Bell,BENCH,0-12,1.7,0,-1.7,1.7,GOLD
2026-07-09,Kierstan Bell,BENCH,0-12,1.4,4,2.6,2.6,GOLD
2026-07-11,Kierstan Bell,BENCH,0-12,1.8,3,1.2,1.2,GOLD
2026-08-01,Kierstan Bell,BENCH,0-12,2.2,1,-1.2000000000000002,1.2000000000000002,GOLD
2026-08-03,Kierstan Bell,BENCH,0-12,1.9,2,0.10000000000000009,0.10000000000000009,GOLD
2026-08-06,Kierstan Bell,BENCH,0-12,1.8,0,-1.8,1.8,GOLD
2026-08-09,Kierstan Bell,BENCH,0-12,1.8,4,2.2,2.2,GOLD
2026-06-25,Ta'Niya Latson,BENCH,0-12,1.2,1,-0.19999999999999996,0.19999999999999996,GOLD
2026-06-27,Ta'Niya Latson,BENCH,0-12,1.3,2,0.7,0.7,GOLD
2026-07-28,Ta'Niya Latson,BENCH,0-12,1.6,0,-1.6,1.6,GOLD
2026-08-03,Ta'Niya Latson,BENCH,0-12,1.3,0,-1.3,1.3,GOLD
2026-08-09,Ta'Niya Latson,BENCH,0-12,1.1,4,2.9,2.9,GOLD
2026-08-11,Ta'Niya Latson,BENCH,0-12,1.4,1,-0.3999999999999999,0.3999999999999999,GOLD
2026-06-13,Teaira McCowan,BENCH,0-12,3.2,0,-3.2,3.2,GOLD
2026-06-15,Teaira McCowan,BENCH,0-12,2.5,4,1.5,1.5,GOLD
2026-06-17,Teaira McCowan,BENCH,0-12,2.3,1,-1.2999999999999998,1.2999999999999998,GOLD
2026-06-21,Teaira McCowan,BENCH,0-12,2.1,2,-0.10000000000000009,0.10000000000000009,GOLD
2026-06-24,Teaira McCowan,BENCH,0-12,1.9,1,-0.8999999999999999,0.8999999999999999,GOLD
2026-06-14,Julie Allemand,STARTER,24-30,3,3,0,0,GOLD
2026-06-16,Julie Allemand,STARTER,24-30,2.9,0,-2.9,2.9,GOLD
2026-06-19,Julie Allemand,STARTER,24-30,2.5,0,-2.5,2.5,GOLD
2026-06-22,Julie Allemand,STARTER,24-30,1.7,2,0.30000000000000004,0.30000000000000004,GOLD
2026-06-25,Julie Allemand,STARTER,24-30,1.7,6,4.3,4.3,GOLD
2026-06-27,Julie Allemand,STARTER,24-30,2.3,7,4.7,4.7,GOLD
2026-07-08,Julie Allemand,STARTER,24-30,3,3,0,0,GOLD
2026-07-10,Julie Allemand,STARTER,30-36,3.4,5,1.6,1.6,GOLD
2026-07-12,Julie Allemand,STARTER,30-36,4,5,1,1,GOLD
2026-07-14,Julie Allemand,STARTER,30-36,4.4,5,0.5999999999999996,0.5999999999999996,GOLD
2026-07-17,Julie Allemand,STARTER,30-36,4.3,5,0.7000000000000002,0.7000000000000002,GOLD
2026-07-20,Julie Allemand,STARTER,30-36,4.1,5,0.9000000000000004,0.9000000000000004,GOLD
2026-07-28,Julie Allemand,STARTER,30-36,4.4,0,-4.4,4.4,GOLD
2026-07-30,Julie Allemand,STARTER,30-36,3.8,2,-1.7999999999999998,1.7999999999999998,GOLD
2026-08-02,Julie Allemand,STARTER,24-30,3.4,3,-0.3999999999999999,0.3999999999999999,GOLD
2026-08-04,Julie Allemand,STARTER,30-36,3.1,1,-2.1,2.1,GOLD
2026-08-06,Julie Allemand,STARTER,24-30,2.6,5,2.4,2.4,GOLD
2026-08-10,Julie Allemand,STARTER,30-36,2.6,2,-0.6000000000000001,0.6000000000000001,GOLD
2026-06-13,Leila Lacan,STARTER,24-30,1.2,1,-0.19999999999999996,0.19999999999999996,GOLD
2026-06-17,Leila Lacan,STARTER,24-30,1,2,1,1,GOLD
2026-06-19,Leila Lacan,STARTER,24-30,1.1,1,-0.10000000000000009,0.10000000000000009,GOLD
2026-06-22,Leila Lacan,STARTER,24-30,1.1,1,-0.10000000000000009,0.10000000000000009,GOLD
2026-06-26,Leila Lacan,STARTER,24-30,1.2,0,-1.2,1.2,GOLD
2026-07-02,Leila Lacan,STARTER,24-30,1,2,1,1,GOLD
2026-07-06,Leila Lacan,STARTER,24-30,1.1,2,0.8999999999999999,0.8999999999999999,GOLD
2026-07-08,Leila Lacan,STARTER,24-30,1.2,6,4.8,4.8,GOLD
2026-07-10,Leila Lacan,STARTER,24-30,1.9,3,1.1,1.1,GOLD
2026-07-14,Leila Lacan,STARTER,30-36,2.1,1,-1.1,1.1,GOLD
2026-07-17,Leila Lacan,STARTER,30-36,2.2,4,1.7999999999999998,1.7999999999999998,GOLD
2026-07-19,Leila Lacan,STARTER,30-36,2.5,1,-1.5,1.5,GOLD
2026-07-22,Leila Lacan,STARTER,30-36,2.4,2,-0.3999999999999999,0.3999999999999999,GOLD
2026-07-28,Leila Lacan,STARTER,24-30,2,4,2,2,GOLD
2026-07-30,Leila Lacan,STARTER,24-30,2.1,5,2.9,2.9,GOLD
2026-08-02,Leila Lacan,STARTER,24-30,2.6,1,-1.6,1.6,GOLD
2026-08-07,Leila Lacan,STARTER,24-30,2.3,3,0.7000000000000002,0.7000000000000002,GOLD
2026-06-14,Tima Pouye,BENCH,0-12,0.4,1,0.6,0.6,GOLD
2026-06-16,Tima Pouye,BENCH,0-12,0.6,2,1.4,1.4,GOLD
2026-06-19,Tima Pouye,BENCH,0-12,0.9,1,0.09999999999999998,0.09999999999999998,GOLD
2026-06-22,Tima Pouye,BENCH,0-12,1,1,0,0,GOLD
2026-06-25,Tima Pouye,BENCH,0-12,0.9,2,1.1,1.1,GOLD
2026-06-27,Tima Pouye,BENCH,0-12,1.2,2,0.8,0.8,GOLD
2026-07-05,Tima Pouye,STARTER,0-12,1.3,0,-1.3,1.3,GOLD
2026-07-08,Tima Pouye,BENCH,12-18,1.1,0,-1.1,1.1,GOLD
2026-07-10,Tima Pouye,BENCH,12-18,1,1,0,0,GOLD
2026-07-12,Tima Pouye,BENCH,12-18,1,2,1,1,GOLD
2026-07-14,Tima Pouye,BENCH,12-18,1,0,-1,1,GOLD
2026-07-17,Tima Pouye,BENCH,0-12,0.7,0,-0.7,0.7,GOLD
2026-07-20,Tima Pouye,BENCH,0-12,0.7,1,0.30000000000000004,0.30000000000000004,GOLD
2026-07-30,Tima Pouye,BENCH,0-12,0.8,1,0.19999999999999996,0.19999999999999996,GOLD
2026-06-20,Quionche Carter,BENCH,0-12,0.8,1,0.19999999999999996,0.19999999999999996,GOLD
2026-06-22,Quionche Carter,BENCH,0-12,0.9,0,-0.9,0.9,GOLD
2026-06-24,Quionche Carter,BENCH,0-12,0.5,0,-0.5,0.5,GOLD
2026-06-27,Quionche Carter,BENCH,0-12,0.5,1,0.5,0.5,GOLD
2026-07-02,Quionche Carter,BENCH,0-12,0.5,1,0.5,0.5,GOLD
2026-06-20,Dominique Malonga,STARTER,18-24,6.6,3,-3.5999999999999996,3.5999999999999996,GOLD
2026-06-22,Dominique Malonga,STARTER,24-30,6.5,12,5.5,5.5,GOLD
2026-06-25,Dominique Malonga,STARTER,24-30,7.7,10,2.3,2.3,GOLD
2026-06-27,Dominique Malonga,STARTER,24-30,8.5,11,2.5,2.5,GOLD
2026-07-02,Dominique Malonga,STARTER,24-30,9,6,-3,3,GOLD
2026-07-04,Dominique Malonga,STARTER,24-30,8.3,5,-3.3000000000000007,3.3000000000000007,GOLD
2026-07-06,Dominique Malonga,STARTER,24-30,8.5,9,0.5,0.5,GOLD
2026-07-09,Dominique Malonga,STARTER,24-30,8.2,9,0.8000000000000007,0.8000000000000007,GOLD
2026-07-12,Dominique Malonga,STARTER,24-30,8.2,15,6.800000000000001,6.800000000000001,GOLD
2026-07-15,Dominique Malonga,STARTER,18-24,8.9,12,3.0999999999999996,3.0999999999999996,GOLD
2026-07-17,Dominique Malonga,STARTER,24-30,9.7,14,4.300000000000001,4.300000000000001,GOLD
2026-07-20,Dominique Malonga,STARTER,24-30,11,9,-2,2,GOLD
2026-07-22,Dominique Malonga,STARTER,24-30,10.9,9,-1.9000000000000004,1.9000000000000004,GOLD
2026-07-25,Dominique Malonga,BENCH,24-30,10.9,13,2.0999999999999996,2.0999999999999996,GOLD
2026-07-31,Dominique Malonga,STARTER,24-30,10.8,13,2.1999999999999993,2.1999999999999993,GOLD
2026-08-03,Dominique Malonga,STARTER,24-30,11,6,-5,5,GOLD
2026-08-05,Dominique Malonga,STARTER,24-30,10,10,0,0,GOLD
2026-08-08,Dominique Malonga,STARTER,24-30,10.1,9,-1.0999999999999996,1.0999999999999996,GOLD
2026-08-10,Dominique Malonga,STARTER,24-30,10.1,10,-0.09999999999999964,0.09999999999999964,GOLD
2026-07-22,Marine Fauthoux,BENCH,0-12,2.4,1,-1.4,1.4,GOLD
2026-07-28,Marine Fauthoux,BENCH,12-18,2.2,3,0.7999999999999998,0.7999999999999998,GOLD
2026-07-30,Marine Fauthoux,BENCH,12-18,2.6,4,1.4,1.4,GOLD
2026-08-01,Marine Fauthoux,BENCH,12-18,3,0,-3,3,GOLD
2026-08-03,Marine Fauthoux,BENCH,12-18,3,4,1,1,GOLD
2026-08-05,Marine Fauthoux,BENCH,12-18,2.4,3,0.6000000000000001,0.6000000000000001,GOLD
2026-08-09,Marine Fauthoux,BENCH,12-18,2.7,3,0.2999999999999998,0.2999999999999998,GOLD
2026-08-11,Marine Fauthoux,BENCH,12-18,2.7,1,-1.7000000000000002,1.7000000000000002,GOLD
2026-06-19,Isabelle Harrison,STARTER,18-24,5.2,6,0.7999999999999998,0.7999999999999998,GOLD
2026-06-22,Isabelle Harrison,STARTER,18-24,5.3,10,4.7,4.7,GOLD
2026-06-25,Isabelle Harrison,STARTER,24-30,6.4,6,-0.40000000000000036,0.40000000000000036,GOLD
2026-06-27,Isabelle Harrison,STARTER,24-30,6.4,7,0.5999999999999996,0.5999999999999996,GOLD
2026-07-05,Isabelle Harrison,STARTER,24-30,6.9,5,-1.9000000000000004,1.9000000000000004,GOLD
2026-07-08,Isabelle Harrison,STARTER,24-30,6.5,8,1.5,1.5,GOLD
2026-07-10,Isabelle Harrison,STARTER,24-30,6.8,8,1.2000000000000002,1.2000000000000002,GOLD
2026-07-12,Isabelle Harrison,STARTER,24-30,6.6,7,0.40000000000000036,0.40000000000000036,GOLD
2026-07-14,Isabelle Harrison,STARTER,24-30,6.7,5,-1.7000000000000002,1.7000000000000002,GOLD
2026-07-17,Isabelle Harrison,STARTER,24-30,6.5,3,-3.5,3.5,GOLD
2026-07-20,Isabelle Harrison,STARTER,24-30,6.1,11,4.9,4.9,GOLD
2026-08-02,Isabelle Harrison,BENCH,18-24,6.7,2,-4.7,4.7,GOLD
2026-08-04,Isabelle Harrison,BENCH,18-24,5.8,0,-5.8,5.8,GOLD
2026-08-06,Isabelle Harrison,BENCH,18-24,4.8,3,-1.7999999999999998,1.7999999999999998,GOLD
2026-08-10,Isabelle Harrison,BENCH,18-24,4.5,3,-1.5,1.5,GOLD
2026-06-25,Temi Fagbenle,BENCH,12-18,4.4,6,1.5999999999999996,1.5999999999999996,GOLD
2026-06-27,Temi Fagbenle,BENCH,18-24,4.9,4,-0.9000000000000004,0.9000000000000004,GOLD
2026-07-17,Temi Fagbenle,BENCH,18-24,4.9,1,-3.9000000000000004,3.9000000000000004,GOLD
2026-07-20,Temi Fagbenle,BENCH,18-24,4.3,2,-2.3,2.3,GOLD
2026-07-28,Temi Fagbenle,STARTER,12-18,3.3,6,2.7,2.7,GOLD
2026-07-30,Temi Fagbenle,STARTER,18-24,3.9,3,-0.8999999999999999,0.8999999999999999,GOLD
2026-08-02,Temi Fagbenle,BENCH,18-24,3.5,6,2.5,2.5,GOLD
2026-08-06,Temi Fagbenle,BENCH,12-18,3.8,0,-3.8,3.8,GOLD
2026-08-10,Temi Fagbenle,BENCH,12-18,3.6,0,-3.6,3.6,GOLD
2026-07-12,Courtney Vandersloot,STARTER,12-18,3,1,-2,2,GOLD
2026-07-15,Courtney Vandersloot,STARTER,18-24,2.6,1,-1.6,1.6,GOLD
2026-07-17,Courtney Vandersloot,STARTER,18-24,2.2,0,-2.2,2.2,GOLD
2026-07-19,Courtney Vandersloot,STARTER,18-24,1.8,1,-0.8,0.8,GOLD
2026-07-22,Courtney Vandersloot,STARTER,18-24,1.5,1,-0.5,0.5,GOLD
2026-07-30,Courtney Vandersloot,STARTER,18-24,1.3,5,3.7,3.7,GOLD
2026-08-01,Courtney Vandersloot,STARTER,18-24,1.8,8,6.2,6.2,GOLD
2026-08-03,Courtney Vandersloot,STARTER,18-24,2.8,5,2.2,2.2,GOLD
2026-08-05,Courtney Vandersloot,STARTER,18-24,3.4,4,0.6000000000000001,0.6000000000000001,GOLD
2026-08-08,Courtney Vandersloot,STARTER,18-24,3.7,3,-0.7000000000000002,0.7000000000000002,GOLD
2026-08-10,Courtney Vandersloot,STARTER,18-24,3.9,0,-3.9,3.9,GOLD
2026-08-03,Ezi Magbegor,STARTER,12-18,3.4,5,1.6,1.6,GOLD
2026-08-05,Ezi Magbegor,STARTER,12-18,4.1,5,0.9000000000000004,0.9000000000000004,GOLD
2026-08-08,Ezi Magbegor,STARTER,12-18,4,3,-1,1,GOLD
2026-08-10,Ezi Magbegor,STARTER,12-18,3.8,4,0.20000000000000018,0.20000000000000018,GOLD
2026-07-22,Dorka Juhasz,BENCH,18-24,4.4,2,-2.4000000000000004,2.4000000000000004,GOLD
2026-07-28,Dorka Juhasz,BENCH,18-24,4,1,-3,3,GOLD
2026-07-30,Dorka Juhasz,BENCH,12-18,3.2,5,1.7999999999999998,1.7999999999999998,GOLD
2026-08-02,Dorka Juhasz,BENCH,18-24,3.5,1,-2.5,2.5,GOLD
2026-08-06,Dorka Juhasz,BENCH,12-18,2.9,0,-2.9,2.9,GOLD
2026-08-08,Dorka Juhasz,BENCH,12-18,2.3,1,-1.2999999999999998,1.2999999999999998,GOLD
2026-08-09,Dorka Juhasz,BENCH,12-18,2.1,0,-2.1,2.1,GOLD
2026-07-29,Sami Whitcomb,BENCH,12-18,2.4,1,-1.4,1.4,GOLD
2026-08-01,Sami Whitcomb,BENCH,12-18,1.9,0,-1.9,1.9,GOLD
2026-08-03,Sami Whitcomb,BENCH,12-18,1.5,1,-0.5,0.5,GOLD
2026-08-05,Sami Whitcomb,BENCH,12-18,1.4,1,-0.3999999999999999,0.3999999999999999,GOLD
2026-08-07,Sami Whitcomb,BENCH,12-18,1.4,1,-0.3999999999999999,0.3999999999999999,GOLD
2026-08-09,Sami Whitcomb,BENCH,12-18,1.1,1,-0.10000000000000009,0.10000000000000009,GOLD
2026-08-11,Sami Whitcomb,STARTER,12-18,1.1,4,2.9,2.9,GOLD
2026-08-09,Justine Pissott,BENCH,0-12,1,3,2,2,GOLD
2026-08-01,Dana Evans,BENCH,12-18,1.6,3,1.4,1.4,GOLD
2026-08-03,Dana Evans,BENCH,12-18,1.8,0,-1.8,1.8,GOLD
2026-08-06,Dana Evans,BENCH,12-18,1.5,1,-0.5,0.5,GOLD
2026-08-08,Dana Evans,BENCH,12-18,1.4,5,3.6,3.6,GOLD
2026-08-09,Dana Evans,STARTER,12-18,2,1,-1,1,GOLD
2026-08-05,Brionna Jones,BENCH,12-18,7.3,4,-3.3,3.3,GOLD
2026-08-07,Brionna Jones,BENCH,18-24,6.6,7,0.40000000000000036,0.40000000000000036,GOLD
2026-08-10,Brionna Jones,BENCH,18-24,6.2,3,-3.2,3.2,GOLD
2026-08-05,Jaylyn Sherrod,BENCH,0-12,0.6,2,1.4,1.4,GOLD
2026-08-07,Jaylyn Sherrod,BENCH,0-12,0.9,0,-0.9,0.9,GOLD
2026-08-10,Jaylyn Sherrod,BENCH,0-12,0.8,0,-0.8,0.8,GOLD
2026-08-08,Napheesa Collier,STARTER,24-30,7.7,6,-1.7000000000000002,1.7000000000000002,GOLD
2026-08-09,Napheesa Collier,STARTER,24-30,7.1,8,0.9000000000000004,0.9000000000000004,GOLD
2026-08-10,DiJonai Carrington,BENCH,12-18,2.2,6,3.8,3.8,GOLD